id,first_name,last_name,email,gender,ip_address,phone,birth_date,created_at,updated_at
a8ab3ca5-2c9f-4f18-8735-d9a5106d0932,dstode0,Stode,astode0@hibu.com,Genderqueer,d822:7412:5b12:a80a:beb4:266c:e6b2:9134,536-502-7731,2019-03-29,2025-12-16,2026-12-23
d1127214-1112-415f-a73a-2845b57340c8,jdowle1,Dowle,hdowle1@yahoo.co.jp,Female,9714:eb5a:f21f:b705:9aa7:4706:641:3385,186-474-9350,2026-02-27,2025-07-19,2025-08-15
562a3725-22a2-404e-b9ad-a7f394761730,ksaller2,Saller,msaller2@washington.edu,Female,bfc7:ea73:3e31:6cf8:7ee0:24c2:abf6:a0bd,376-115-9667,2019-11-03,2025-08-30,2025-09-14
f1d267a2-1c48-40ab-add4-60a8f5217174,kpaull3,Paull,vpaull3@vistaprint.com,Female,978b:4065:8782:7d5b:c41e:ae3d:9208:9dc,448-172-0888,2007-04-14,2025-06-03,2025-10-23
11dcfc97-5924-47c6-9f76-7abfb50c36d5,khaydock4,Haydock,lhaydock4@bbc.co.uk,Female,72cd:bfc0:690e:1ecc:4575:8f7f:ea08:797d,641-460-2035,1988-03-23,2026-05-24,2026-01-11
8f9d9060-5a0b-44ea-a7a7-3a41ce813cba,dtroyes5,Troyes,etroyes5@ocn.ne.jp,Male,83c2:7854:2e6a:be10:900d:fe43:5682:6a22,802-360-6108,2010-03-14,2026-03-15,2026-01-27
808c4c0d-e45d-465e-bcf7-53546bc50bed,fduignan6,Duignan,bduignan6@ted.com,Female,deae:dde7:d792:1656:14ef:16f6:d01d:c36f,585-513-5885,2003-06-12,2026-04-12,2026-05-13
39713c60-71e4-4acf-859a-5aab7035e4c2,stalbot7,Talbot,ntalbot7@cam.ac.uk,Female,25ec:2637:c527:3d9a:27be:7005:cb4f:f61c,932-865-9698,1985-05-10,2025-09-12,2026-08-22
80f5025d-21a2-41f1-b4cb-b7d7485b1855,cklein8,Klein,rklein8@yahoo.com,Female,ccdf:b73a:c818:a354:7f93:77b2:6931:589f,345-761-1764,1992-03-13,2026-04-25,2025-12-08
1ffed9ca-1fbf-4fa8-99a5-e5fb5f42fcb5,amclernon9,McLernon,jmclernon9@pagesperso-orange.fr,Male,edc9:8800:6c66:c077:bd4f:73c5:d102:d909,854-222-0938,2015-07-01,2025-06-03,2026-10-10
4a297416-86ef-4d8a-9909-18f6c23e8cc1,csollowayea,Sollowaye,rsollowayea@mlb.com,Female,8cfe:398a:7983:f227:a3d6:eef7:48ef:33b8,393-212-7980,1987-05-08,2025-12-31,2025-08-01
723e65c1-6ccf-40b3-8d8f-8e427fbd9752,pmoulsdaleb,Moulsdale,cmoulsdaleb@e-recht24.de,Female,9cac:8b73:5360:c3b8:dc49:d63f:edd2:53b2,423-539-2009,2014-11-15,2025-07-01,2026-09-05
1fe102f0-cebf-4d57-8b77-d1be0d74eff8,ewickendenc,Wickenden,cwickendenc@google.fr,Male,2e16:b504:41cb:db30:7b82:a9f4:606f:1dc5,750-514-2643,2008-02-29,2025-11-30,2025-09-10
a9cf85d0-76e3-4c64-a370-8d5cd6353696,emegarryd,Megarry,umegarryd@oracle.com,Male,a16a:4eb6:e597:1297:d112:7533:1298:11f7,153-964-2506,2009-09-27,2025-10-10,2026-03-31
9504eaf4-8b68-452f-8464-423a3dc5a274,dautrye,Autry,bautrye@cpanel.net,Male,967c:aac5:b21c:20ca:7aa0:8ddc:f2ce:dd04,597-808-5296,1982-06-29,2026-03-21,2025-09-17
65e078f2-f595-44ca-949a-c855bfbda01a,chuckf,Huck,bhuckf@spiegel.de,Agender,e794:6203:868e:9142:ca2e:8cd3:388d:ad27,893-505-9386,2015-07-02,2025-10-28,2026-02-04
3910e8a6-2d64-4dd4-bac7-ea292927e481,jkennellyg,Kennelly,ckennellyg@ted.com,Genderfluid,faa8:11bc:b2e8:a0fd:7c33:fa80:30c8:43c2,485-822-4390,2020-05-15,2026-01-07,2025-09-27
0e5f8395-b4f2-4d4a-b76b-ee5ada883e84,mwenth,Went,awenth@dion.ne.jp,Male,ad23:c087:6ee1:9799:a466:b792:3a04:e638,364-731-5546,2009-06-01,2026-02-02,2025-08-08
2584f5fd-f075-40a5-8a25-50d2e4db6a04,zmccereryi,McCerery,lmccereryi@harvard.edu,Female,141e:b2b7:49c0:9b83:28c7:9d92:343:6965,880-219-2943,1996-06-06,2026-01-08,2025-08-12
9c1c44b2-49f2-47d6-9225-ecd4d8fd7523,kkrollej,Krolle,gkrollej@mit.edu,Male,a808:ede0:a9bc:f25c:71dc:c161:9b6:a9d4,120-824-0634,1994-09-25,2025-08-15,2026-01-06
bedcf742-787a-4e16-9091-ed927cb97ac7,amarkwelleyk,Markwelley,jmarkwelleyk@nhs.uk,Polygender,8136:242b:c1ee:d349:7648:9df1:fb14:b593,554-225-0563,1993-02-22,2025-12-30,2025-08-14
c5afc934-23a7-4df4-b28c-5e4c4bcbe178,ccorrieal,Corriea,hcorrieal@icio.us,Bigender,1c62:81c2:d678:7940:9ff9:7fbd:449:ca82,609-267-3034,2002-12-07,2025-08-07,2025-08-08
b45f35ab-cf4a-4512-87af-8f2ae8d96946,leccersleym,Eccersley,jeccersleym@prweb.com,Female,dc9f:d632:ef25:5137:8815:70a0:3da3:2f92,645-276-7584,1991-06-27,2026-03-21,2025-09-14
df6d704c-5446-42ef-8d92-6ecf38f7adf8,aammern,Ammer,cammern@spotify.com,Female,571d:1015:a597:799f:8df1:e375:6a3f:7be9,621-489-5268,1993-05-28,2025-10-26,2026-07-23
368b568d-2705-4ff9-a79e-f39dc763da2d,iardeno,Arden,cardeno@cisco.com,Male,494d:e706:8fc3:6b1d:a57:9bff:3c76:fa77,246-860-1547,2025-10-14,2026-03-27,2025-07-22
2909fe15-9b94-40fb-96bb-a6672a3d667e,bzuponep,Zupone,czuponep@sina.com.cn,Male,7835:349:9fae:7ced:7d38:91d7:f76c:e2b3,277-244-3052,1994-11-13,2025-09-02,2025-10-28
f912c9a7-c5d1-407e-84ee-88fa7094e065,rmchardyq,McHardy,amchardyq@wired.com,Female,5bb1:bf8a:6e36:52d7:6d90:2830:6778:ab06,114-236-7960,2023-08-31,2025-07-14,2026-03-26
a5a61a9f-2d8d-4c66-a969-2efe4d3e3da8,jdabnerr,Dabner,mdabnerr@posterous.com,Female,cd4f:ac24:5529:5a57:93c9:1f7:60b0:b50a,945-554-9983,1988-12-04,2025-07-07,2026-03-09
9c7b866b-bc8e-4bc9-9d01-713a3c2b044b,bmcgrays,McGray,kmcgrays@seattletimes.com,Male,a8e5:ca2b:aef7:fd44:1dbf:3b0f:74f8:860,465-418-9531,1988-02-19,2026-03-26,2026-10-15
0cdba7bd-7eac-4228-9ea9-8e90b653d9f4,kducroet,Ducroe,rducroet@opensource.org,Female,8a06:d6cb:4b2:ca92:acfe:b86e:a1ae:e941,595-604-3479,1986-01-13,2026-02-15,2025-06-13
3d387f1c-e595-4d6d-b84e-d29d123cbb70,smerneru,Merner,emerneru@51.la,Male,634a:54bb:d9a4:b318:94f1:5725:b1f6:d9e0,135-426-4010,2021-03-15,2026-01-13,2026-12-09
776fe75e-2039-428f-bc5c-c76c7125360f,aseakinv,Seakin,sseakinv@free.fr,Male,654c:d03e:f194:367f:76bf:15ec:bb26:eb43,779-506-2931,1997-01-14,2026-03-01,2026-11-09
730bcf09-cdff-4853-9362-baca039c5a42,kthurloww,Thurlow,ithurloww@wsj.com,Female,d53d:63d7:44c9:25cd:920c:ad2:1538:146a,909-431-7674,1999-01-04,2025-06-19,2025-08-15
b6359b56-aae0-41f4-a0e8-f5ea40feb436,klestrangex,Lestrange,llestrangex@vk.com,Female,c280:3152:76e8:8fdb:3934:78a3:760d:285f,562-964-8656,2004-08-04,2025-07-30,2026-01-24
5de4195f-68cc-42c4-a06c-2ba724f4936d,mmatasy,Matas,dmatasy@forbes.com,Female,8eb8:c609:e4e7:a4df:120c:15da:ab10:7bb7,925-680-6939,1984-12-11,2025-10-17,2026-07-14
0180a7e4-65f7-4eb6-81d2-8137f077fe60,ayausz,Yaus,vyausz@1688.com,Male,3dd4:7832:ecf6:b730:6725:8a7b:219e:4a53,759-832-7939,2010-07-02,2026-03-18,2025-12-25
13334c9f-6496-495b-a7f6-3cf273031bed,jandryushin10,Andryushin,aandryushin10@hc360.com,Genderqueer,2a4d:49f3:26c0:da56:c0fe:346d:16c3:806a,502-202-8365,2017-01-06,2025-09-12,2026-09-05
7817d1a9-99d6-4951-b6f0-4c62491b61ff,bheart11,Heart,kheart11@techcrunch.com,Female,283b:210a:4fa4:5595:710d:cd8a:a244:34ce,556-409-0201,2016-02-21,2025-12-10,2025-11-24
176185e0-aca8-487c-8f45-4acaddffab52,fleacy12,Leacy,nleacy12@freewebs.com,Bigender,87d2:3873:812a:eee3:473:2090:c923:4ebc,680-728-1204,1997-10-07,2026-05-15,2026-06-06
c936bfc2-a981-41b5-adb9-9321695fab85,eparsall13,Parsall,bparsall13@berkeley.edu,Non-binary,daea:3144:80c3:85ec:a507:65c3:113d:348d,294-278-7400,1985-01-05,2025-06-07,2026-02-28
92c17b28-f3b5-4fb4-9eaf-3efebaa28a34,mmarquese14,Marquese,amarquese14@hud.gov,Female,dee3:3dae:1a9c:6e71:d329:ccc7:5f86:716,911-651-3723,1987-08-03,2026-05-23,2026-05-26
37036ae1-8f04-476e-b092-5129643df962,mpelzer15,Pelzer,bpelzer15@bbb.org,Female,a993:790d:1665:4072:e48a:1870:94d5:e402,462-275-5724,2007-04-26,2025-08-23,2026-08-02
3a5d39c0-a6c5-4063-85ab-a8a79e1c3260,cserjent16,Serjent,rserjent16@alibaba.com,Male,61f2:9d0a:661b:68da:108d:bd62:e917:8a4c,254-609-2713,2016-07-28,2025-10-02,2025-10-26
53e6f1f6-6d11-4381-8bb4-b7a4dd8c5aa0,kodgers17,Odgers,lodgers17@topsy.com,Male,ffec:f8e0:7868:adeb:7975:e1cf:23d4:2f2d,726-705-6877,2024-11-14,2025-12-18,2026-11-15
1be1a7b2-5648-496b-8ef4-192de32fa04f,avannah18,Vannah,cvannah18@storify.com,Male,99f:7c8f:9901:588b:f20d:16ce:5b45:f39b,358-729-0280,2011-06-15,2026-04-07,2026-01-15
459060c0-cd10-42f0-a33d-d1c6640131eb,dbroxholme19,Broxholme,sbroxholme19@independent.co.uk,Bigender,7968:d855:788b:f12f:e4aa:7d04:2fb5:7162,672-728-9754,2010-07-21,2026-01-17,2026-12-27
72e74497-b860-42e8-a7bf-9181d8830291,cquernel1a,Quernel,zquernel1a@godaddy.com,Genderfluid,78ac:8757:3d1f:484e:3605:bb96:9d33:ede3,738-244-6250,2023-08-21,2025-09-25,2026-01-20
989d7c96-7094-4db2-b0e0-d1296dfc75ff,jwiggett1b,Wiggett,pwiggett1b@npr.org,Female,d1ee:1f70:3967:b8a:4216:71d2:9101:fcfe,602-565-1491,2025-10-15,2025-08-22,2025-09-14
cdaeed71-8cc0-415f-b265-86404e2a3120,jpont1c,Pont,apont1c@dagondesign.com,Male,ce78:ed55:7dde:2c14:27f6:d686:b976:15e3,431-248-3676,1991-05-03,2026-05-27,2025-09-25
2bcb1777-49b8-4484-bf8a-dccff6f4a48e,rboow1d,Boow,aboow1d@multiply.com,Male,d639:322:5288:532e:2e47:e3b9:dbfa:81d3,140-564-5725,2002-05-13,2026-03-02,2026-05-13
65cfc2e2-5b61-4b22-a205-092d2c9466e8,mshute1e,Shute,jshute1e@dell.com,Female,5e28:f3ad:e46d:fc1e:7f34:d163:96c7:b4b8,719-883-5828,2008-10-03,2025-10-29,2026-12-29
d9e8d177-b88f-4b41-aa7e-d09f412677ee,dkendred1f,Kendred,ckendred1f@ocn.ne.jp,Polygender,3a5d:2266:6000:59c5:add5:136d:c7fb:17ee,495-641-2459,2001-10-19,2025-12-29,2026-03-16
38d4ada2-45a7-45bb-a333-12dc53700a2e,ecater1g,Cater,gcater1g@forbes.com,Male,694a:712b:aa5b:25b4:d51b:6fe3:86a7:909b,244-390-5920,2011-10-10,2026-02-24,2025-10-13
cff24dab-0bf5-427f-a217-15e1d22a86f2,wconsadine1h,Consadine,mconsadine1h@bloomberg.com,Female,9373:c921:f434:e97d:f40d:e920:22f6:794b,805-246-0823,2018-10-19,2025-10-15,2026-08-20
f5a42ef2-5b65-42ca-b0b0-82bcd41655c5,bberisford1i,Berisford,bberisford1i@mapquest.com,Genderqueer,2fab:4777:2a21:443f:f938:a294:ea93:ae35,372-532-5570,2005-06-09,2026-01-02,2025-11-16
f291bad1-8369-407c-882e-3ae1e9f3769b,lhacker1j,Hacker,rhacker1j@arstechnica.com,Non-binary,1d6e:4f5d:9bc9:da15:c1d2:a7fc:256e:9d85,140-804-7946,2014-04-28,2026-01-25,2026-10-19
e8322e41-fd75-4f1c-a516-98d4013ade99,aeastes1k,Eastes,leastes1k@time.com,Female,ac2:c62e:3185:eab4:46ba:d6c0:c65e:64f1,611-113-4963,2018-10-31,2025-07-15,2026-05-21
a1104b77-848b-430a-a181-6f8f1ae226d4,dchingedehals1l,Chinge de Hals,cchingedehals1l@github.com,Genderfluid,efb3:7104:7755:35d5:3606:5020:66f1:83c,232-533-2536,2019-04-02,2025-10-08,2026-01-31
be98bebe-1cac-40c1-b7c6-4682404f20b0,manfonsi1m,Anfonsi,manfonsi1m@ucsd.edu,Polygender,75c9:628f:3b31:ca3a:d481:12c:eb43:6513,266-458-7291,2014-01-30,2026-01-18,2026-03-20
8745462f-127f-413b-a494-066662219c16,ddimblebee1n,Dimblebee,tdimblebee1n@freewebs.com,Male,8b5e:684:e087:aa1b:91f5:c5dd:f610:e568,444-802-3900,2004-04-07,2025-12-17,2026-07-06
14175cab-7828-458b-8d9a-09b472b48572,portelt1o,Ortelt,bortelt1o@patch.com,Male,9d9a:cc4c:de89:83fa:78be:3cd3:8b0d:4d43,862-645-1956,1999-07-10,2026-05-04,2026-07-17
ee60e3ae-ee0f-431f-b83d-30a98d8b61d8,lelleray1p,Elleray,eelleray1p@is.gd,Female,1d6b:9a63:ed65:1ee6:2dcf:1ee6:5be1:2ed5,158-597-5920,2006-06-01,2025-10-04,2025-08-24
200cc58d-c920-4e58-90d3-02984e49b673,bcurrm1q,Currm,bcurrm1q@zdnet.com,Male,e441:9ead:55df:388e:eb58:6758:b909:e82a,336-577-1936,2023-03-02,2025-10-19,2025-06-29
8a835cf7-e33c-46f5-ae49-58a86883e6c8,ebalnave1r,Balnave,abalnave1r@artisteer.com,Male,57d8:83bf:928f:b31d:4019:11fe:78e5:1840,835-866-9771,1988-11-01,2026-05-24,2026-08-22
2f83230e-6855-44bd-a6dc-edbac07ddeda,tmeecher1s,Meecher,lmeecher1s@umn.edu,Male,8340:8f22:f404:1e14:d891:6d25:9959:cb1d,664-994-8017,1983-08-22,2026-05-02,2025-11-29
fd00397a-64fb-4483-9bfc-99857f1d9097,rminerdo1t,Minerdo,eminerdo1t@mac.com,Genderqueer,1e63:f5e:98c4:d31c:475b:c8d9:5573:7ef2,460-467-3862,1997-12-16,2026-04-14,2026-11-30
552471ca-cf7a-4cf1-8967-76a30724ca0e,dvousden1u,Vousden,svousden1u@ifeng.com,Female,5055:34ac:20e8:b228:ca6c:ea4e:bf81:70b6,192-881-7770,1994-02-20,2025-11-13,2025-10-28
e2d085b7-0623-43e0-9404-65cc5ef730d7,bcondie1v,Condie,dcondie1v@ft.com,Polygender,a180:8a32:c51b:4499:24f6:e661:8e9e:ae25,397-616-2283,1981-01-15,2025-12-15,2025-10-02
b729ab88-0d32-451d-9cfd-bfcaa595f741,eknewstubb1w,Knewstubb,dknewstubb1w@google.co.uk,Male,fd88:c44a:9af0:2bbe:c147:58d7:d1ba:526e,691-810-9198,1999-11-11,2025-10-15,2026-08-25
43ef625f-9ef2-4db8-84f4-b43ec5cd8b81,amurray1x,Murray,jmurray1x@weebly.com,Male,e37c:90e9:98fa:22a2:a601:6cd3:4be:da10,117-848-1451,2009-02-10,2026-05-05,2026-11-05
bc0d1466-db90-4b56-a90b-e0d306dc067e,bcenter1y,Center,dcenter1y@aboutads.info,Female,85cd:e832:f39a:bdb:de3b:2651:2c3a:7a47,133-157-3045,1986-02-08,2026-04-10,2026-11-05
5d3c5a93-f1f5-4447-a313-4e99ef3726ec,vcrofthwaite1z,Crofthwaite,icrofthwaite1z@google.ca,Female,7a8c:2399:b6cf:4b13:600a:931d:190d:4cab,219-119-4495,2014-11-05,2025-10-18,2026-01-19
91785f35-a065-4cd8-bee7-08acfb6c5777,bartist20,Artist,bartist20@columbia.edu,Male,2390:f388:fd5e:d4a2:cb22:e12e:9580:aaf,636-204-9076,1987-09-21,2026-02-13,2026-09-16
3c90b857-ccc9-49d7-b001-1ee722116db9,tgabby21,Gabby,egabby21@youtube.com,Male,947:6ec:63fc:c962:df93:5275:69f9:9aab,245-548-0447,2004-12-21,2025-11-05,2026-11-13
71445791-7a65-407a-ad9b-c9caca8a405d,jsuero22,Suero,msuero22@squarespace.com,Female,960:6a6:b2b4:5351:7e34:30c:179d:a8ac,741-382-3596,2000-07-24,2025-11-30,2025-12-13
d368d088-f6af-4251-a945-7cdbd48d1e4e,brutherfoord23,Rutherfoord,lrutherfoord23@google.com.hk,Male,a1d3:1f43:39bd:dcfd:3eef:10ae:a651:3fb,773-330-3626,2015-09-11,2025-11-17,2026-10-08
1d319726-b5e7-403b-affb-193ae332ca9a,afrostdyke24,Frostdyke,cfrostdyke24@springer.com,Male,5329:22cc:2dce:3424:d677:ed2c:3c85:1ef0,798-760-7291,2015-02-23,2026-02-28,2026-11-07
6778f5d3-b214-4829-b886-58c63d11377c,blambdean25,Lambdean,alambdean25@scientificamerican.com,Male,a80d:12f6:e514:c9f:d4e6:a32d:79e9:30ce,247-342-1324,2023-05-29,2025-07-04,2026-04-06
38fc0357-12c9-4a39-8705-69829cd6427b,djeffry26,Jeffry,bjeffry26@istockphoto.com,Male,433:8512:ae84:eea8:906b:20bb:6b0c:7403,953-400-7336,2003-12-03,2025-08-30,2025-06-13
e779cf6b-bf45-48cd-b8a9-8a558ced55c8,wmoakler27,Moakler,cmoakler27@imageshack.us,Agender,e495:a652:4fc5:bba4:40fe:fe14:eb3a:d691,962-404-9596,2005-02-05,2026-01-17,2025-08-06
4f0973f8-f805-48a8-be58-f1780c700ff3,lphilipsson28,Philipsson,zphilipsson28@soup.io,Female,2d07:7452:b803:ce5:4627:fa0b:98c6:dae7,123-846-1689,2016-06-29,2026-05-05,2026-06-29
277e53b5-27ac-4d11-8d2d-043dcb83bbdc,ahuison29,Huison,dhuison29@deviantart.com,Female,938f:77fa:4c72:cf96:c367:6a96:8d60:e9d7,871-297-5544,2017-04-12,2025-07-20,2026-12-22
62b062a4-1348-444a-8c6d-f448fead31fe,rmadison2a,Madison,dmadison2a@zimbio.com,Male,2d75:21ff:1059:27cd:5649:8c14:4075:263,383-175-7686,2008-01-21,2025-07-17,2025-07-27
a0b255fb-9051-40e4-8896-1c3a751d5215,cdarwent2b,Darwent,sdarwent2b@tuttocitta.it,Male,a7a5:d47e:33e5:419c:cfba:eb2a:366f:4fc6,668-964-5128,1997-07-29,2025-07-25,2025-06-06
4d3eb245-1649-44e4-97a3-21b48e82762f,dpaslow2c,Paslow,cpaslow2c@psu.edu,Female,dfaf:6a18:2bee:5e4b:e018:35:25eb:f3d1,534-514-1019,1996-02-26,2025-11-27,2026-06-07
a1c5154d-9870-406d-9289-5811eb9a3697,mpool2d,Pool,lpool2d@zimbio.com,Female,769c:c643:ee15:930c:67c7:35e5:a961:537c,472-155-7871,2016-07-29,2025-10-31,2026-09-20
c659f0dc-514e-468f-844c-a009202a250e,ymacnulty2e,MacNulty,dmacnulty2e@pagesperso-orange.fr,Female,2abd:e7b5:e411:e4e1:1918:7e0f:3656:fefa,594-645-9460,1991-11-09,2025-08-18,2025-12-09
a8ab743a-a879-4f03-8f18-9bf67b598030,cbick2f,Bick,ybick2f@photobucket.com,Male,ac81:fe8:774a:800b:9b8c:dbd1:3876:1001,476-534-2116,2023-06-01,2026-04-14,2025-06-09
85ab6e5f-085f-493b-bd36-fea6a408a322,lkivits2g,Kivits,dkivits2g@issuu.com,Male,e224:15dc:fc03:f58d:bb71:b92b:89b7:1794,317-354-5929,2024-11-04,2025-10-10,2026-10-16
0e8918a1-6a55-4baa-9030-1a34f3271e31,jlandsbury2h,Landsbury,alandsbury2h@liveinternet.ru,Female,92bf:646f:dc46:7302:6eea:b7d:7a57:81e8,383-114-4928,2020-01-16,2025-11-02,2025-08-20
cf028c40-e062-41de-b8c2-cfc36f15115e,acorley2i,Corley,vcorley2i@biglobe.ne.jp,Male,3aa0:bc6e:9a81:4096:a6e8:6fe9:657:6233,113-512-8987,2017-12-14,2025-09-11,2026-08-16
4a2c242d-942e-4ac6-b7b4-b40af6144c1d,ocadogan2j,Cadogan,mcadogan2j@upenn.edu,Genderqueer,e895:a179:4f35:802f:3ac1:651e:bb7b:c8b6,217-148-5633,2020-08-05,2026-02-21,2025-10-02
e650fe3c-756a-428d-85e9-ec5353ca9e4d,dpote2k,Pote,gpote2k@woothemes.com,Female,5be1:6686:8e8e:3e38:205c:de70:2c24:fd43,534-336-1270,2001-10-18,2025-09-22,2025-09-17
7d2496b4-118b-4443-8fc0-40f904b4d93d,aitzkovich2l,Itzkovich,mitzkovich2l@google.com.br,Female,f63d:42b2:4242:4940:806d:d0cb:35b8:1ad7,144-678-7858,1984-07-17,2025-06-20,2026-04-01
b65d9463-d530-4264-9b13-6fc0bf2b0193,wielden2m,Ielden,dielden2m@japanpost.jp,Male,714:e87c:1824:24dd:9af:aa95:a026:2e07,787-946-3419,1984-04-11,2025-10-10,2026-12-08
8baba559-9be2-4500-8fe2-d722646ee7e9,jbruni2n,Bruni,abruni2n@timesonline.co.uk,Female,9108:e3fd:f984:ab3b:4fb2:b3aa:5fe8:e444,214-989-1486,2010-05-18,2026-05-11,2026-01-02
23c853d0-2b13-42d0-ac61-52a1a3651481,wflory2o,Flory,tflory2o@washington.edu,Agender,1d08:ebe4:2654:1b78:8fc:6226:38e4:2dc9,533-724-8688,2007-12-20,2025-10-18,2026-10-24
680f075d-fabf-425b-b3f9-dc619af12e73,aarrighini2p,Arrighini,carrighini2p@huffingtonpost.com,Male,8666:b06:f440:4bd:f05f:3839:149a:bae5,382-139-8786,1998-10-17,2026-02-01,2025-09-28
e3feaf35-80db-43c2-b520-3313a18b6aa0,wfigurski2q,Figurski,bfigurski2q@soundcloud.com,Female,63f:9e65:9a3c:8c90:5420:43a2:9693:949,891-461-8730,2025-09-22,2026-02-11,2025-08-29
2c0d249d-07a0-4807-bdb6-b1a155d4e4f2,irandales2r,Randales,brandales2r@furl.net,Female,a079:56ea:eead:9f62:16de:6c9b:9626:89f4,558-650-5830,2010-12-28,2026-01-18,2026-04-30
317bc2ea-4451-405c-add0-9da971fc1c7b,bmcgrail2s,McGrail,cmcgrail2s@salon.com,Female,95b0:8469:3afc:f276:d0db:9c49:c5dd:b3e2,941-790-3534,1984-07-21,2026-05-01,2026-09-08
cefbbf8c-a3ad-4b03-b259-0b730f8fc15d,lgreatex2t,Greatex,agreatex2t@yelp.com,Female,e52b:c51c:4c87:9f59:d6cf:9326:4c0a:4fd4,311-333-5242,2003-08-14,2025-07-08,2026-07-14
7e0b26e2-9cd3-4040-a7e2-0795794e9264,jcrombie2u,Crombie,icrombie2u@vinaora.com,Female,a211:d48c:9f9:ebf0:22d3:fd4f:de70:17bc,716-419-5959,2012-04-05,2026-01-29,2026-01-19
68159a6d-639d-46b5-a496-22a5571dfaf3,tshelly2v,Shelly,oshelly2v@rediff.com,Female,3948:c741:f799:7501:5179:9413:822a:cbf0,779-648-6749,2009-01-27,2025-09-23,2025-07-07
0f6fa797-0068-48f1-90ac-5e795162da72,gwinslow2w,Winslow,cwinslow2w@chronoengine.com,Female,b124:bb7d:fb7f:30fc:698a:4f5:6ed0:315,423-520-3812,2001-04-03,2025-09-05,2026-04-10
b21f57f5-7d99-4306-9392-db42564e988e,jcoaten2x,Coaten,gcoaten2x@hud.gov,Male,d9ae:23ce:7e4b:d290:3662:fde0:1ebf:aca3,347-673-0514,1984-10-26,2026-05-15,2026-07-03
b82ffe8a-d43d-4a52-99dd-e826e0b7b2ee,ssarch2y,Sarch,lsarch2y@ibm.com,Female,4cc6:7fb9:a52b:ce55:cfa7:e42:7732:d692,153-288-5342,2022-07-03,2025-11-16,2026-03-29
5b8ec988-6dbf-4266-bade-5831fb506813,nfritschel2z,Fritschel,dfritschel2z@archive.org,Male,db07:b9c8:6a65:ed64:9736:ca5d:1481:4090,131-630-3280,2006-06-11,2025-10-07,2026-03-30
74b39f16-b4dc-4a38-92bd-43b06b9fa850,dpleasants30,Pleasants,rpleasants30@bizjournals.com,Male,ed85:9e28:f841:c3c3:12ce:be4c:a5ec:14b0,495-921-1883,2023-03-31,2026-01-01,2025-08-03
3343a799-c37b-4685-a668-472c16c435a1,tcranfield31,Cranfield,kcranfield31@pen.io,Male,2338:30d5:73a5:fd9f:4a43:40ce:482d:f044,130-411-7776,1989-08-19,2026-05-01,2025-12-19
d6085e17-5fcb-4042-9d17-2b52eae13df0,efrancescuccio32,Francescuccio,tfrancescuccio32@patch.com,Female,fed8:ae1d:3bbf:939c:666b:e053:303f:6b6f,535-263-6235,2013-03-24,2026-05-27,2026-03-12
149aa5b8-2582-44ff-a068-213e88cd8639,ckimmerling33,Kimmerling,skimmerling33@sakura.ne.jp,Male,e093:e487:46a2:6283:6bd:7a59:2b92:f4f2,102-278-9152,1995-10-26,2026-05-21,2025-09-14
229f961f-0168-45ba-a5fd-bacf411880cd,jhemerijk34,Hemerijk,themerijk34@google.ru,Male,8b4:34c7:8b2f:8c5f:87f1:cb11:9aee:c90c,871-182-3955,2018-03-25,2026-02-26,2025-07-20
b5087daf-3e86-4cb7-887a-7889d3754d90,rgorelli35,Gorelli,fgorelli35@nydailynews.com,Male,fa4c:80a7:ca13:c5f6:d700:2ba2:721c:9980,587-307-9391,1992-04-24,2026-03-01,2025-10-31
de435357-020e-4e91-bd77-fff47ceafa87,ifarlambe36,Farlambe,kfarlambe36@bloglovin.com,Male,738b:5604:bf02:5123:573f:7a43:f0b4:2a92,456-845-5130,1999-03-23,2025-06-04,2025-12-24
b636ca2a-29d3-4433-829a-609b93e685f8,ldregan37,Dregan,adregan37@google.com.br,Female,5bc3:d1b5:46ef:aff5:8bd2:19ed:29d5:74df,976-352-2097,2023-05-05,2026-01-01,2026-11-08
a173b17d-6ba7-4c7b-8386-0a719ec57f63,bmcduffy38,McDuffy,smcduffy38@rediff.com,Male,9024:e7c9:d093:8cbd:ede7:4f34:cd45:8bbb,825-871-5241,2011-07-24,2026-04-25,2026-07-10
0d788556-dadd-4f12-b754-4d1e258be91d,llabarre39,Labarre,plabarre39@e-recht24.de,Male,ea5c:d64e:650d:fd80:95c4:fad6:4cb8:a44a,215-400-4648,1994-05-14,2025-12-03,2025-08-01
8065c64b-3226-496c-aa09-52432a0eba96,astearn3a,Stearn,sstearn3a@aol.com,Female,9e9d:dd77:fae3:1488:ee77:646d:fff2:d4d9,703-538-0000,1993-11-08,2025-06-09,2026-09-24
502baa09-8370-4053-8d73-ef375b981d94,sdillistone3b,Dillistone,mdillistone3b@msu.edu,Male,c7d2:6220:be78:61f7:6f11:e464:955b:5c3c,668-403-4115,2013-05-16,2026-01-17,2026-07-27
8ed1afe0-21ec-41d6-8b62-535aa9a60da4,bferrolli3c,Ferrolli,cferrolli3c@dailymail.co.uk,Female,d2fd:46b8:9470:7cea:6705:e144:9b80:98c4,418-961-9975,2015-08-19,2026-05-27,2026-01-22
63e6cbf4-f481-4c16-88d2-bd12b523c033,gnaper3d,Naper,onaper3d@smugmug.com,Male,b334:b1fc:d790:5184:9a21:457c:ca63:eee2,388-208-8619,2015-01-06,2025-11-29,2026-08-05
70a6e763-7596-4ff3-aafa-b48f82dbd2a3,nsaer3e,Saer,asaer3e@seesaa.net,Female,9216:4ce6:5a77:79e6:3023:b45:c049:4a37,779-782-8985,2000-05-02,2025-07-03,2026-04-01
18f21457-628d-4e20-a67d-f3681001550b,psandwich3f,Sandwich,hsandwich3f@indiatimes.com,Female,302b:cead:5729:d515:50cf:844d:14f5:c7db,176-723-6870,1997-12-18,2026-03-06,2025-09-04
6c4fe172-d390-41ae-acdc-5c76fa4b6a57,rcumbers3g,Cumbers,mcumbers3g@discovery.com,Male,e93a:15d5:2fac:5c84:60c:6215:f0d8:a5f5,578-740-9666,1981-05-17,2025-09-02,2026-02-01
4f3114f3-4e7d-4610-9918-39ce226636b5,ngandley3h,Gandley,rgandley3h@w3.org,Female,be81:5ce3:e59d:22a0:f574:bf06:13d7:6926,585-358-6977,1996-09-30,2025-11-07,2025-12-03
305e6759-d0c5-45bd-8ca7-73cc6549c198,gstampfer3i,Stampfer,gstampfer3i@yolasite.com,Female,5e86:fdef:4366:1f63:6d46:c3d8:a8af:45e6,612-292-3324,1997-08-02,2026-03-02,2025-10-18
128de427-a542-4782-872b-96745ec594a8,ndebeauchamp3j,De Beauchamp,odebeauchamp3j@howstuffworks.com,Male,19d:805b:e81d:30ca:dfcd:4646:d26e:9098,384-644-5095,2002-08-28,2026-03-28,2025-08-14
c1c1acd8-d6f5-4a2e-9490-7cc1f97431ec,sditts3k,Ditts,rditts3k@forbes.com,Male,5bf8:e681:ef1d:3c4c:eb58:ed9b:1109:3aa6,305-248-0042,1992-12-04,2025-08-24,2025-09-07
ccb43607-5bae-4f4c-993d-af7f986d95b1,driditch3l,Riditch,rriditch3l@princeton.edu,Female,fc61:816a:ffe7:3a72:b80b:b81f:ef2d:f988,243-838-2175,2009-04-25,2025-10-04,2025-09-19
e7d3fbd1-a134-4d24-b98e-cd53b1c197b7,rbowhay3m,Bowhay,bbowhay3m@list-manage.com,Male,fa59:60db:6212:4e3:d0cb:68fa:b531:6948,142-227-9602,2020-01-10,2026-01-30,2026-10-11
ad3da17d-648f-493c-ade1-bfef06ef860c,epuleque3n,Puleque,cpuleque3n@last.fm,Male,32cb:83d7:f822:da11:d5a2:1c17:f212:cbb1,917-949-3010,2001-01-12,2025-08-08,2026-12-14
aacb3917-a0b7-4785-a457-29d002890baa,bsaward3o,Saward,vsaward3o@google.it,Genderqueer,c275:1832:3e04:efb7:dbcb:9e06:d7dc:1ac8,769-182-7757,2000-01-31,2025-10-11,2025-07-07
6a87a48e-799c-4759-9208-22abafafe7b4,lduddin3p,Duddin,hduddin3p@weebly.com,Male,360d:ed02:a360:fd5:38b5:b861:9f64:bbb5,766-119-9795,2014-02-05,2026-01-07,2025-12-03
2d10883c-4760-456e-9960-972d7692e4f3,clayus3q,Layus,slayus3q@arstechnica.com,Male,6e40:98f8:36cc:1ff7:8bef:222e:111c:2c4d,323-644-2803,1998-11-12,2025-11-17,2025-12-17
5d4846e7-3915-4e9d-808c-8890cb1ba722,glevay3r,Levay,olevay3r@hao123.com,Genderqueer,889:4b88:804e:3f3e:8930:985c:39f:f4d9,967-320-7414,2007-05-06,2026-03-03,2026-11-13
287c6da1-79c1-4933-b7f5-04deaaa0b17a,clearmouth3s,Learmouth,alearmouth3s@paypal.com,Male,410d:4571:1339:ef32:fde6:6377:bb0a:e485,407-180-3965,1998-04-14,2025-07-21,2026-06-24
b6b476d2-4422-4f73-91ba-5453eb2799da,mutridge3t,Utridge,vutridge3t@reference.com,Female,e2f3:6321:e2cd:3834:b17a:21a9:fc89:8f29,591-668-9836,2019-03-07,2026-04-04,2026-09-03
09ee9571-47d1-496d-95f3-d506f11d0801,cosselton3u,Osselton,dosselton3u@google.com.hk,Female,fde0:6416:dc35:7a6c:8ae3:8ce:6895:ee23,754-284-7719,1991-01-03,2026-03-01,2026-04-13
e13e9215-d1ca-4d3e-a4d0-da9175ebb97d,dpolley3v,Polley,cpolley3v@vk.com,Male,28ce:61a5:5b55:2f66:78a2:35fc:eac9:71aa,799-653-1011,2024-03-13,2026-05-17,2026-05-30
8e590f2f-e548-45d5-986c-02303455fbe2,chorney3w,Horney,thorney3w@taobao.com,Female,370c:7141:a1b8:7811:d91c:242f:d560:adcb,437-595-1977,1987-09-05,2025-08-28,2026-06-06
ab71849e-62a3-4534-a402-307c686451d7,flauritzen3x,Lauritzen,jlauritzen3x@sciencedirect.com,Female,d115:fcee:8096:5b70:a233:8018:c927:c32b,862-434-1026,2002-03-15,2025-08-28,2025-12-15
b320d86d-2ab3-4b7e-9a6f-075622bcdde9,gcokely3y,Cokely,ccokely3y@netlog.com,Female,da15:9154:b7e8:1fc5:cf00:6eb8:cb72:bec4,180-355-0135,1997-09-02,2025-06-25,2026-03-28
2e26d838-4664-4570-8ddc-d396c4cc1fe2,cduddell3z,Duddell,jduddell3z@msu.edu,Female,ab12:c9af:1bac:ef95:139:184d:5701:94fa,201-156-3802,1991-03-21,2025-11-18,2025-12-08
4fb0ab9a-24d8-4491-8986-d38087ea404b,dwestley40,Westley,kwestley40@usda.gov,Female,3f93:b53e:8eb5:5ed1:4d48:9e73:4b22:764c,942-345-8726,2005-07-31,2025-11-01,2026-03-18
c120dd84-c71f-4c3d-b478-030b7e2f7aac,blakes41,Lakes,mlakes41@apple.com,Female,5f77:5872:72bc:da84:dc4e:c823:620:b87d,773-384-6566,2021-05-28,2026-01-14,2025-09-16
55496b34-dfe3-49f0-b8b3-1f755baff817,kkerby42,Kerby,lkerby42@over-blog.com,Female,95e8:bd53:f408:399b:2b28:a187:5477:b004,560-955-0460,2009-01-01,2026-01-17,2026-04-22
6da4ed31-89a2-4836-9efb-514269f3eb55,dellaway43,Ellaway,aellaway43@netscape.com,Agender,6e27:898c:9d7c:675a:364a:ebd:f8aa:e0f3,988-539-9510,1983-08-09,2025-10-11,2025-12-08
084a33f7-a4ec-4ce5-9c64-2e101e2405fc,hgraybeal44,Graybeal,bgraybeal44@nydailynews.com,Female,5528:6f7c:3083:185a:9dcb:fc1:6f23:e673,393-879-0702,1996-10-23,2026-03-02,2025-06-12
10007180-0944-4f03-b4a1-c2d95675b1a6,dmccroary45,McCroary,fmccroary45@ucsd.edu,Female,f944:91fc:312c:8c6f:a814:cd59:d1b1:d574,201-494-2251,2024-02-10,2026-05-08,2026-12-05
297e9941-d50b-4ba4-992f-60de3fca3306,bdetheridge46,Detheridge,mdetheridge46@jiathis.com,Female,3078:c09a:2f0:6517:d053:9ae2:1ed2:d767,895-176-0595,2026-07-06,2025-08-01,2026-07-22
67bef3a4-6f16-4f04-b4cb-cc41742e17f0,layliffe47,Ayliffe,aayliffe47@blogger.com,Female,d75e:41a7:8f54:b7b:f235:e5f2:658f:b9dd,964-501-6583,1985-10-22,2025-10-07,2026-12-04
21a1d837-fc53-4f76-9e13-49d6a60ef266,rlettson48,Lettson,blettson48@cnbc.com,Female,2050:de4c:afdd:5405:8727:c6bd:e4bc:b790,374-186-2903,2006-04-05,2026-04-01,2025-08-15
899eca9b-cd13-4e90-820b-91c0becd304f,fbargery49,Bargery,vbargery49@ca.gov,Female,e769:6c6c:c8bd:8652:f593:e498:f978:9120,898-447-2305,2005-02-13,2026-02-01,2026-09-17
6acede11-6fae-49da-ba70-5e4ffcbf17da,igoodswen4a,Goodswen,egoodswen4a@ucla.edu,Male,e4b3:1ab3:c543:3895:e820:6aa:b19f:90aa,674-666-5216,2007-08-11,2025-10-12,2026-05-21
909a70e2-2e65-4016-93df-f79811747aea,jbouller4b,Bouller,hbouller4b@github.io,Male,af48:7ba3:54b9:eef4:9444:f129:7fc3:8f4,185-637-4773,2018-03-08,2025-07-18,2026-07-03
864d8455-1733-45fd-901d-328e4dcfb9b8,bnials4c,Nials,onials4c@fotki.com,Male,f470:64f1:f632:5d1e:6242:bd59:369d:dcba,177-172-4746,1996-12-17,2025-11-26,2026-01-05
4913227a-7f9f-43ac-946b-fadb434c3356,mverring4d,Verring,cverring4d@berkeley.edu,Female,6483:1ab4:f5af:959:33f8:f15d:7f37:6954,115-593-9772,1982-11-01,2025-09-18,2026-10-06
366b8e5c-20f2-4393-8541-a2e428942dc1,aantonsson4e,Antonsson,kantonsson4e@ifeng.com,Male,179d:acd4:5f1d:7502:a11d:396f:da00:301b,659-348-2427,1988-01-02,2026-04-30,2025-09-04
3a7d2c3f-3a8f-4be0-a3c2-9aa27b4140af,cglidder4f,Glidder,bglidder4f@ebay.co.uk,Male,306e:c25b:f87c:3b4f:d8c:72a0:c007:42ac,746-197-6781,2024-10-23,2026-04-26,2026-10-11
5ccabfef-e583-4004-897a-7aead3ed8266,nmcsparran4g,McSparran,kmcsparran4g@jigsy.com,Female,8c5c:f092:71bb:6610:a557:b3fd:8b60:ccb1,114-332-8569,1980-09-24,2025-12-20,2026-12-27
76f394f7-be6c-4b62-a3a3-f9fb3b44ffc7,vcaulton4h,Caulton,bcaulton4h@oakley.com,Male,e259:af57:5404:81e3:2fcc:3119:6d92:582b,780-964-5512,1996-10-06,2025-07-02,2026-08-10
45e0917a-c10c-4071-99ee-8f415009ca02,hgane4i,Gane,sgane4i@scribd.com,Male,843d:5f41:5799:bc45:2c66:b567:bc23:597f,366-268-5238,2026-02-27,2025-11-18,2026-02-19
5751edea-2841-48f0-a922-34349630a65e,cmacvaugh4j,MacVaugh,lmacvaugh4j@amazon.de,Male,b619:e925:c393:6d94:d4b4:9898:dd35:5d44,355-172-4439,1994-12-15,2025-08-05,2026-10-11
f8dd465c-3486-4d51-bb7e-7ca13d5080ef,jtokell4k,Tokell,ltokell4k@cyberchimps.com,Male,21a9:c148:f8d3:8983:f385:7e0c:9e99:a64d,991-569-9025,1996-07-17,2026-02-24,2026-10-26
9b1a83ad-6139-43ce-abd6-482bc813115e,fgreenhowe4l,Greenhowe,rgreenhowe4l@4shared.com,Female,cf3b:f10b:9b18:cfba:7a08:5346:aa11:db99,569-194-3160,1980-10-06,2026-04-08,2025-07-28
629ec44f-48fe-43d6-9dad-4dd8fa2c58ad,mbroschek4m,Broschek,ebroschek4m@ucsd.edu,Female,38e0:31f:560:3af1:ebe9:b2bf:a5e:af96,459-551-3806,2002-05-18,2026-05-03,2025-11-18
6de80a9a-9510-4311-8288-7361a37a5108,tjosiah4n,Josiah,wjosiah4n@flavors.me,Female,de94:f814:6224:4f63:443b:8894:40a4:4586,388-566-3007,2015-04-04,2025-12-13,2025-09-27
a5e8aec7-b076-4e7c-84d7-ae2873c7b074,ohollows4o,Hollows,jhollows4o@nsw.gov.au,Male,a722:d8ba:2798:c6f1:35d3:47d2:2d89:ec97,836-442-7744,2007-11-18,2025-06-06,2026-04-02
5e205b44-2060-4327-9cd1-eaef3f85a1f7,klonghurst4p,Longhurst,alonghurst4p@ted.com,Female,3d6:e3b4:93eb:4896:9fdd:5759:4f94:3f11,442-869-9062,1997-10-19,2025-11-07,2026-05-02
d5925bc3-b114-4781-a51d-57e6779eedb7,eingall4q,Ingall,aingall4q@w3.org,Polygender,7bac:8717:cec:eb20:1eaa:5544:c231:9861,928-585-4437,2016-06-13,2025-11-08,2025-07-15
64b527c6-c42a-4b02-940d-e2a98f02a5ce,sgensavage4r,Gensavage,fgensavage4r@apache.org,Female,4f7e:b67c:e054:b5c9:ad79:d878:37a4:6ce0,305-196-3913,2007-11-08,2025-08-30,2025-12-25
c56549eb-1f51-45f1-bf2d-a22800e2ccb8,kspindler4s,Spindler,mspindler4s@walmart.com,Female,40cd:3a5d:6d0c:d362:818d:5c2:c45:39df,288-328-5856,2008-07-24,2025-12-31,2025-08-30
ae07b37a-baed-46c1-b67c-63b7aec9fcdd,gcomelli4t,Comelli,lcomelli4t@engadget.com,Male,3869:497:c744:27a6:59f6:8062:5714:58,124-130-3155,2001-12-22,2025-07-25,2026-11-27
fee26b48-7022-41c2-90db-cddd7eb99e43,zwidd4u,Widd,ewidd4u@woothemes.com,Male,30a7:f873:2c05:884a:8421:4839:8449:2b80,301-922-5982,2000-11-04,2025-05-31,2025-07-18
e5e0a6ec-4596-4f93-8731-772b799da076,rbartomieu4v,Bartomieu,jbartomieu4v@microsoft.com,Male,f091:32fc:3660:4e5a:bcb7:febc:91aa:13fd,749-943-3400,1994-01-27,2025-08-10,2026-03-06
dbf09e4a-e873-45bf-b44a-078d046d67ba,loskehan4w,O'Skehan,soskehan4w@google.es,Female,e630:efa:43bd:8c3f:d957:dc2e:201f:c74b,356-245-4442,2020-10-19,2025-11-22,2025-09-21
7d76c6c1-b04f-407a-98d0-16f97467dc23,aree4x,Ree,cree4x@scribd.com,Female,19d3:3dc8:94a8:a41b:5d6c:e6c7:1706:3859,255-815-7853,2019-12-10,2025-12-20,2026-11-04
e4c8d144-6243-4ec2-895a-19ff05245eda,mferfulle4y,Ferfulle,gferfulle4y@marriott.com,Male,3585:441d:d98c:e6eb:629b:6ba7:bafb:f1f7,244-138-3374,2010-12-12,2026-04-06,2026-04-21
03974e06-1c8a-496b-886b-40bae2372a7b,swolters4z,Wolters,cwolters4z@cloudflare.com,Female,dc29:42f4:6dc3:c42b:5ad7:18e:a555:e54a,481-550-1606,2020-01-02,2026-04-24,2026-12-08
ba79f5c9-50a0-4eaa-aafc-3e5668456e74,bkeyson50,Keyson,jkeyson50@bravesites.com,Male,67f3:690b:a99b:86bb:638c:ed4d:fb00:8859,693-746-0437,1997-12-16,2026-04-12,2026-10-30
42942837-d08a-4232-b001-011d4e994712,jsprowell51,Sprowell,asprowell51@cdc.gov,Female,f2fb:bf21:741c:57d2:680c:4d56:10e0:3d92,112-492-9157,2025-11-27,2026-03-24,2026-04-25
76c8309c-17fb-4463-bed4-3ebed43e9934,fjephcott52,Jephcott,ljephcott52@furl.net,Agender,a1b5:6445:6f44:ac8d:57d:377e:adf9:4930,685-631-8385,2008-02-25,2025-12-12,2025-10-09
65cc4be6-3506-467e-a6d0-84b08352c0d5,cdemoge53,Demoge,fdemoge53@walmart.com,Female,8fe:ffd8:e193:9a6b:d57e:e1f:a6ee:ddfe,117-188-6144,1983-09-08,2025-07-14,2025-12-27
e11f5a96-0e74-4439-9b0e-71628ad3d0d2,hganiford54,Ganiford,sganiford54@usa.gov,Female,cd3b:7cf1:e3f0:4426:5b3f:6749:1b9e:4b4c,161-552-9899,1981-01-10,2025-06-15,2026-10-27
19af2337-8fe8-4460-9a92-2f1e604942a1,zwyss55,Wyss,fwyss55@businessinsider.com,Agender,136:7907:5f0f:7325:5a79:17b8:9bb7:bc11,834-705-8041,2015-07-28,2025-09-13,2026-04-20
1978f4b8-74a1-4ace-848c-7ed40f088b51,agrelka56,Grelka,rgrelka56@symantec.com,Female,d503:cf53:29ea:6978:4e0f:be87:384e:810f,534-525-3018,1999-11-06,2025-12-04,2025-10-29
29d6b23d-d4c7-4b44-8e86-769675430d43,cfanshawe57,Fanshawe,qfanshawe57@pcworld.com,Male,689f:1391:7a7d:edd7:82f9:7e88:78f2:a648,360-965-7070,2017-06-29,2026-01-09,2025-07-17
25fe08be-9bb3-4064-98be-59c8b078e085,velvish58,Elvish,eelvish58@howstuffworks.com,Female,29a9:807b:37b:52e4:7b8b:a7cb:8e96:2428,926-244-1967,2013-06-07,2025-10-13,2026-08-03
90d35a38-8b91-4dcb-8905-c9c036f7e437,heastman59,Eastman,ceastman59@ovh.net,Male,1549:55c7:d6d1:29cf:5c5d:6dd7:b88e:36c3,925-265-3020,1996-12-10,2026-05-20,2025-12-29
9ea8eaa8-ed3b-4964-970e-79a70879ff91,rfinden5a,Finden,lfinden5a@dot.gov,Female,f9bb:768c:60fe:f0b4:89cc:4504:80f4:538b,400-738-8077,2002-02-16,2025-09-03,2025-07-16
6203c778-0da0-44ea-bfdd-381eee835c22,jthwaite5b,Thwaite,mthwaite5b@cornell.edu,Polygender,f992:c9aa:eeb7:6ddb:3b63:6319:a61:909,339-566-9337,2023-01-04,2026-04-16,2026-06-08
36cbd1bf-71d9-4f53-92e5-0bf6933bc118,pdanford5c,Danford,idanford5c@techcrunch.com,Male,861b:3a30:4b81:34a0:8c94:5349:4d9c:42de,803-679-5168,1988-03-04,2026-04-15,2026-07-04
9fbf5dbd-14da-446d-9930-f1a1c28d8c46,shoodlass5d,Hoodlass,khoodlass5d@reverbnation.com,Male,b7c6:52f8:9348:5c80:3684:c34:dc9c:42e,221-803-4851,2014-04-05,2026-03-02,2026-04-14
6b47a3ae-ec5a-4034-8fa7-19d01d957854,rleedal5e,Leedal,tleedal5e@state.tx.us,Female,2acd:82c2:6da4:ca09:7d4c:6071:ec0a:29f3,934-926-8063,1995-01-28,2025-08-18,2026-10-10
f49ded1a-3f97-4912-a13c-edd505ff4bee,jbaudichon5f,Baudichon,mbaudichon5f@issuu.com,Female,81cd:b375:6093:c1d9:6dec:1a0c:a53a:b0df,662-390-0358,2017-01-17,2025-06-19,2026-01-03
5d1672ef-8257-41e1-b059-f63fc90e7baa,efroud5g,Froud,ffroud5g@trellian.com,Genderfluid,be4a:c301:35d2:b381:118c:50e0:f908:77cf,559-277-0232,2026-05-20,2025-06-20,2026-12-07
195329a7-5dc7-40fd-9820-5275d2710730,fsasser5h,Sasser,csasser5h@yahoo.co.jp,Polygender,cca3:b60c:5106:e112:8d70:bc65:554f:64e5,452-717-3726,1984-10-23,2025-08-27,2026-04-11
bb395b37-2460-4e46-9751-d69fbc2e427e,cwalewski5i,Walewski,ewalewski5i@sfgate.com,Male,7cb8:f192:73db:b9fc:c061:32fb:f736:4d8c,447-143-2485,2022-11-04,2026-03-27,2026-05-03
bc3ae22e-3b72-4c87-9c1f-61516aaeb6b6,dkuhnwald5j,Kuhnwald,nkuhnwald5j@t.co,Male,6a08:8bd6:24a3:b477:4946:966:22c7:4037,143-785-2016,2002-06-28,2026-01-17,2026-11-14
63b7a114-572b-4d62-820b-4ac194951e46,cspohr5k,Spohr,gspohr5k@slashdot.org,Female,ac10:226:1887:ad8d:28f8:d26d:8012:5ce7,650-995-1158,2022-12-09,2025-08-29,2025-07-25
3dc87928-9ad4-4a37-b25b-bf5c4b1a22b2,ltelford5l,Telford,mtelford5l@ebay.co.uk,Non-binary,12da:81bf:def4:bda4:55ba:d1a5:286:39de,720-502-7192,2012-01-04,2026-03-08,2025-06-24
5ea7b636-6bb1-4e0f-87a9-5cea42fba2af,sdefilippo5m,De Filippo,sdefilippo5m@webs.com,Male,a559:d191:9cb3:f1da:c998:590a:4b1e:4bb8,288-530-9628,2009-11-05,2025-09-17,2026-02-05
66efd053-786e-4b27-9953-aecc0237df3a,lcaulcott5n,Caulcott,hcaulcott5n@bloglines.com,Male,93e2:5489:2d21:11b8:f722:2f28:8a6b:a0ee,364-942-1453,2014-01-01,2026-04-04,2026-01-04
74fb741d-4ab5-40bd-8e74-d75709fe90c0,gantonioni5o,Antonioni,tantonioni5o@google.ca,Male,5d2b:8b6d:6c37:4700:ab43:eafe:7db9:77bb,102-970-7408,2005-07-24,2025-07-03,2026-04-12
a1baaa40-1a4a-40bb-9b86-5e7283518a7d,jclare5p,Clare,fclare5p@taobao.com,Male,d8bf:af49:4084:c67d:e78a:772e:57da:27bf,685-242-6024,2026-01-07,2026-04-19,2025-06-01
8e8b294e-f225-474e-b052-e8349c4f437a,mbohlmann5q,Bohlmann,abohlmann5q@stanford.edu,Male,6182:580d:2898:9824:87d5:e87b:4a52:5790,707-762-4926,1999-08-01,2025-06-14,2026-11-10
2a96ab86-dc17-4265-932e-138f74c4da86,scostain5r,Costain,pcostain5r@discuz.net,Female,55ed:be06:9d4f:4795:7cc8:4057:e4a9:5aaa,564-671-7632,2022-04-26,2026-02-15,2025-11-11
32dfc915-337b-42c0-8955-541d88da6104,ggarvagh5s,Garvagh,dgarvagh5s@disqus.com,Male,d226:82d6:41af:bb7a:397c:502b:5c9c:2cfd,709-781-3154,2001-12-22,2026-05-03,2026-12-08
4760ce9e-d947-46f2-8adc-e38df5591211,fbasson5t,Basson,kbasson5t@nationalgeographic.com,Female,d537:3b1:93db:9edd:774b:8f90:6482:6fa7,504-263-0821,2010-06-07,2026-03-30,2026-07-14
c3dc9ace-1162-41ca-8fa6-7d8d472c5610,mbatha5u,Batha,cbatha5u@deliciousdays.com,Male,b46b:baec:4c22:941b:f337:c814:fb07:89eb,671-605-0210,2011-03-13,2025-10-11,2025-11-03
51394af7-6ff8-46aa-84ea-a9c7d5473765,wferris5v,Ferris,nferris5v@deviantart.com,Female,1e33:18ac:13e7:c85a:85db:ab7d:62be:8e20,691-507-7714,2003-09-06,2025-07-05,2025-10-03
29389acd-5b66-4c40-a9df-9ba7ae91ae8e,aernke5w,Ernke,bernke5w@cnet.com,Female,6dbb:d98c:9bd8:d4c2:fa94:50e7:bc2f:23cd,975-756-1347,1987-02-07,2026-04-05,2025-11-28
27fe33ff-7062-475e-9146-6a339634f1b7,wmertgen5x,Mertgen,jmertgen5x@quantcast.com,Female,cc04:f6bb:4528:e848:3688:412d:baf4:8531,473-238-2675,1998-04-07,2025-11-27,2026-02-22
b6b3f1e1-8521-4733-b106-e351b4f40d95,scurston5y,Curston,kcurston5y@naver.com,Agender,9610:9c1d:d7e9:18b6:dd3a:b575:4763:f77,429-242-3527,1994-08-18,2025-08-02,2026-01-20
620b5054-4323-42f4-8f6e-42eabb80d438,jjuszczyk5z,Juszczyk,ljuszczyk5z@hc360.com,Female,c06f:25dc:3df7:eec1:ac9c:ac86:6b8f:6f0f,568-365-1824,2013-09-29,2026-05-12,2025-09-15
82ded3ce-3bb5-4a4c-85e3-32d29fe53e83,ramthor60,Amthor,pamthor60@sogou.com,Male,c71b:8915:d66e:5d6f:c82f:bd8a:9903:25dc,408-979-4335,2010-07-18,2025-11-11,2026-10-15
72930de0-dd82-4959-92c6-6e7b7dc46ae4,scoales61,Coales,bcoales61@craigslist.org,Male,8959:1886:6903:fd3e:5a9b:1faa:3911:3bbf,933-501-7392,1999-12-12,2026-05-08,2025-08-30
3ab6667e-bb89-4709-949c-ddfcbfa5d17f,gfrazer62,Frazer,tfrazer62@indiatimes.com,Male,54b:766a:60ea:3b2a:bc81:5462:44d2:8057,759-285-5843,2005-01-03,2025-07-23,2026-02-18
347edbce-1339-4047-bb06-2c05fd3aadf9,nkubacek63,Kubacek,ekubacek63@guardian.co.uk,Polygender,cbc:9ca:c0b0:8593:3e7:8dd9:7365:8a23,624-642-9697,1984-04-29,2025-07-17,2026-05-04
dbea29a4-c621-4f00-8e68-a97a643d2ba8,tluter64,Luter,fluter64@symantec.com,Female,57ea:6622:2dab:211f:e55a:c295:67d4:ab32,432-985-3726,2002-12-03,2025-07-29,2026-07-04
98e7b94f-d3e4-43ac-9b83-f257248ef85d,ndimaggio65,Di Maggio,kdimaggio65@nyu.edu,Female,7369:cd2a:509d:de4f:78dd:bee8:624f:62c,643-486-4424,2014-09-19,2026-04-01,2025-10-14
78e824c1-5bca-42fc-a6f2-3e15f114b110,molsson66,Olsson,colsson66@weebly.com,Female,69bb:c42c:98d3:5f2e:5571:42fa:e5c1:7a3a,974-967-0560,2004-10-03,2025-06-21,2026-08-26
7c97cc60-1fd5-419a-afea-7f0e55fd3d30,lskones67,Skones,jskones67@comcast.net,Female,dcd9:c59e:78be:73d6:1347:4720:ef2a:647b,513-276-8868,1994-12-14,2026-05-06,2026-11-13
627517aa-0a70-4f67-a02e-bb6624cf4e31,rrome68,Rome,frome68@mail.ru,Female,b53e:5064:9576:707f:cf51:72ef:ff8f:be60,585-993-9191,2017-06-15,2025-10-10,2026-04-22
2e54fab3-fc6c-40d9-bc13-cd4c970c8e3a,hcornelis69,Cornelis,vcornelis69@theglobeandmail.com,Male,6b66:38b3:e3fa:a941:e272:14d6:e7dd:f9b2,100-453-0283,2026-04-18,2026-05-12,2026-03-09
b6ecb3f1-392a-4d56-9e32-60a98e60df57,ethon6a,Thon,ethon6a@independent.co.uk,Male,ce06:cd54:85f4:ad06:7100:41cf:112c:db60,622-721-8660,2019-07-14,2026-01-10,2026-06-15
b4aefd5e-edc0-401c-a110-0673e1fc66c5,nmattersley6b,Mattersley,cmattersley6b@blinklist.com,Male,ebe6:e57:6013:ba00:8d9b:cb58:c395:6c84,336-687-4235,2002-11-26,2025-08-12,2026-11-03
937ae2ce-9f3d-4293-8be5-b717e7c555e5,mbewshea6c,Bewshea,cbewshea6c@mozilla.com,Genderqueer,c338:2d3d:9fb0:c620:8675:19af:e842:8642,988-432-5731,2017-05-11,2026-03-30,2026-08-08
fa8a0f04-93ab-4af2-bab1-529f34c8a4d8,vesherwood6d,Esherwood,kesherwood6d@jugem.jp,Female,e89a:1dc1:592d:e748:7e4c:767e:a733:6604,871-694-6864,1998-12-05,2026-05-04,2026-02-03
fa735c52-e995-4bb3-876e-19c8a4c81850,rmacuchadair6e,MacUchadair,kmacuchadair6e@unesco.org,Female,3c06:afcf:95ca:aea1:3522:2c3e:6e60:ae9c,616-338-1946,2013-05-24,2026-03-17,2026-01-17
22c63e77-8b18-4895-9047-62ac4d9d5002,mivanshintsev6f,Ivanshintsev,mivanshintsev6f@phpbb.com,Female,d1ea:984e:7232:4ea7:ed36:7f78:e738:8567,585-456-6519,2022-01-24,2025-10-05,2026-03-02
291d8466-71d7-4e0e-a3bb-1d2e581e3a0c,ringlis6g,Inglis,binglis6g@wp.com,Male,9584:630a:f6b1:75f6:533d:191e:b31a:4273,542-854-0131,1993-06-12,2026-01-09,2026-12-27
b8c2d50a-2ced-4f9d-b9d4-4d490276ab62,scorns6h,Corns,acorns6h@ibm.com,Female,1196:b34c:cb2b:38c5:ed69:f2ab:5532:68a5,211-238-7477,1991-12-14,2025-06-16,2026-03-07
c4b158a5-8934-4967-8ee7-3a28c97fd2c7,hbernardos6i,Bernardos,kbernardos6i@marriott.com,Male,8f7d:c208:b2e2:4ef3:daad:9c4f:fc87:90d2,243-622-2101,1993-09-20,2026-04-12,2026-03-03
38e55ee2-4170-4cb6-9155-d3994304bc19,mdefrancesco6j,De Francesco,mdefrancesco6j@vinaora.com,Female,d5d9:e770:4cf:93f0:e202:6af5:e8d0:d48,915-515-0278,1983-04-14,2026-01-29,2026-09-15
5c7e2a4f-2a83-4c64-9e3b-d337852f8483,kdavidov6k,Davidov,cdavidov6k@nba.com,Polygender,8553:9978:7c45:1647:3220:af01:4802:4,428-725-0971,1988-01-18,2025-12-19,2026-06-21
54970210-ff7b-4536-a71a-a02d481f57fe,lwhistance6l,Whistance,mwhistance6l@usatoday.com,Male,6fcc:7969:86ef:98dc:2a2:4fd5:62e4:bb54,912-824-9537,1982-01-01,2025-07-21,2026-09-12
49ab5d24-a86f-4950-af6e-b559a0a64975,tcolls6m,Colls,dcolls6m@mayoclinic.com,Male,3c84:aefa:9023:18c7:2b16:f909:b21e:4c11,558-718-4448,1983-08-31,2025-09-30,2025-06-28
2c9e9b59-2d7a-48fc-8955-2ae51225e78b,tnottle6n,Nottle,gnottle6n@eepurl.com,Female,f748:2c26:b4c5:9d9d:163b:6cf:de3:588f,261-121-0954,1997-06-04,2025-10-30,2026-08-22
ccb34956-51e3-46cc-a46d-dbfe5b53d5fd,mdoerr6o,Doerr,edoerr6o@toplist.cz,Male,a0b4:bbad:4114:11cd:7d4d:7b4a:452e:5137,819-852-7947,1990-10-07,2025-09-13,2026-02-22
1f255086-f5df-4afc-93ae-21489251a6ae,kreah6p,Reah,preah6p@disqus.com,Female,667b:c60e:3a7:235a:f156:c9e5:8513:ebc2,469-768-7788,2018-08-11,2025-08-23,2026-02-05
1157d44c-c15f-4cd6-92e3-a7d41ad50795,scartmel6q,Cartmel,ccartmel6q@facebook.com,Male,8a1b:6be:237b:8772:8598:d8db:54b7:dac9,424-405-8785,2025-01-12,2026-01-09,2026-01-20
1847bcd4-07b9-4bef-b256-aefd6133e894,cosmon6r,Osmon,nosmon6r@seattletimes.com,Male,bd2d:a0d2:d2a1:4292:ec8b:a8fe:522a:dfef,766-378-1371,2023-10-31,2026-05-17,2025-06-03
40c96de9-34ee-4015-a518-9397f0c44985,vpiborn6s,Piborn,cpiborn6s@house.gov,Male,1e66:ab7c:f1b1:6eac:f1b7:9385:455:886,703-819-4859,2010-07-28,2026-04-15,2025-08-22
b642d8ed-a9a6-4e64-9897-8ad42e2b41cc,aclaringbold6t,Claringbold,dclaringbold6t@studiopress.com,Female,c719:8cc:5b68:13c0:ddf4:e53e:4926:8108,503-480-1591,2020-10-10,2025-06-30,2026-05-31
c7056c71-cab4-462c-8225-a8235b90f258,hstclair6u,St. Clair,kstclair6u@cafepress.com,Male,7bf7:8f6:5be:6fa8:9db4:1b01:961d:d380,792-481-3349,1995-07-03,2025-06-29,2026-09-29
58b8b625-5675-49de-b1ae-34915e7b2865,rsimkiss6v,Simkiss,tsimkiss6v@tumblr.com,Male,5a2e:ad47:31d9:78fd:e2f5:16e2:74a6:2a90,974-666-2338,2014-07-23,2025-08-16,2025-07-23
10ae0e23-71f9-433d-95b2-4875bd72549b,rkyngdon6w,Kyngdon,ekyngdon6w@skype.com,Male,ef27:1644:9543:1cc:80f1:5609:f1f9:b686,647-421-2054,1981-08-22,2025-11-19,2026-05-08
631f2016-3682-4114-80f8-5c06e97485dd,mbence6x,Bence,nbence6x@de.vu,Female,d21:9897:2861:89c7:beec:d909:3f7e:95cb,927-442-8661,1986-10-16,2026-05-14,2026-07-18
3d2720fa-27ed-46a1-9aae-86db25c708d5,mkerin6y,Kerin,gkerin6y@technorati.com,Male,ca29:e4c2:d583:2c17:4ace:7623:adff:b119,105-731-4023,1992-02-29,2026-03-15,2026-06-21
a3e0ae21-e8bd-4307-b76a-ac24bf0992c4,hjelks6z,Jelks,cjelks6z@deliciousdays.com,Male,10ab:9dfa:cf58:1fc9:6c99:e19d:12cc:3aa6,554-946-8093,1985-05-08,2025-06-06,2026-07-14
cffb881e-2dfa-4a79-9e0a-22b73fe09fca,qbandey70,Bandey,lbandey70@bluehost.com,Male,696e:f846:24e7:d08a:6f3f:61f0:9eed:c29c,883-982-6564,2024-12-31,2025-08-12,2026-01-05
2e934e25-cbf9-4963-8d4e-031251d9857a,adimsdale71,Dimsdale,adimsdale71@deviantart.com,Genderfluid,6f05:e704:f52a:d86a:1573:f385:8c0:8bbd,617-903-0052,2016-10-09,2026-04-18,2025-08-26
1ce5e118-190e-46d6-8c6b-4eb48e925c8a,fmasding72,Masding,smasding72@jiathis.com,Male,2734:99f1:6547:319a:fdd6:4e31:1779:9a65,138-315-9365,1981-12-28,2026-04-05,2025-06-30
2af905c9-343a-4971-bb8a-679a0e3bf74e,emarcos73,Marcos,pmarcos73@tuttocitta.it,Male,6c5d:952b:df10:487a:a5a6:265f:bad6:1510,595-624-8706,2012-04-04,2025-11-29,2025-07-28
4b08f795-5c1f-48ea-aa0e-1dc1119f806b,nwolfe74,Wolfe,kwolfe74@e-recht24.de,Male,283d:36fa:e30d:d603:bcb3:2b40:964f:f2e3,487-742-8957,2025-07-17,2026-05-01,2026-06-17
bb01ccbd-1e62-4153-a0a6-9f152ce99850,mdunne75,Dunne,ldunne75@slashdot.org,Female,af83:519c:b096:b9ee:5d6:f204:1451:9d8,278-711-0579,2019-10-26,2026-01-10,2025-08-08
6e549feb-a02b-4dfb-8e14-f196a5d605af,dclemenza76,Clemenza,mclemenza76@etsy.com,Male,c444:2d5a:30af:d9f9:5497:4e6:78de:da03,430-491-1934,2012-02-12,2026-02-03,2025-11-20
9902a9b5-64b7-4be2-b72c-a7b1f0aeabe0,cberryman77,Berryman,aberryman77@tinyurl.com,Female,ba8b:b35d:b74:12b8:c52f:b8cc:b31f:4757,122-411-1159,1988-08-09,2025-12-15,2026-06-28
f68ceaa1-6430-431b-a185-14795390a9c2,csharrard78,Sharrard,rsharrard78@clickbank.net,Male,fb26:d696:bba4:ee41:b75b:988:8872:c52b,121-202-7281,2008-03-27,2025-07-11,2025-12-01
7bf7c771-d1da-4c8c-8385-28cbc099f87c,hsmitham79,Smitham,psmitham79@taobao.com,Genderqueer,3f9e:b82a:5c50:5406:3e7d:e9c:322c:4b89,476-594-8461,2018-05-08,2026-01-03,2026-04-12
bf7ad397-78ac-4924-bd32-aeaee7833ede,calwen7a,Alwen,malwen7a@usda.gov,Female,9cb2:486e:ee6e:5a4e:fe2e:690d:e733:3b6,464-189-5909,2007-04-07,2025-06-02,2026-04-24
0bebfa49-555a-43b3-b5bd-2c5bd7875ec2,dingleson7b,Ingleson,vingleson7b@prnewswire.com,Female,3ded:64bd:604d:7b5a:99b2:3cb6:3d4b:924e,615-170-9524,2019-06-15,2026-04-14,2026-01-07
48459e1c-948b-4de3-b8a2-163a46183367,smoreno7c,Moreno,tmoreno7c@nydailynews.com,Female,180b:5ceb:34f3:8fc4:497a:142f:9472:e9da,447-271-1122,2017-04-16,2026-02-20,2025-11-18
449237db-0a15-439f-8d50-f548be121a5f,mswadlen7d,Swadlen,bswadlen7d@washington.edu,Female,2d1a:fb98:3009:568a:c67c:f3bd:a6ea:1775,643-587-9358,1980-12-03,2026-04-06,2026-05-22
895014ae-efdf-4fa6-9120-556cc8b3787f,dstquenin7e,St Quenin,tstquenin7e@youku.com,Male,4275:d18e:9bd4:683a:4c5d:27e7:8d14:61d1,198-435-0998,2007-07-16,2026-03-25,2026-12-05
c3c07599-f867-4d52-b587-070662b8ccad,rbachanski7f,Bachanski,abachanski7f@ted.com,Male,3f33:440b:e513:a98a:bfab:61c3:5d59:b233,387-977-4857,1983-03-04,2025-06-08,2026-12-08
8a801116-2826-471c-9c83-3248262037b0,sritchings7g,Ritchings,aritchings7g@ifeng.com,Genderfluid,7406:5367:486e:16c3:fde0:4091:d721:4bed,263-399-0293,2022-03-15,2026-02-05,2026-05-09
5940479e-602a-4762-943b-8a55a29ae15d,bsowman7h,Sowman,lsowman7h@ask.com,Female,a287:7c68:150a:1886:5806:a0f8:6b58:2aa7,954-918-6705,1993-12-19,2025-11-30,2025-11-16
51c3b282-cdda-432f-92c8-2bfada4fd10e,tskerme7i,Skerme,tskerme7i@ftc.gov,Male,b5a2:3759:f916:6c69:61ac:14de:f3f4:744,332-254-3683,2007-03-15,2025-07-03,2026-08-17
3910873f-afbf-49d3-a51f-75666dbbe7d7,dantonowicz7j,Antonowicz,lantonowicz7j@guardian.co.uk,Male,872e:1e73:454b:5cfc:f6c4:d8c7:3a1d:7546,683-286-8266,2024-04-04,2026-04-04,2026-07-14
2816ced1-9414-4ebe-8527-63727e2019ca,kglover7k,Glover,sglover7k@gravatar.com,Female,8eff:4c00:2ca5:b8cc:3db4:88ea:d4af:51,271-866-7605,1990-08-22,2026-03-11,2026-06-06
fc2eb9b1-efc2-4b62-95e5-ad64a6627f59,athirwell7l,Thirwell,lthirwell7l@typepad.com,Female,47f4:d756:ccd0:4762:608e:8c31:c12:9754,230-811-5236,2008-09-03,2025-09-04,2025-12-12
f2e4b9c0-751a-48ea-80be-2e726d378234,hportwain7m,Portwain,nportwain7m@hud.gov,Male,4a4d:1dbb:8585:6c80:c172:4e45:fcaa:6085,569-323-7644,2013-09-26,2025-09-09,2025-11-18
a1e434c4-de1e-44be-8259-aeafe27c93ca,msimkovitz7n,Simkovitz,nsimkovitz7n@gov.uk,Genderfluid,4c46:1cc7:2b73:5e40:e39c:96de:33fc:1ecd,473-534-4260,1996-01-16,2025-06-21,2025-07-20
fc9fda2a-2244-49f9-b56a-474c2ec1c021,laimer7o,Aimer,haimer7o@wufoo.com,Female,92c1:13f9:c471:31e7:21fc:6a09:2fc:201d,663-338-3469,2013-03-20,2025-11-04,2026-02-07
bd0026ef-091e-418c-b53b-a3eed9f4dc32,nbrosetti7p,Brosetti,sbrosetti7p@ebay.com,Female,d888:d5c0:95c6:56fd:61f0:908:6bfb:391d,124-724-9395,1993-11-19,2026-03-07,2026-05-17
79875a9a-870b-40fd-9582-7ccad049d881,bvivians7q,Vivians,cvivians7q@trellian.com,Female,d25f:eb94:e3a2:a406:379e:a448:3c68:333e,884-265-1221,2008-11-22,2026-01-03,2026-06-22
995c58e8-b58d-44fb-8de4-6f7f527ad5b8,rakam7r,Akam,sakam7r@reverbnation.com,Genderfluid,7a36:1ab2:d862:de0b:5194:d7db:2ae8:c0f4,248-684-6570,2023-03-04,2026-04-09,2026-08-03
48c4c9de-5250-4806-aab6-ffac5f41c81c,psmooth7s,Smooth,csmooth7s@nytimes.com,Male,57eb:5f84:47a6:be3e:3b53:a12d:33b5:e577,266-998-9139,2000-03-05,2026-04-13,2025-09-22
1d28d73e-d9d6-4fda-a8c9-a1331a4eb3f6,crowley7t,Rowley,growley7t@webmd.com,Female,b1b4:6063:781a:99a6:f7e5:72b1:6e1c:f91c,222-832-5937,1984-03-05,2025-06-07,2026-05-17
e236b441-ddd0-4a20-9d01-9cd71c99968c,nblyth7u,Blyth,kblyth7u@1688.com,Female,2f26:3fdf:135d:d32b:b4e5:1a64:5caf:36e4,985-939-2256,2008-03-19,2026-05-06,2025-09-23
c22d2202-d742-4543-94c3-fb461d6d22ae,lchatin7v,Chatin,hchatin7v@latimes.com,Male,5697:f00:f090:3725:7457:1f7:3906:6970,283-920-2736,1996-08-30,2025-12-10,2025-09-11
a403ba51-eb83-4734-ab2e-be26dd10ec07,bslate7w,Slate,rslate7w@fema.gov,Male,6e02:fb64:1667:135b:1ad3:eccd:8c5b:868c,417-703-9832,2025-11-20,2026-01-29,2026-03-02
a0a1662b-1440-4088-bc4d-3d9aee4240a8,mboggis7x,Boggis,eboggis7x@state.gov,Female,fc53:7efd:7fe1:62d:3e02:9280:807d:30a5,607-925-7618,2001-01-19,2026-05-06,2025-11-12
f08d0e8f-1d9a-42f0-8f4d-19c5f6795cf2,ggrinikhinov7y,Grinikhinov,ggrinikhinov7y@about.me,Male,2e7a:3704:16b0:5017:10e6:e9ae:247b:f85a,286-930-4317,2021-09-15,2026-05-19,2026-08-25
2653a148-bdc6-442f-a1cb-48f314a5df5d,tchestney7z,Chestney,wchestney7z@bluehost.com,Male,84d6:9334:2bf1:10c:8407:e290:5d8d:d8d,735-433-5099,2022-09-16,2025-06-21,2025-06-10
483bd330-467e-40b1-aee0-fa492f428cdd,dsizeland80,Sizeland,asizeland80@newsvine.com,Male,3d66:3a1d:12c5:d52f:f490:6624:3688:31eb,971-288-3503,1998-10-01,2026-03-08,2026-06-07
2b213f34-7b14-4cfc-aae4-4d25a2e22c29,apender81,Pender,ppender81@wufoo.com,Polygender,36cd:43e4:340f:5a7b:fd6c:2b3:2bec:469f,714-989-5956,2002-02-20,2025-10-13,2026-11-03
69bbb8c8-97d8-454e-b6d2-5c49b8da1a69,bedinborough82,Edinborough,oedinborough82@altervista.org,Female,63b2:414e:6409:9e2c:ed9b:31b2:19ef:f89e,402-953-2692,1998-05-15,2026-02-06,2026-10-30
1a2ef5da-a9f2-4ac4-be18-d9acd9eb098a,smackleden83,Mackleden,hmackleden83@spotify.com,Female,4aa2:ae17:a1c8:f935:5319:8d79:a62c:8d8b,307-365-3680,2002-11-26,2026-02-15,2026-04-13
9c0e4af6-22a0-4e4c-a95c-ba056d88dea2,celwyn84,Elwyn,kelwyn84@nature.com,Male,9cf8:bb89:9db7:4af3:58ae:aa38:8a2:a19b,368-450-1767,1985-03-13,2025-11-05,2025-06-06
6a373ca4-d05e-4005-8395-798c28270b98,vackerley85,Ackerley,gackerley85@taobao.com,Male,4af3:210c:631a:23ca:983a:c2bc:eae7:dad3,907-233-7543,1993-06-11,2025-08-09,2026-10-29
c2463bf8-3089-4779-a1c2-f94f226a33ef,gpride86,Pride,vpride86@telegraph.co.uk,Female,d89d:d637:103d:a3e:2cef:8bf8:63a7:81ec,214-856-8396,1993-10-11,2025-12-18,2026-03-22
5b4fdbdf-8969-46e0-a50b-403020823eb5,ptother87,Tother,atother87@canalblog.com,Female,69b2:bd3f:72e4:345f:6810:da4b:4e4d:76d9,421-457-4899,2010-04-20,2025-06-07,2026-02-16
71308973-7a71-4d33-bce8-11956be9bfa3,lpither88,Pither,mpither88@engadget.com,Female,8de7:985d:234:439a:4d66:a3f2:42b9:f8c8,720-516-8960,2011-07-13,2025-12-24,2025-09-07
0306515e-92ec-408d-8618-a0144b98ccc0,alecky89,Lecky,slecky89@nytimes.com,Male,dc87:59e1:f0cb:a37:3d37:16e6:bc73:d65c,986-159-4077,2022-05-22,2025-10-24,2026-12-08
e1b7ed81-4217-4cd2-ad3c-6ac13c5d40a7,mgilders8a,Gilders,hgilders8a@friendfeed.com,Female,30ae:74b2:72e3:bdbe:56d0:3d25:1c2b:f565,749-640-9407,2025-08-06,2025-08-10,2025-12-28
62130c1c-fcfa-4ec3-b71b-35d6711c11b3,efyall8b,Fyall,pfyall8b@businessweek.com,Male,605d:e921:d553:1b60:2698:ebfb:802d:6709,405-154-0888,1989-11-09,2026-03-22,2026-10-27
a23a9cf5-6a9e-4700-9f86-d360464d5ce8,gteresia8c,Teresia,kteresia8c@paypal.com,Male,57ec:379c:3d31:5013:b52e:ff31:bc20:b749,420-826-2636,2006-04-03,2026-03-05,2025-12-13
c0815839-172d-411c-a047-93a1a9cb2032,ewaitland8d,Waitland,pwaitland8d@msn.com,Non-binary,c2e2:70b3:d358:b2dc:5aa2:13f5:465e:771d,926-611-0196,1988-12-26,2026-01-04,2026-03-30
95dab9ea-b614-44a6-9efd-73988886d778,hchilcotte8e,Chilcotte,gchilcotte8e@dell.com,Male,1ecd:8ff9:4ba3:cce5:8bbf:63de:ae2a:29b7,601-533-8865,1997-10-31,2026-01-17,2026-12-17
5e8e965d-e6af-4632-bcff-c7daba143f2d,kmackissack8f,MacKissack,nmackissack8f@ask.com,Male,d01f:af31:b9b0:b6d8:2727:5a5:900b:b9b,249-898-9804,1984-11-06,2026-01-28,2026-09-12
4a9deb0e-f7f1-4bf9-a347-46c67a5c7def,pkitchinghan8g,Kitchinghan,jkitchinghan8g@ehow.com,Male,7ef5:4c87:4304:6fa3:5cc2:259:6e61:3a3d,723-187-7432,1991-10-13,2025-10-03,2026-06-05
1367dc2e-85ea-44cf-974b-091acb93a9d0,gcolnet8h,Colnet,ecolnet8h@buzzfeed.com,Male,8db4:3ef0:1bab:9ebe:1101:1385:92a4:b982,386-186-0707,2021-09-23,2025-06-27,2026-03-10
8eb57351-95f5-41ca-ab43-18cda29c4d89,tcopley8i,Copley,tcopley8i@statcounter.com,Genderqueer,ff43:539d:4d1:f669:bd3b:2401:bccb:1063,185-212-8730,1985-08-30,2026-05-24,2025-12-11
a785be33-8ac4-4294-a758-295f267cf432,domand8j,Omand,aomand8j@cbc.ca,Female,abe4:a52e:155f:f127:b3a2:61dc:5873:9a1e,505-222-8338,1998-01-28,2026-04-30,2025-07-10
9f87b328-d18c-4d6d-ba47-f5a0b818d2f8,coxtarby8k,Oxtarby,woxtarby8k@gmpg.org,Female,c11f:e7e1:cb13:7e31:18f0:6a26:8665:c4de,766-637-3392,2014-05-01,2025-12-08,2026-12-08
99fc1ba9-7f7c-4989-aa9d-69bcc36be77b,eflintuff8l,Flintuff,lflintuff8l@ezinearticles.com,Female,e62c:817b:190f:a0d6:2c60:cb23:7b00:700b,372-452-4240,2006-04-29,2026-02-17,2025-09-09
020a2ac1-d0e7-4ef5-8b21-f9e2661b0564,lcaspell8m,Caspell,gcaspell8m@shareasale.com,Female,b320:c2dd:91d1:53c8:e57a:3981:f275:7bcc,375-626-3389,1991-02-09,2026-03-29,2026-02-24
99fd9d7c-0ee5-47bf-952a-79adfd7ee04d,rscourge8n,Scourge,rscourge8n@adobe.com,Male,b659:754c:e8b:87c9:aff4:d84d:ab94:c8f7,569-914-7040,2005-07-09,2025-06-29,2026-05-12
dd5c9a49-badc-467b-86d5-091e500a30af,cgibbs8o,Gibbs,cgibbs8o@si.edu,Female,6b8:a486:6fe6:534e:8e50:27bb:923d:e289,289-232-2247,1992-04-19,2025-06-09,2026-07-02
483cbee6-0711-4bdc-b97c-675d4598178d,kreolfo8p,Reolfo,rreolfo8p@ebay.com,Male,3d2e:baf9:7f57:90ff:ecb3:efa4:956e:b938,798-218-8512,2002-05-12,2025-11-20,2025-11-04
800fa54f-404b-47ca-9169-9d277596c6e7,eboken8q,Boken,mboken8q@elegantthemes.com,Female,a650:808a:a475:a7a6:fe00:1dbc:6c64:818c,258-736-7721,2004-05-14,2025-09-17,2025-10-28
3b0e3b13-93e5-44b7-99e9-0ebb102f15b2,wtoffalo8r,Toffalo,ctoffalo8r@whitehouse.gov,Male,ddb0:e38:9947:3173:1b1c:9cef:d9ff:4e2a,651-120-0282,2010-01-03,2025-11-23,2026-05-14
16c64234-28b5-403f-8f12-afa585168a8a,wcockle8s,Cockle,lcockle8s@hibu.com,Female,273d:913b:d469:69eb:e7fa:6776:5809:44a9,469-882-2572,2026-10-22,2026-02-06,2026-04-19
5a3e468d-c8a7-4b86-8381-143d92affb70,yscragg8t,Scragg,lscragg8t@mail.ru,Male,cb38:2292:d1b8:1dd7:c016:5c4e:c1a2:441c,763-294-2138,1983-10-14,2025-10-10,2025-10-30
582ed1e6-db9c-4b6b-8f89-7301373e6a82,bsimm8u,Simm,csimm8u@bizjournals.com,Female,e372:20c4:6db8:aec4:d7c1:9b81:bc2a:4303,301-309-8675,1992-01-26,2025-10-21,2025-07-15
5f3f60d0-e6ea-4d9c-b015-dc0d9a9bf8fa,edelgaty8v,Delgaty,cdelgaty8v@independent.co.uk,Female,174e:f586:a3e2:2c23:459e:c18f:d2f4:9247,972-300-9509,1980-10-31,2025-12-26,2026-09-10
73f6494f-db45-4b0f-9bad-f44e9190826a,awilsone8w,Wilsone,jwilsone8w@irs.gov,Female,9d8d:35e8:409:58cd:b7f1:1616:154a:565c,234-813-9155,2014-08-03,2026-02-06,2026-04-21
4dd27ae7-044a-4799-b6dd-2acd4b0fc5d9,dlawes8x,Lawes,hlawes8x@wsj.com,Male,d35c:1b6c:290d:50ac:2a9:a41:3048:9345,663-420-7021,2020-08-24,2025-09-06,2026-03-03
a781e728-0525-438f-bcff-16a8897e2424,orobbeke8y,Robbeke,erobbeke8y@eventbrite.com,Male,786a:bf14:c67d:29e2:2f9f:6fa6:98ac:f345,586-580-8318,2016-12-15,2026-03-28,2026-12-11
59d4b727-0093-4f29-9fdd-ae707b78fc4a,pfawdry8z,Fawdry,hfawdry8z@go.com,Male,24b2:1ad6:2ad4:772b:5b03:1de4:abbd:5838,168-745-0823,2021-12-03,2025-07-23,2026-01-27
98a011e0-7a59-40c9-a71e-9ed3bf4a6fe8,maizikovich90,Aizikovich,taizikovich90@spiegel.de,Female,d686:e7ca:819c:b9ce:b5d:6437:35b2:c41f,516-801-5213,1991-12-06,2026-04-10,2025-08-11
3a3d7a85-5907-42ec-ab07-9abbaaf15e39,rpalluschek91,Palluschek,ppalluschek91@foxnews.com,Female,c8be:896c:d64c:dfcd:46b9:8259:3607:6e5d,277-248-8246,1987-09-02,2026-05-09,2025-09-14
3d33378c-56eb-400e-a75a-0ea59435090f,dcorain92,Corain,gcorain92@marketwatch.com,Male,5061:a1a1:6c51:a88:3c06:ea5e:c0ba:5e5,621-284-0154,1982-11-29,2026-01-26,2026-01-09
49358105-a83c-4a70-8dab-3ee0e37dd17a,cvasilic93,Vasilic,pvasilic93@mysql.com,Male,81eb:6540:f3c2:273c:2d25:60e3:2d9c:5557,253-838-1790,1993-11-04,2025-12-23,2026-01-25
f02f9d62-470f-4d4f-b593-eadda6f819e6,zstrooband94,Strooband,lstrooband94@goodreads.com,Male,2dbe:678c:767e:b4ec:90fa:cc01:63b3:89f6,780-690-0603,2026-09-22,2025-11-02,2025-08-24
97559c9c-e715-4c96-b0ea-744c4d1973b6,gbust95,Bust,abust95@live.com,Male,d580:96a9:5b38:e07b:1590:3b72:734e:8c8e,804-840-9148,2007-08-09,2026-04-09,2025-11-11
7f2ed47f-6c83-46b5-8f37-6d546803b8e9,kblyth96,Blyth,ablyth96@gmpg.org,Female,57d0:c75a:412c:ea38:b70d:e9ae:1d8c:c76c,552-965-7886,1994-09-30,2025-06-04,2025-10-13
4c0504b5-80bb-4ebe-884d-4969904cc47e,mmaulkin97,Maulkin,emaulkin97@artisteer.com,Female,9970:8a7a:c1bc:962a:d50a:d787:9918:6d50,623-635-6169,2008-07-07,2025-06-18,2025-07-08
c5eefab2-ae36-4783-9fbf-1d44fca2560b,ctoma98,Toma,mtoma98@comcast.net,Male,9893:5def:7700:37fd:1db5:d082:43b3:ebf0,940-644-0795,2005-05-14,2025-11-03,2026-02-04
4ff2d399-9ab3-4585-9923-5949e1499c81,qpawlaczyk99,Pawlaczyk,jpawlaczyk99@jiathis.com,Female,2fa2:83d2:504e:6aba:1826:93a4:613f:2a31,161-109-5851,1987-06-20,2025-12-14,2026-10-16
5f27e0c6-0d4b-4bfa-87f0-05b937d9f47b,dfleeman9a,Fleeman,jfleeman9a@xrea.com,Male,f2a:c52f:cda5:bdfa:3bed:dbd7:9533:cfa8,326-737-9113,2009-06-12,2025-09-17,2026-10-01
2f905cb6-8727-4d3e-8f5e-75b19d7b0b55,kokieran9b,O'Kieran,pokieran9b@printfriendly.com,Agender,f1b0:cffd:f53:cfd0:9113:c98a:3ca6:c8c5,707-123-8351,2012-01-04,2026-02-08,2025-08-08
a4dc2aa2-49fe-4ea6-9ef4-5d0f7f4fbbb2,hstackbridge9c,Stackbridge,rstackbridge9c@wufoo.com,Female,f845:fd08:850f:5077:572c:de2b:b982:2826,389-858-4643,1987-03-01,2026-01-24,2026-05-30
47a68ed2-ea08-4cb6-b52a-9075b699369b,tmichelle9d,Michelle,mmichelle9d@virginia.edu,Female,c26:5259:dada:fc16:e2c:c371:2e7f:c124,474-215-8976,1993-10-05,2025-12-11,2025-10-27
f2e8ef9c-7129-4a32-bc3b-6ce0b1dab129,tcranny9e,Cranny,bcranny9e@sina.com.cn,Male,58de:2bf2:cfb:794d:3aee:f52e:7913:d4aa,756-620-3150,2002-06-04,2025-09-25,2025-09-02
cebb7e34-7b16-4cc2-9d4e-d5c1eb0a0aa3,bmellanby9f,Mellanby,dmellanby9f@berkeley.edu,Female,4635:a709:32dc:545d:fb4d:7695:def3:b51,256-570-3081,2000-08-19,2026-02-21,2025-06-26
a1e12483-cc20-427d-8fa3-ea28758f88af,bmclukie9g,McLukie,dmclukie9g@hugedomains.com,Female,b46a:d5dc:477c:9596:c4e4:36f4:4995:9259,177-766-2365,2004-09-16,2026-02-05,2026-09-09
7a1b4ff9-3d11-4941-adb1-3e4bbb275263,grogeon9h,Rogeon,drogeon9h@reference.com,Genderqueer,b690:fedb:b9cd:3a7b:4645:ce99:dcf1:af3b,211-153-8681,2019-07-21,2025-08-15,2026-09-24
3d9c4492-21be-41b0-855c-e72acd9fcf56,jfalls9i,Falls,mfalls9i@sphinn.com,Male,837e:581f:1377:5884:c772:2f0d:e1ff:ef8d,283-910-6469,2002-10-11,2025-07-30,2026-01-20
e9b1ee93-85f4-43d2-8163-2af746e1808d,akollach9j,Kollach,jkollach9j@networkadvertising.org,Female,c84b:fada:5ee5:c713:e629:7bc2:966e:e64d,129-187-6225,2022-07-23,2025-07-21,2026-06-03
fd55fe17-aa49-4bf1-b811-913be514af47,rdunkley9k,Dunkley,gdunkley9k@cisco.com,Female,883b:4985:b124:1b3f:b690:64a:df50:63c7,131-420-5414,2008-01-30,2025-09-19,2026-08-13
27e29a9b-8f58-40cb-89ca-1509ff240eff,jlippiello9l,Lippiello,tlippiello9l@mit.edu,Male,7eaf:2300:6625:16a8:fe47:74e0:8317:377a,415-805-1075,1981-08-28,2026-02-26,2026-10-20
ef396e65-4251-4b5b-8a89-07cc458b543e,ealphege9m,Alphege,salphege9m@qq.com,Male,a33e:691e:a0d2:c31f:8aea:c26c:a8c8:39b4,777-790-3700,2013-12-10,2026-01-05,2026-10-13
ecff3ae8-5ee0-4679-8022-a08ee0d12c74,csains9n,Sains,fsains9n@i2i.jp,Female,1161:21fd:95eb:943:dd5a:c0de:5518:1859,311-678-4030,1995-05-07,2026-04-24,2025-06-14
39cb8791-39c6-4560-affe-c8999acaa2f9,gditchett9o,Ditchett,tditchett9o@drupal.org,Female,891a:19bd:c626:bc19:afd:be0:e086:ad3e,305-573-1193,2014-09-14,2026-02-12,2026-02-16
56ebfdaa-04bd-4eae-a03b-39400da547ea,jballinger9p,Ballinger,gballinger9p@imageshack.us,Female,2f7:154:dc46:9ecb:f8e3:ba79:a05c:e1a7,773-803-1786,2019-12-31,2025-10-05,2026-07-04
95117bb4-4995-4bd4-b6c8-327b4d57eeeb,lbettis9q,Bettis,ebettis9q@ehow.com,Male,d6fc:9ef1:2f0f:a5ad:1e24:6def:6108:451a,182-576-3396,2024-08-08,2025-08-25,2026-01-25
429b3bdc-620a-459f-84f4-86952f14c4d7,lbarrus9r,Barrus,jbarrus9r@cmu.edu,Non-binary,5970:2b3f:dad7:2d17:228a:caac:a23e:7d9e,972-967-7741,2005-12-12,2026-05-06,2026-10-12
f6c4793a-2717-4e3d-85a0-c613a4aa11ac,fshovelin9s,Shovelin,cshovelin9s@miibeian.gov.cn,Male,bbcd:4374:288f:5868:a56a:15cc:b53b:965e,220-539-5421,2000-09-29,2025-11-27,2026-08-02
4e7c90bd-5b2c-48d1-b0af-f44feb4703f1,ttrathan9t,Trathan,ktrathan9t@deviantart.com,Genderfluid,2b82:12fa:f4f6:54ad:a36b:6b82:e0e1:96f4,442-393-9252,1988-07-27,2025-09-05,2026-01-11
5006cbca-194e-4441-86fe-afdc8c93c118,ncamillo9u,Camillo,acamillo9u@icq.com,Male,94ee:b002:2242:84d0:aab7:75e:187d:2ab,344-675-5071,1994-12-20,2026-01-06,2025-08-16
c4ebb81a-61d5-43a3-8014-e062a92b749d,mceresa9v,Ceresa,rceresa9v@live.com,Female,2013:2527:a227:8f9a:383a:ab10:cebf:da90,349-207-7740,2003-09-06,2026-05-28,2026-11-26
15b9db49-3293-4e1c-9b16-6f0f9b2a2167,tbalbeck9w,Balbeck,sbalbeck9w@wikia.com,Male,3657:704f:8593:550a:8b5:636f:423:b4f,682-343-3431,2003-08-01,2025-07-01,2025-06-27
5949ecd1-47bb-4ef9-8841-be9756587cb8,ssollner9x,Sollner,csollner9x@cdc.gov,Male,66e7:c532:87ed:fe2e:3320:a85c:2e0d:dde0,880-493-2684,2011-07-21,2025-07-09,2026-05-01
a3534c6a-20bb-488e-a7a9-8f08b8726d25,agaisford9y,Gaisford,lgaisford9y@weibo.com,Genderqueer,3383:24db:6979:14f1:455e:b827:1285:ee5d,610-665-3344,1986-04-09,2026-05-21,2026-03-01
be695171-5e47-4065-9c3f-fc51b4f4bcaa,emcreynold9z,McReynold,rmcreynold9z@paypal.com,Male,f57e:ae7b:1472:1b8b:e050:8c7d:a056:34ca,154-125-2089,1992-09-11,2026-05-08,2026-11-17
5118b5c4-41dd-43ee-9027-43a954b4afaa,yrubina0,Rubin,arubina0@reddit.com,Male,e43c:daaa:aa1:6022:14e7:84b3:1768:a77d,592-505-4713,2015-02-06,2025-09-09,2025-11-11
14baa9e8-226e-4720-838d-e25274c9fd8e,cdevitaa1,Devita,ldevitaa1@uiuc.edu,Male,bde6:6ca9:a757:f13b:ff6d:73cd:69b1:6798,640-240-8595,2019-04-04,2025-10-22,2025-06-05
289f07f7-023d-4b52-8cd8-ea8786132cb2,mklempsa2,Klemps,lklempsa2@theguardian.com,Male,6651:1de9:5d9c:4c15:8c4b:7cf1:f5b5:b62e,616-831-5934,2009-06-23,2025-10-30,2026-07-29
f5031dee-c406-4d46-baef-dbf383248529,mthora3,Thor,mthora3@ucsd.edu,Male,c3e4:b857:e48a:4133:ab3d:6b73:7558:e00d,914-838-0134,1992-04-24,2025-09-08,2026-09-12
c842efa9-0b01-40ee-b883-3484a10f64cf,gtenanta4,Tenant,btenanta4@imdb.com,Male,5f13:557c:2f9:8e5:9768:b123:4758:309c,128-757-3359,1996-03-05,2025-12-19,2026-09-30
8c482ee6-a278-407a-88c5-4c7dc8cb38c5,bdegoeya5,Degoey,ddegoeya5@soundcloud.com,Genderfluid,473b:236b:1fc8:f297:f22c:fe81:d031:77e6,714-263-1677,2020-02-02,2025-10-13,2025-12-08
7f1acbe2-d4b0-46b8-b158-217f81e87adb,tsymsona6,Symson,bsymsona6@nhs.uk,Male,d4ff:1231:c238:1d75:2da3:edef:61cc:9250,305-591-8310,1989-12-14,2026-03-14,2026-04-18
f10ac271-2819-4ff8-a624-0df40d96995d,dbusfielda7,Busfield,kbusfielda7@china.com.cn,Bigender,a30c:eee7:f23:d1f:899:d634:2d3f:62ba,385-416-4231,1980-06-07,2025-10-03,2026-05-27
95a11db1-9e23-4a36-954d-192f5ba800f7,llusha8,Lush,hlusha8@indiatimes.com,Female,af3c:57be:2dfb:ac56:d2e:2c98:6dc6:ce93,862-946-3016,1996-05-23,2025-06-04,2025-11-08
9b05846a-9763-4827-a9f9-4e1a927cbb0a,cbernardeta9,Bernardet,hbernardeta9@tumblr.com,Male,a50a:2425:6aad:6ab:b29b:aafa:98d8:8ad3,338-985-2799,2020-02-10,2026-03-14,2026-08-21
ba9b0622-ffb0-419c-9c60-907950bd8a8d,alevertonaa,Leverton,mlevertonaa@cdbaby.com,Male,9141:7e75:7200:7f6c:426e:fde2:849e:e0d9,788-630-3696,2021-08-03,2025-07-27,2026-11-06
b91855e9-ebb2-4d6d-9d74-ce4f2887b96b,dmoatab,Moat,tmoatab@jigsy.com,Male,223b:16a9:cf2:3a95:b4f9:4c98:cdae:39a3,849-422-9177,1995-03-01,2026-05-08,2026-10-19
fc49c6d4-960b-48c5-a30c-18037514bfdc,sspurrettac,Spurrett,rspurrettac@berkeley.edu,Male,e6fc:d382:ba0:438c:5dbe:1a3f:2c95:64a9,922-233-4518,2016-10-11,2025-10-08,2025-12-31
d0885a97-ad3d-4ec3-9d80-408d785d0203,friccettiad,Riccetti,briccettiad@shutterfly.com,Male,35ab:99cd:dd23:c1d0:a99b:b674:7613:6a73,279-509-5703,2012-09-25,2025-07-26,2026-12-14
7c6b006e-9a17-4ea5-b42b-cde497a6eeb8,clamberthae,Lamberth,nlamberthae@zimbio.com,Female,959:cdcb:ee99:9b89:479d:5801:c79a:c28b,331-225-2204,2007-10-21,2026-01-27,2025-12-16
169c58ad-8807-41ea-bff9-dd26bef47193,cbateyaf,Batey,jbateyaf@google.co.uk,Male,4519:57b2:91b:3eda:5282:2662:56e9:790f,439-227-0123,1985-06-08,2025-12-18,2025-08-10
379c6768-33e7-4461-a907-e3d0cc116b95,jtorrijosag,Torrijos,ktorrijosag@blinklist.com,Female,eacd:25b6:27c7:f238:9185:5648:3285:490c,116-795-3474,2023-10-28,2026-01-09,2026-11-05
7d24bf83-ac73-4797-9245-fe3611f81136,jballendineah,Ballendine,wballendineah@japanpost.jp,Female,d66b:80e3:4d21:9fba:564f:dba:7760:8534,646-904-9753,1994-06-10,2026-02-21,2026-06-27
909e57ad-0c33-43e4-b7a2-2509b405c81f,tgoddmanai,Goddman,ggoddmanai@dagondesign.com,Female,22d3:dcee:be0:bad5:73cf:9e51:a06:ea67,909-327-8733,1997-06-25,2026-01-26,2025-08-17
465e6ba3-65e7-4b41-ad25-98e711047387,jpillingaj,Pilling,lpillingaj@merriam-webster.com,Female,85f1:5b7:abd9:61c5:d157:9a20:d1e3:4aa6,837-935-2877,1998-08-20,2026-03-03,2026-10-17
130f37ff-5555-47a4-be1d-26e0c10c1338,mbattyeak,Battye,mbattyeak@facebook.com,Male,6fcf:5eca:46cd:556e:439d:9742:1093:eb18,913-580-7574,2022-09-10,2025-09-03,2026-05-25
2a829c5c-ad3a-4267-9cdf-278d342dcc36,ctellwrightal,Tellwright,ctellwrightal@storify.com,Female,be46:14db:7a3d:8525:ade4:2072:6857:c45,374-829-2457,1993-09-26,2025-07-21,2026-11-09
a3f03e7e-188b-401a-88e7-731c801dbaaf,tandreichikam,Andreichik,gandreichikam@cisco.com,Female,8eab:9c46:63cd:b91f:1efb:7d6a:4698:cfd6,559-953-7218,2006-11-10,2026-02-01,2026-04-22
90881ac6-e083-41c8-8da5-911a6bc69994,ghalkyardan,Halkyard,dhalkyardan@hatena.ne.jp,Female,8e36:ff7c:10d3:cbd8:1ee9:f14a:b872:b1ae,441-447-3096,1994-04-01,2025-11-27,2025-09-08
ee8911a0-1c74-4095-ba21-8e4da19cb6be,jbinneyao,Binney,bbinneyao@seattletimes.com,Male,aa8d:88a0:5f99:eee5:5e31:1756:b8c9:a425,681-655-0205,2019-01-18,2025-09-08,2026-10-04
6804bbe4-6022-4aaf-ba4d-c42ace2db775,efurnellap,Furnell,lfurnellap@wired.com,Male,e179:1c80:173a:29b:c91f:c14b:3f5d:9623,936-906-6096,2006-09-11,2026-03-10,2026-11-06
569de17c-60aa-440f-8338-3af2589fd1f5,ffilippucciaq,Filippucci,sfilippucciaq@loc.gov,Female,e4b9:83bd:51a0:658a:5fb6:9dec:38fc:a3ab,978-905-9466,2013-10-22,2025-09-03,2026-11-05
95008665-c9ed-42b8-93f0-8f02a364961c,smaltmanar,Maltman,fmaltmanar@nih.gov,Female,ea36:9913:c244:6ef0:8354:e1c8:e0ba:6852,711-580-4912,1987-03-19,2025-08-24,2026-08-23
25dffdf4-9783-4ee5-bf64-fa059c5cdc07,khuertasas,Huertas,bhuertasas@cisco.com,Genderqueer,b192:dbf9:4578:271c:e744:d452:6a8:c632,468-125-5481,2003-01-05,2025-07-22,2026-05-16
a6119563-94aa-4dfe-b203-81a14405eb2e,mcowlesat,Cowles,pcowlesat@salon.com,Female,2997:5e5e:867b:624c:fbc5:c758:19a4:aab3,870-215-1832,2019-02-28,2025-07-28,2025-12-20
cac11c1e-37a1-4439-8e2c-de12961bb32a,dakroydau,Akroyd,makroydau@ning.com,Female,892c:20e4:5609:3214:c7c1:bc52:f02b:4865,216-213-8392,1983-01-18,2026-04-09,2025-06-08
a3277c41-ce5b-4eb7-b565-8c7c0699b127,zbeagleyav,Beagley,rbeagleyav@symantec.com,Male,3e89:1ec5:35db:1df3:d930:6133:3f8e:aeb9,792-942-3343,2021-05-24,2025-10-24,2026-10-31
f84b14ed-99d0-4014-91fd-c0d0c0c37b13,kdearloveaw,Dearlove,edearloveaw@census.gov,Female,8335:438b:e4a9:1401:d4f7:9a1:b4bc:766d,771-476-9919,1994-03-23,2026-01-03,2026-04-10
4a9d920c-6ebc-4506-86c6-99bd107246cd,wshallikerax,Shalliker,sshallikerax@redcross.org,Female,b0a4:bad1:2550:b420:ad34:e89d:e4eb:a2ec,694-347-2761,2023-11-27,2025-08-25,2026-08-29
dfbf9506-f656-410d-ba27-46342a06470b,dmcclymonday,McClymond,vmcclymonday@cbc.ca,Female,f67c:5be8:c039:c257:26c2:3b3f:51cb:140c,564-418-8992,1995-07-19,2025-11-06,2025-07-18
c32ed4c9-47d2-4d45-8bc3-72d9b4d15a35,hmaryonaz,Maryon,pmaryonaz@t-online.de,Male,7109:191d:557d:dc44:2a16:2a59:7590:3a11,499-983-6798,2017-11-03,2025-10-30,2026-09-25
b150e376-bf9f-4eba-886f-e70ff36e4b9f,bduddleb0,Duddle,bduddleb0@blogger.com,Female,77aa:68ea:988d:659:258:d953:95d8:e42e,887-358-0365,1997-05-16,2026-04-04,2026-01-24
f01680cf-bfc9-47cd-89a0-15d772b5a0c3,rdewdneyb1,Dewdney,sdewdneyb1@mayoclinic.com,Male,b108:281b:ae37:429e:e8c3:c2ad:5a48:34ae,298-413-0882,2011-02-13,2025-06-02,2026-04-12
2e5515c5-0b8a-4ef7-9dc9-e944a05724c8,pkinworthyb2,Kinworthy,nkinworthyb2@unblog.fr,Male,c245:c33f:2fb4:b465:2ac0:e7c5:3073:127f,410-942-0919,2023-12-21,2026-01-25,2025-06-25
28832151-eb29-41a1-adb2-a47dcbbfb950,kortellb3,Ortell,cortellb3@google.cn,Female,d0fa:5561:a2e3:3f35:b660:7115:f0fa:cccc,437-709-5475,2014-04-11,2026-02-11,2025-12-29
9186e9fc-851e-4406-a282-5117203bacfe,cbrockwellb4,Brockwell,cbrockwellb4@themeforest.net,Female,5d70:7015:b913:2df6:62db:5b8:7aa2:424d,895-545-1340,2012-01-16,2025-10-29,2025-09-23
c1b388e2-a0be-4fd2-b32f-a50e24b2537f,clewtyb5,Lewty,tlewtyb5@g.co,Agender,8af6:982:6e62:c1f9:81b2:c075:f07f:c7f,228-148-5628,2008-07-31,2025-08-10,2026-11-16
746f1d81-b861-40fd-87be-55ad2af607ec,jchasteyb6,Chastey,gchasteyb6@unesco.org,Agender,2368:df8b:6a5b:dffa:3c65:ce00:fb53:b21d,827-632-9691,2013-05-07,2026-05-21,2026-06-22
cabf858d-6a53-4234-a915-c512292044a2,kwinkleb7,Winkle,dwinkleb7@utexas.edu,Female,57aa:73ab:63d7:d0e5:8f64:65f5:145e:8ba9,321-249-0058,2009-05-12,2026-02-14,2026-11-16
fa945690-9740-4e29-8f32-54ae31807c46,dashbeyb8,Ashbey,nashbeyb8@com.com,Female,8563:e5a7:41a8:95d0:cfb6:64a8:ec4e:c45e,245-930-1733,1992-11-07,2025-11-28,2026-12-10
a355d55e-b5f0-480d-9fe8-d666ed5a753b,lscroggieb9,Scroggie,escroggieb9@amazon.co.uk,Female,91e4:45d0:a21c:acf8:9444:9406:6f62:e07b,113-404-6404,2010-04-10,2026-04-14,2026-11-10
e2cd47df-6dc4-4466-978e-57659e5be5a9,cgoldsburyba,Goldsbury,kgoldsburyba@dagondesign.com,Male,398a:4f70:353a:5add:ad77:6a97:9ae3:99bd,334-664-9619,2018-06-08,2025-08-26,2026-06-23
1c5be29b-0fde-4959-b76d-bd0e3a203466,hportsmouthbb,Portsmouth,bportsmouthbb@wordpress.org,Female,df09:6298:de66:df4c:3829:2904:62cf:c17f,257-893-8174,1997-09-11,2025-08-04,2026-01-02
cfe9b8ec-18f1-44f4-862b-3561ad0a2496,obromheadbc,Bromhead,mbromheadbc@state.tx.us,Male,6c2:1a32:b1d2:8dcd:6670:8975:9f24:bd13,174-836-5827,2012-01-03,2025-12-29,2025-08-04
39f01d31-9914-4287-a7d1-5c00843ac7a5,mkobusbd,Kobus,akobusbd@wordpress.com,Male,e767:480e:f2e7:9a51:800b:7f7:a87c:3b27,916-621-0555,1999-09-03,2025-11-07,2026-01-13
da9924d9-b15e-434c-934c-c27a23157c5d,bathridgebe,Athridge,tathridgebe@chron.com,Male,a038:d827:ed34:45e9:74f3:11a6:7e37:2788,124-374-6568,2009-07-26,2025-10-18,2025-12-31
36cc4780-e0e3-4762-94f7-507a41bc6aed,bcharlesworthbf,Charlesworth,bcharlesworthbf@ameblo.jp,Female,c331:a16a:cba2:7b9b:c408:1b2e:2b57:b784,491-695-2296,2012-08-23,2025-08-27,2026-11-12
a4ad9134-ce24-45cc-ba78-85cfad15a5e7,dmaddysonbg,Maddyson,hmaddysonbg@dyndns.org,Male,57d5:6e77:eae0:b087:63c4:7437:688:3bb0,393-289-5334,2016-08-28,2025-09-10,2026-08-06
5f52a989-dc5f-4715-8091-7dd651fb7138,nyakuntzovbh,Yakuntzov,byakuntzovbh@aol.com,Female,75a7:3b2f:f389:f549:1f:d249:37b9:342e,595-248-6415,2002-03-29,2025-12-07,2026-09-22
849e97c4-4eb6-48d9-898c-65f644751430,tavesquebi,Avesque,bavesquebi@archive.org,Female,b89e:d7e6:cf4f:48f8:4874:9d14:c07d:667c,572-466-2923,2000-09-21,2026-03-10,2025-10-16
431b9bd4-3a7e-4c68-8df9-f5027c60b690,erickaertbj,Rickaert,rrickaertbj@tmall.com,Female,e662:a2ec:34d7:2010:98f8:ecc3:fe35:819b,425-595-1040,1990-08-09,2025-06-08,2026-06-29
0b3b39e0-51fd-4e08-8c8f-ef8879eaf289,cbleibk,Blei,kbleibk@gravatar.com,Female,4bd9:8b43:226f:bdc2:279f:25ec:aebd:62ef,257-462-0627,2011-04-13,2025-06-17,2026-12-24
3d4e7411-cd0d-464b-97b2-b90b48e552b4,wbandeybl,Bandey,ebandeybl@symantec.com,Female,da85:bc7c:55b0:19dc:5a58:b2a4:b483:f556,747-264-8631,1988-12-14,2026-04-12,2025-07-04
4215a4b0-c850-4da1-b556-53fb01f44658,rdownbm,Down,fdownbm@bing.com,Female,1509:f8b0:8b3a:3111:a00f:b6f4:6529:c970,921-278-4038,1988-09-27,2025-12-04,2026-08-11
c26e526d-3ff3-411d-aceb-1bb33b8cb849,ebodillbn,Bodill,bbodillbn@yandex.ru,Male,f4c0:fae6:327a:e3f3:4acd:f5b7:cc21:c547,447-636-7924,2021-04-06,2026-01-14,2026-03-13
80ad0385-7453-4c83-9754-5fb154e7810c,mkrysiakbo,Krysiak,skrysiakbo@answers.com,Female,d29:f037:6e6:9b89:eb8e:9d9a:ada7:bd79,261-766-4641,2012-12-02,2026-02-01,2026-06-08
424268f6-7aff-4d10-a095-12cadd7be1ee,astorrarbp,Storrar,bstorrarbp@omniture.com,Female,dbfe:8a32:ff40:7364:c36:8a91:2400:9057,243-456-6606,2020-12-27,2026-02-18,2025-10-11
b6b7545f-1bbb-4733-b79a-d6d49db3ef6f,lhugonnetbq,Hugonnet,dhugonnetbq@hubpages.com,Female,3b92:373e:ca43:bacf:4307:6587:210a:6749,456-753-1680,1986-11-25,2025-07-12,2025-08-30
8cb22167-14c0-4f84-a358-6e862827767e,evalintinebr,Valintine,rvalintinebr@tamu.edu,Male,81f0:1233:20b:c1c:59b:3361:1778:3c01,718-232-0081,2006-12-05,2025-07-07,2026-04-14
35e1aa1d-65e2-4053-89a8-1e1bded6510a,chearnebs,Hearne,nhearnebs@washingtonpost.com,Female,7d01:4a29:7696:cf12:4ed8:c827:e337:4107,108-242-2362,1987-06-28,2025-07-13,2026-09-26
f154ef9d-8dc6-4bdf-8952-684c3868d9cf,dlincebt,Lince,clincebt@parallels.com,Female,babb:1b7b:103a:1448:27b2:126f:334c:8428,715-671-7427,2017-06-04,2025-07-29,2026-05-23
c99d9df5-3479-43ec-82c4-5154c6391798,dleneybu,Leney,mleneybu@exblog.jp,Bigender,4eae:94fb:fad8:4b94:2997:358c:9bb6:4c1d,557-862-8076,2007-09-16,2025-08-14,2026-04-20
cc453372-6aca-4000-bafa-a1b55d141076,ebacupbv,Bacup,wbacupbv@vinaora.com,Male,2a72:1b1d:385c:c4df:993d:ac9d:2f24:166,823-970-0008,2025-12-27,2025-09-28,2025-12-05
d4e3c6b7-e1df-4707-a014-d6ce36465bf4,rduckersbw,Duckers,cduckersbw@eepurl.com,Male,9a62:9e4:cbc9:e1c6:fc2c:ee0c:dc34:47a7,572-132-4432,1980-06-15,2025-12-14,2025-09-23
30fefcfc-3766-4660-8638-d0207b463201,jpallisbx,Pallis,lpallisbx@naver.com,Female,4bfc:252a:cf8f:9b6d:d70:2919:ee01:ef7,757-885-3376,1985-01-18,2025-10-31,2026-07-15
a6bb2359-541e-455b-81a5-b211091d76c1,vaikettby,Aikett,iaikettby@yale.edu,Male,6c5b:d53d:3beb:4e65:6576:7465:4ad7:cebb,528-371-1074,1996-01-19,2026-01-04,2026-05-16
8790a238-2b65-4d55-8905-b11c6274c892,creaganbz,Reagan,areaganbz@irs.gov,Male,b3f5:c8e5:3131:fba3:32d2:c2:5ae:1165,140-416-0565,2002-01-08,2025-11-01,2026-11-21
4218df4d-5019-4b31-8c04-6073a12004cf,kbartoszinskic0,Bartoszinski,tbartoszinskic0@list-manage.com,Male,bf1c:1e49:9013:d006:f047:d916:1f5d:e44c,394-999-9210,1988-01-14,2026-03-26,2025-11-22
12995abb-1d20-4627-b0d9-8abc51902e1b,akorlatc1,Korlat,rkorlatc1@de.vu,Female,44a6:8445:1fae:bd0d:d942:8f0f:e2b8:459e,268-192-3974,2014-08-29,2025-08-27,2026-10-21
c964f4ac-6168-4ba2-b43f-5388b852ec41,bgreenoughc2,Greenough,zgreenoughc2@nsw.gov.au,Male,8d36:83c5:63be:e488:90da:8b46:f299:bced,583-285-7352,2006-08-25,2026-05-08,2025-10-22
3ff5ec92-8b80-4c48-acfa-29b72aaed3ec,mflatherc3,Flather,dflatherc3@marketwatch.com,Male,948:2fb5:8728:15c0:3080:ccda:f2bb:da2a,613-452-2569,2017-12-29,2025-09-28,2026-03-15
281e0c39-0ad9-41c5-8fc4-f205f1cb209a,nflandersc4,Flanders,hflandersc4@engadget.com,Male,f234:3236:e5f1:ff1:f0d0:7b48:93ad:dfdb,443-298-3181,2001-08-30,2025-10-05,2026-01-12
08a273e5-68e1-4112-8b3f-f8cc4935815d,bbatherc5,Bather,bbatherc5@zimbio.com,Male,edaf:15fb:9d9c:f9ee:bdd9:e030:1e98:bdbc,364-946-2838,1983-06-17,2025-07-28,2025-11-24
d1ae7dfc-ce93-4e80-80ce-1b7a92381c17,braspinc6,Raspin,araspinc6@narod.ru,Female,58a5:a21e:1b8e:ac2e:b328:ed9d:7210:468f,200-444-6621,1983-05-02,2025-06-21,2026-03-26
465abb66-e49b-4796-ad0c-579c4e8f4a67,hwandlessc7,Wandless,dwandlessc7@deviantart.com,Bigender,31e:fda7:ef06:9c69:9d90:4e81:afd6:628f,414-170-2389,1991-05-04,2026-01-25,2026-02-20
3e435f87-6d5b-42c1-a54c-2981b2ea48e6,mcolquhounc8,Colquhoun,hcolquhounc8@ycombinator.com,Male,d247:684c:d59a:10fa:414e:e9bb:43b8:9394,684-877-4048,1980-10-17,2025-07-02,2026-11-25
47fa4485-c0f3-490c-b126-c254f144d726,mliddicoatc9,Liddicoat,aliddicoatc9@joomla.org,Genderqueer,d48c:743d:97bf:ea21:555e:5372:5ff5:7079,272-655-0622,2009-12-17,2025-10-06,2026-12-13
3af32d16-86e9-4107-bdac-60b6dd818c41,swynrahameca,Wynrahame,mwynrahameca@phpbb.com,Female,7bf6:9923:7d4e:498b:7395:4911:6f97:4953,972-215-8675,2014-07-30,2026-04-11,2026-12-09
d14f91ed-cfdd-4ece-b012-9f4f1fb0209f,jtulleycb,Tulley,jtulleycb@nba.com,Female,72b7:e3f3:6a2c:403f:960d:3e2:55d4:bc90,461-116-6629,1988-02-07,2026-03-02,2026-05-05
4205cf6c-7fe0-47cf-b927-4de8af8f7185,ldanilevichcc,Danilevich,rdanilevichcc@free.fr,Male,8c9b:a1:6405:4f6f:d9cd:a4c4:a6e5:a1f9,478-987-6872,1994-12-25,2026-03-09,2025-12-16
140174b8-ca33-43ed-897e-e0c547972ad5,eskaecd,Skae,sskaecd@springer.com,Bigender,6ca6:cde:caf1:b27c:136d:8bda:e39d:deca,647-897-1990,1987-10-02,2026-03-05,2026-02-01
93f063bf-ecd8-471e-b185-4b9794392024,mtrimbeyce,Trimbey,ctrimbeyce@mapquest.com,Female,2e8e:9b95:346e:137f:35bf:e03c:a04d:8bac,975-648-2047,2002-09-08,2026-05-10,2026-04-04
306faebb-6d63-4b84-b778-942e8675f268,amchirriecf,M'Chirrie,imchirriecf@upenn.edu,Female,5caf:a4c0:990d:21af:64d1:d941:2315:c396,512-503-0237,1986-07-15,2025-06-09,2026-02-16
aeda9fe8-77d3-46ad-8e97-6f4ecde475d6,bgrangercg,Granger,dgrangercg@ifeng.com,Female,c8f7:7221:55c:7a9:3ea5:e655:ff87:f0fe,158-648-6526,1982-10-02,2026-01-03,2025-09-17
56f6c330-6378-45d2-b8d2-b9930f756b8f,cillidgech,Illidge,billidgech@naver.com,Female,b160:796a:4e7d:60b4:4e6e:5c6f:ad0e:1078,215-133-1005,2006-06-23,2026-03-05,2025-06-06
f79db9c1-cfef-4b0a-bc8b-d3bd7bf39325,fbowmakerci,Bowmaker,lbowmakerci@blogs.com,Polygender,af01:a954:6faa:df93:37c5:e99:2d0b:dfaa,447-829-9667,2003-11-22,2025-11-15,2026-10-08
0dee54f8-226e-4968-9e91-0199ed5bcb00,mkinmancj,Kinman,dkinmancj@posterous.com,Male,4d5:a068:3250:9477:2244:4ed7:eb53:451c,975-800-0146,2025-09-14,2025-12-05,2025-07-26
903576e1-6157-4812-9e2a-910923d04d09,glegrysck,Le Grys,wlegrysck@cbsnews.com,Male,252a:ba3c:8405:1a6c:2128:d56b:87da:c81c,786-132-8534,2006-07-07,2026-04-03,2025-11-14
789de309-740b-4203-9df1-a66264ef1f52,jskarmancl,Skarman,lskarmancl@ucoz.com,Male,4a78:eec9:5b67:9ff7:80f:7c7a:3488:70ac,335-896-0724,2023-08-10,2025-10-06,2026-09-20
cb24946e-abf8-4e32-bd52-7b9079b16edf,jlaybournecm,Laybourne,dlaybournecm@acquirethisname.com,Polygender,6b39:74fc:634d:ec9b:bd2:16e1:c5ec:bad,757-913-2945,2007-05-12,2025-07-24,2026-12-21
9fcbf123-27f0-4418-8d7d-76ab43c26ee5,ezellandcn,Zelland,vzellandcn@dailymotion.com,Female,fd54:5120:eacd:4b30:f50d:51fd:f8de:1005,685-871-1891,2019-08-19,2026-03-13,2026-11-12
870a2040-34b3-4a9a-b728-3649c22d9e60,mharyngtonco,Haryngton,aharyngtonco@naver.com,Polygender,2578:7f0d:5cdc:8cef:4654:13e1:6ff9:ff03,685-914-5838,1986-08-29,2026-05-23,2025-09-13
7a7695ee-7b7c-4d7c-b77d-f838484e1ad2,lubsdalecp,Ubsdale,bubsdalecp@chron.com,Male,8e43:3cb8:21fa:8926:3b26:8d80:dc92:b64e,853-166-5951,1989-11-23,2026-02-24,2026-11-10
d47b7d75-df6c-4973-ae0d-ea4e61891c91,jtezurecq,Tezure,ltezurecq@creativecommons.org,Agender,7c58:6c63:ce0c:8716:d66e:bf39:9691:cac3,362-446-0871,1982-05-05,2025-08-14,2025-06-07
4e0bd7dc-0376-4b10-ae6d-76a6d9d1bf7d,dswynecr,Swyne,jswynecr@moonfruit.com,Female,9a19:146e:fe0c:7db3:cfec:7aa5:535c:c810,590-566-8684,1980-10-26,2025-11-20,2026-06-10
2a1eb817-f4c2-41fd-9b90-fff0a7b587e5,scampioncs,Campion,tcampioncs@skype.com,Male,92fc:a74f:a45d:14f1:b8e0:ed9d:c9f0:ba9e,398-390-7166,1996-07-30,2026-05-23,2025-10-12
707e586d-77f2-486d-99f5-9901ff985e2c,bcameranact,Camerana,kcameranact@accuweather.com,Female,907d:557e:7f30:6b5b:226f:b098:3f16:9fdd,456-326-4408,1997-04-25,2026-01-11,2025-10-20
a6a8406a-daeb-4f8f-87ff-583e652d905d,pnastcu,Nast,dnastcu@stanford.edu,Male,2edf:5b44:3a1b:687b:29b2:efa2:ee50:1b47,975-735-7441,2008-10-14,2025-10-08,2026-05-04
6d09f139-1739-48d5-9600-7d2a463a08ce,bgrinikhinovcv,Grinikhinov,bgrinikhinovcv@bravesites.com,Bigender,1410:e8fb:e107:8f47:7527:eb9c:c9fd:e1df,984-319-3087,2000-08-11,2026-01-07,2026-11-02
d544db52-8e89-4706-a8be-87f62ff09b1e,crodolicocw,Rodolico,vrodolicocw@hao123.com,Female,a9a1:7608:e792:3582:88a1:34bf:fc8e:2fa2,274-223-0247,2002-06-11,2025-12-08,2025-12-12
e3522525-7708-4535-8582-a287de25ddc9,rmuglestonecx,Muglestone,hmuglestonecx@salon.com,Male,5b1b:d04:5a51:9739:705a:a574:5059:33e0,412-925-9149,1988-08-18,2025-08-11,2026-12-19
a282b96b-674a-4216-9b28-aafb35b7469b,skitchinhamcy,Kitchinham,jkitchinhamcy@51.la,Female,5998:cec6:c43:fe1:71d7:7c9e:3f96:1ab0,319-723-4331,2023-08-28,2026-03-28,2026-12-06
bb70106a-cc31-4b81-ba90-26cfd3aa0a64,gshurrockscz,Shurrocks,pshurrockscz@liveinternet.ru,Male,8fcc:355b:55a3:175f:4eac:e4b6:41d9:11e6,646-644-4314,1982-03-30,2026-04-10,2026-04-17
d513a7fd-1fd5-4338-8b6c-f2ded39941d0,rmeachend0,Meachen,ameachend0@flavors.me,Male,f57c:c250:aa8b:8b15:cd9f:d7d4:37c9:2796,635-872-9936,2020-11-25,2026-02-13,2025-10-02
0f467014-f54d-44e2-9c75-3ccd00aa0a5f,dhaskettd1,Haskett,phaskettd1@state.tx.us,Male,783c:4769:8cd2:4d25:e3a4:9e32:65eb:29a8,545-626-1773,2004-04-25,2026-04-09,2026-07-10
31bf3fe1-14ab-46df-be5e-1a309443cfe0,thavenhandd2,Havenhand,hhavenhandd2@amazon.de,Agender,1c96:eae8:1c57:d45a:70d0:90a9:59bf:24df,560-199-3587,1997-07-17,2026-05-11,2025-10-31
07c70428-53c2-46dd-8847-ad442b379f96,pmoorfieldd3,Moorfield,rmoorfieldd3@spotify.com,Non-binary,eec1:d6e7:db49:669:129a:ea2a:16ed:2ae0,529-367-9460,2004-10-26,2025-07-14,2026-01-31
6317191f-d23a-4908-9065-afc9e155067b,gsantosd4,Santos,csantosd4@github.io,Genderqueer,8d71:2732:3d2c:54ab:92b8:8b2b:93c6:3c2,453-520-4536,2017-03-22,2026-02-02,2026-02-01
53aec3f1-a82a-4a1a-bcaa-31f5d0061690,ehightownd5,Hightown,nhightownd5@youku.com,Female,1ae4:4bc0:d053:2dd4:2220:ffc8:6e7d:d4e4,975-594-2708,2024-06-04,2026-05-15,2025-10-22
f4e511b6-e69f-4958-895a-e6fb75905142,nizkoveskid6,Izkoveski,aizkoveskid6@dropbox.com,Male,330e:5087:9c9c:8f7f:b8af:7be8:6a16:c466,210-424-3945,1998-04-11,2025-07-02,2025-06-07
df981d8a-5bdb-4600-bb2d-baa89f9a9f83,nreadwoodd7,Readwood,greadwoodd7@msn.com,Polygender,a204:9c9a:f187:20d6:be2f:e632:bb69:80a5,407-828-8661,2022-06-06,2025-12-20,2026-01-17
f7210314-cb21-4466-bf9b-c1ab7b45f50d,idomenichellid8,Domenichelli,rdomenichellid8@scribd.com,Male,9dc8:b038:1cf6:bc9e:e1e9:6617:db36:fad,313-346-2782,2018-02-21,2026-03-15,2026-10-09
e79c7c08-5956-44d0-be20-bc14d6e97934,wbalazind9,Balazin,bbalazind9@unc.edu,Male,e2e9:7779:1f9c:f13f:9a1a:1b1c:6ef8:3448,330-282-4795,2009-10-27,2026-03-28,2025-06-04
3e1ffaa0-6b59-4568-9b41-7082a9b506b7,ngarmansda,Garmans,ugarmansda@hugedomains.com,Male,f2e1:f972:c962:29c0:922d:f0b5:139:78d,346-983-8245,2012-10-24,2026-03-05,2026-05-08
f09bda49-3f66-4462-9e5f-36e784e9683f,padiedb,Adie,tadiedb@lycos.com,Male,bc5c:20d6:4ceb:b0ea:ccd4:a8f3:ddaa:3a0,455-270-2181,2018-11-17,2026-02-07,2025-09-16
2ff9349a-5403-4864-9312-cba71ece6eba,rmillsomdc,Millsom,emillsomdc@wordpress.com,Female,672c:10ad:d79e:cee8:a9ae:dc9d:63b5:86a6,760-674-5661,2020-04-12,2025-12-03,2026-06-06
f715c876-4cc6-411e-b449-901534e50141,asolandd,Solan,asolandd@engadget.com,Genderqueer,24ce:ff1e:997:3eb0:563c:335e:2a62:8423,467-336-8563,2022-07-12,2025-08-29,2026-08-02
c350ba12-a1f3-4290-887d-25d02083de41,bprykede,Pryke,tprykede@noaa.gov,Male,87c8:d206:2613:dcc7:2ee3:88a:4919:1430,190-627-8032,1990-07-03,2026-01-23,2026-08-04
751af225-a19f-41be-8388-ab5805dfda09,tkippindf,Kippin,jkippindf@privacy.gov.au,Male,4032:1df1:e4ae:34f8:ba6c:dcc5:457e:498c,121-580-8776,2020-12-31,2025-12-04,2025-10-08
3bc174bc-9f59-4c0e-8d23-c70adb045ea0,lbrunndg,Brunn,jbrunndg@1688.com,Female,94f0:4235:2910:cf4b:47e1:788a:425f:a7cd,371-589-4386,1984-06-05,2026-04-03,2025-09-16
6ac8fb92-2c24-4576-a9fe-f6e9727261fe,mrasselldh,Rassell,crasselldh@ca.gov,Female,dc2c:b782:6b50:ce56:cdb2:85bc:b769:7ed,794-742-8405,1989-09-05,2026-01-10,2026-08-12
f143bf01-5a4d-410c-ae0c-ac4b7e8d7107,rbaldettidi,Baldetti,dbaldettidi@desdev.cn,Male,9d6e:167a:e2f1:3bfb:fe67:ac24:43e:21d9,458-269-7399,2000-04-02,2025-06-09,2026-06-08
d0524896-9dfb-49f6-aca3-ef375546b2d5,abillingsdj,Billings,kbillingsdj@printfriendly.com,Male,2ca5:454d:7ac3:5e99:7174:626d:e00e:598d,901-253-3544,2018-03-13,2025-06-24,2025-07-18
0030bdfe-a0f4-466f-9e08-aa2b9a520d8a,nkinradedk,Kinrade,ukinradedk@deviantart.com,Female,5ad4:5b5f:3393:2d2b:6964:769d:63d4:7487,182-725-7116,1987-06-18,2026-01-02,2026-12-06
82d93b54-070f-4abf-ba1f-4b01aec45392,ncoverlydl,Coverly,gcoverlydl@canalblog.com,Female,8d61:6a77:f27f:4f08:9762:eae9:fb0e:a298,740-611-6105,1989-11-07,2025-10-14,2026-09-19
10d92411-ae7f-4bb0-af0b-47203c2cdf71,mkindondm,Kindon,jkindondm@123-reg.co.uk,Male,e17b:6573:982d:a032:af20:7033:9d1:9900,559-490-8595,2006-12-22,2026-05-02,2025-11-23
29097af8-e482-467a-92c4-6f6e7afb6b72,hholberrydn,Holberry,dholberrydn@prweb.com,Male,faf7:e165:c9de:593e:72ab:bebd:7f43:2db1,283-189-5420,1989-12-09,2026-01-27,2026-12-27
edddde1b-5bfc-4ffa-be82-9099ffbdd7a9,rbeldingdo,Belding,ibeldingdo@i2i.jp,Female,e41f:f667:d71f:e8d3:c3cd:d984:573a:ff7e,169-716-0752,1982-11-12,2025-10-20,2026-01-30
08037a5e-fe36-4d34-ab10-293d9031a798,fklimochkindp,Klimochkin,aklimochkindp@smugmug.com,Genderqueer,e30b:f006:70e4:9a0a:7ae8:e5a1:cc32:1d0c,244-794-5888,2020-03-19,2026-02-14,2026-08-09
6e4532b4-f916-4ba1-9c4d-edfe297bce7a,ldavauxdq,D'Avaux,mdavauxdq@berkeley.edu,Male,ccad:8a9d:273:d95a:c343:e81f:b0a8:b4af,236-713-1388,1983-04-28,2026-03-27,2025-08-05
8fbb3be7-a2a8-4f9b-8836-9b90c7a0b404,acasarilidr,Casarili,vcasarilidr@hao123.com,Female,88e9:a09c:a33b:b1da:e551:a9fd:ffd6:aab1,495-286-1072,2002-03-22,2025-11-30,2026-02-10
06f83b96-f924-40a2-9678-001617b7335f,cwellds,Well,iwellds@time.com,Female,b021:3c24:7048:2205:d654:4cc8:e54b:aff0,605-102-1583,2004-04-15,2025-12-25,2026-04-04
31da4418-db80-4dc3-bc25-88d05f85bbe1,lfinleydt,Finley,afinleydt@ed.gov,Male,9d3a:e074:65d:a277:ac80:459e:ab92:e908,544-366-4627,1984-06-20,2025-09-01,2026-02-28
74545f83-f9e5-488e-8f1f-4fa56d6d653a,lellumdu,Ellum,cellumdu@globo.com,Male,ac69:c7d5:287d:9c4b:2bd4:1292:59b6:b6d1,945-190-8035,2013-12-24,2025-07-21,2026-07-01
88ffee60-5015-4ebb-9fc2-0011a3318f74,bparkesondv,Parkeson,mparkesondv@ihg.com,Female,9d78:f7d8:c8c4:c35:4d79:32e5:1a5a:91d8,794-962-9009,1990-10-25,2025-10-07,2026-10-09
69421fb3-f815-4c44-a07d-7995bf99557f,kwoolerdw,Wooler,bwoolerdw@hhs.gov,Male,6150:74c3:efbb:2348:51e9:d1d0:c826:b622,275-582-3348,2004-06-24,2025-07-18,2026-08-07
4208379b-0fa0-45ae-91b8-53b668154473,qlangstrathdx,Langstrath,slangstrathdx@columbia.edu,Female,1350:165f:1595:6dca:dad5:2a7f:aaf4:8a00,929-486-6791,2022-12-08,2025-09-30,2026-11-14
a187b2ac-1f37-4f55-9a1d-fc72aaaac592,dlawrydy,Lawry,clawrydy@mysql.com,Male,8e1e:6426:e72a:b7cc:7f78:c5d:c6e0:1eba,730-307-4510,2023-07-02,2026-05-10,2026-08-30
288f942f-2f83-43b1-98f9-1f026ee7d63b,rroadknightdz,Roadknight,aroadknightdz@tamu.edu,Female,cdae:a4bd:5449:f6d3:74b3:324c:de2d:15e2,375-990-8359,2024-09-07,2025-12-15,2026-03-31
20fdc744-8614-4cc2-ac27-9a82cc0c32a3,cbussettie0,Bussetti,lbussettie0@fotki.com,Female,866d:831a:77c5:9e46:fc56:2208:ccf8:48da,323-432-3385,1985-06-05,2025-08-12,2026-04-17
c555ff26-9663-4827-8411-456d4205d2da,pgibbingse1,Gibbings,vgibbingse1@de.vu,Female,c658:4ae0:a217:747e:6d36:5c03:5c0f:291a,173-559-1531,1980-07-31,2026-02-19,2025-11-10
fefe78c4-60b5-4477-a65a-fb8f55f2d791,cgrisse2,Griss,hgrisse2@plala.or.jp,Female,2707:5db:b531:4e8:cdc0:38c8:363e:1643,643-889-6372,1998-02-12,2025-07-24,2026-10-08
b412b4af-e4e4-460b-b62d-108a0c3494a3,aoddboye3,Oddboy,voddboye3@github.com,Male,2fb1:cf1a:ba47:714e:7cb2:a280:20ee:64db,190-120-7416,1992-01-08,2026-01-28,2026-01-24
f3c41d8a-bf1f-40b5-97a1-d8a3d7b21d24,blamonbye4,Lamonby,rlamonbye4@sciencedirect.com,Female,86e0:b681:70c5:825a:b9a8:b687:b362:f281,608-190-5409,2013-10-16,2025-12-27,2025-11-03
48f25a2d-4ec2-43ba-b70b-6f4c20bb1e84,egreenacree5,Greenacre,mgreenacree5@clickbank.net,Male,f8ab:785d:7997:38f2:680b:943c:f8db:c4cf,768-709-5564,2024-03-15,2025-10-31,2025-11-21
fcaacb7e-c177-45fc-85c4-8b5c10aa66a6,mrupriche6,Ruprich,frupriche6@histats.com,Male,887b:a13f:919e:ffd9:911b:f2f4:6210:b2ee,898-981-9300,2020-03-15,2026-05-28,2026-08-16
52309e40-f111-47c2-b527-5b0669273589,jlonghornee7,Longhorne,dlonghornee7@homestead.com,Female,722b:495b:eb06:2dd0:87b8:5fba:1280:d57d,241-176-7705,1993-06-15,2025-08-18,2025-06-14
fb34ebe9-8127-4245-9121-92c019a73e73,snewbande8,Newband,znewbande8@weather.com,Female,7b30:6875:5c13:723e:973a:7b9c:ad11:d3b3,395-781-7422,2005-11-08,2026-01-18,2025-12-20
5c8b1dac-d6c0-43b4-9368-f745316094b7,jlettsone9,Lettson,glettsone9@fda.gov,Female,9f62:413f:57b:540b:9b46:3aed:5db2:28f5,320-120-3976,2015-04-01,2025-06-30,2025-12-30
fd3c851d-4a9a-4001-968d-aabd08493303,sgumbea,Gumb,wgumbea@vkontakte.ru,Male,7ef1:921:51de:a789:3173:69a2:89f8:ad10,100-472-0620,2012-03-03,2026-03-03,2026-11-08
a3cc35f5-cdd2-428b-8243-65c84ad7bcdb,cpasloweb,Paslow,rpasloweb@ezinearticles.com,Female,99a7:ad95:c378:5d8f:e23a:8bd9:1872:cdd2,238-673-5201,1991-09-12,2026-03-14,2026-04-24
4d55cfad-eebf-4537-af3b-19d69edd5b92,vedgleyec,Edgley,cedgleyec@bloomberg.com,Female,556d:f19e:5594:c389:7ada:a90c:1c1d:2eed,659-107-6880,2002-06-16,2025-12-06,2026-05-07
50e6cc03-a649-4f81-a31e-62ee43d07555,dvannered,Vanner,avannered@disqus.com,Genderfluid,cd67:d1ec:2255:3e84:83e3:1f8d:60cb:c54f,328-959-6091,2006-07-01,2026-04-04,2026-09-15
949fdf7e-892a-4ae8-9590-61f152d6d2a8,bnouryee,Noury,knouryee@multiply.com,Female,ed1b:ac39:5644:5292:e014:3213:42f2:3cc2,195-693-7816,2023-07-24,2026-04-24,2026-09-13
c795e7fa-5569-430b-b306-646e379ad45d,jmeldonef,Meldon,lmeldonef@wired.com,Female,1bdc:e146:6743:803f:bfa0:c660:43fd:78cd,742-419-7395,1999-10-19,2025-11-17,2026-12-20
bd99654e-b812-4b47-9d9e-720739f01ce0,lrickereg,Ricker,drickereg@ifeng.com,Non-binary,f65:3f8:dbbe:3bd3:7b1:910e:a6e0:ee75,447-264-8774,2019-02-22,2025-10-25,2026-03-25
adf4a80d-4197-47f8-b1a9-8bd5e653b477,cwroeeh,Wroe,awroeeh@vk.com,Female,ee20:b0:8c25:a3ba:600:7948:ae35:99dd,500-688-5817,2001-06-21,2026-05-11,2026-05-16
5c17060a-5d1b-42bb-a906-d4e2a2a07bca,imarsei,Mars,emarsei@utexas.edu,Male,fef7:561b:a053:8fd8:5653:4668:880a:12b2,524-670-2792,1992-06-27,2025-09-30,2026-09-27
fa8bc873-5858-4b91-a5bc-5f47e9deccda,rmackleyej,Mackley,hmackleyej@blinklist.com,Male,5052:2552:eec:3d6:a531:906e:89d0:645,458-166-7944,2001-01-08,2026-01-28,2026-12-05
a53b564c-a57f-45ea-9316-26a14e401309,cbarbaraek,Barbara,ebarbaraek@jugem.jp,Male,7a7e:eae:32c8:ed63:786e:6663:7b0d:ec07,799-845-4703,1985-11-04,2025-09-27,2026-03-13
e339b1bf-7ba4-4a01-9811-4c2381c6c6f4,eleeel,Lee,cleeel@squarespace.com,Female,89ca:d2d3:459:921d:5026:861:4e87:81fe,314-405-6304,2015-08-06,2025-06-19,2026-11-15
00e985b2-4020-48cf-9c5b-eca1808e6f4d,aalgeoem,Algeo,ralgeoem@tinyurl.com,Male,b4c6:57a6:677d:89dd:1c86:85c0:2e3f:5fb9,477-497-4040,2000-04-25,2025-07-04,2026-02-24
0cf6ef56-f161-4110-8ba6-f02051e5c271,pderingen,Dering,kderingen@noaa.gov,Male,caec:616a:65e6:9990:579:3dbe:b8d6:9d62,337-468-3508,2018-12-18,2026-03-14,2025-06-25
ab635c07-5147-49b6-818a-99af8e196f6b,icoolingeo,Cooling,gcoolingeo@arstechnica.com,Male,5aec:6393:6bdf:b787:2247:1304:3b71:ee39,542-613-2359,1990-05-08,2026-04-21,2025-08-01
5ead03a3-485e-425e-a12e-b4a531efd00a,abogieep,Bogie,abogieep@comcast.net,Female,82e5:1c1a:6aab:6b7f:82b0:8670:2ff5:e61d,298-514-1212,2025-04-06,2025-09-16,2026-05-28
f0d0d428-515e-4a02-a625-d775cf8d94ed,tmelburyeq,Melbury,bmelburyeq@zdnet.com,Female,41e5:f2b3:5081:4885:3432:922a:e403:5c46,381-425-1254,2011-11-09,2025-09-30,2026-10-03
e99d3dbc-c6cf-4955-a1e5-9cba159e4b7f,bcatchesideer,Catcheside,kcatchesideer@cnbc.com,Female,cb97:733e:cc89:7799:62a5:ccce:b1fe:c469,144-574-9011,2025-10-23,2025-10-07,2026-08-26
be81cab2-f23b-4d17-815b-13edfa7181bf,ndavitties,Davitti,gdavitties@china.com.cn,Male,129e:2ded:85aa:8257:e08:e195:5a51:9aa5,266-183-9137,2011-01-08,2025-06-28,2026-09-03
a1e40a42-0215-4057-b87b-bf419248d060,ascrymgeouret,Scrymgeour,rscrymgeouret@msu.edu,Male,6e86:7c38:6f73:d0d9:e841:a56d:2ada:1114,946-418-6611,2004-01-06,2026-05-02,2025-09-09
cd45ae0a-9bcc-4a04-b7d0-6ad5961ccf71,limasoneu,Imason,wimasoneu@marriott.com,Female,ef84:319f:308c:b640:3424:8d83:a5da:cd05,661-609-8392,1987-11-11,2026-05-04,2025-08-16
9b03baa6-9db8-4389-962a-0b521fa9ed26,hgaskellev,Gaskell,agaskellev@furl.net,Male,ccdc:9570:a325:b375:ae12:ef2c:dfcf:16fb,766-305-2846,2002-11-01,2026-01-09,2025-10-15
4d084b58-2118-40d0-a057-0584dc7a7248,bkeepeew,Keepe,ekeepeew@nhs.uk,Female,eddc:8475:9a43:64cf:3774:8869:603d:4aa,170-490-5493,2015-12-14,2026-02-19,2026-02-12
f9123942-8fd8-44cf-8b8e-47b4889c04db,trampleyex,Rampley,mrampleyex@geocities.com,Male,9c0d:2e48:cf47:93dc:dcc0:4ab5:d8ab:e9d1,101-421-6970,2020-01-03,2025-10-15,2025-07-26
202e584d-1bb3-48c3-b29f-970360e628b2,iwisdishey,Wisdish,pwisdishey@slashdot.org,Female,5792:2d3a:3a0f:d0ef:e7f3:6e67:652c:efaf,297-448-8097,1981-09-25,2026-02-28,2026-09-28
c3d5c22d-f842-44fc-93a7-60a6aaf2a2e7,lrandalsez,Randals,trandalsez@netvibes.com,Polygender,d540:3005:114b:f0e7:de5e:454e:1293:b8bc,866-639-8917,1997-05-15,2026-02-09,2026-05-03
c042e353-b58e-4150-8ebc-4cc69ebed9e4,ofullickf0,Fullick,jfullickf0@prlog.org,Polygender,d89c:37e1:d5e1:29ee:c2ce:6e86:ee9:5a2c,647-395-1198,2000-07-23,2025-11-01,2025-07-02
062c3e7e-6e76-408d-890f-d5170927dd0f,edellcasaf1,Dell Casa,cdellcasaf1@delicious.com,Male,adb2:39fa:cd59:5b8c:3be6:b442:dc6d:91fa,529-695-7226,2016-10-07,2026-03-30,2025-06-20
3fe0f6e5-a106-4cf5-a536-21008247ea9d,snunsonf2,Nunson,inunsonf2@booking.com,Female,41fe:470f:833b:debf:3d53:9d2:53ff:1e22,226-272-5525,1993-06-28,2026-03-18,2026-01-28
31eb7664-89f8-4459-8571-ecdbc04a6fd0,wgarrattyf3,Garratty,hgarrattyf3@wikia.com,Agender,5e15:91ec:280:66c3:ebdd:d61d:4a3:eefa,506-997-5337,2016-12-28,2025-10-26,2025-11-06
3abca528-8776-4a56-95e9-cb6a5d7ecff7,nizzettf4,Izzett,cizzettf4@kickstarter.com,Female,803a:a38e:77d2:44b:87a6:d978:fa58:310d,720-721-9061,1997-02-28,2026-02-26,2026-10-12
7b34575e-9760-4d32-9169-5cc1813d8d27,tshurlockf5,Shurlock,tshurlockf5@1und1.de,Female,9762:62f7:fdf7:daba:98af:9d46:48b9:6880,939-691-8940,1999-05-01,2025-09-29,2026-01-14
069d5e1e-2a5c-40c7-9547-76ca3aaf5583,mcamblingf6,Cambling,ecamblingf6@ustream.tv,Female,dff1:6ea5:44b1:a28e:c73a:4be7:7706:e5c,993-594-9810,2010-12-03,2025-07-25,2026-10-12
55fda1cd-7f86-4690-bb27-85dfb97d4b99,istiggersf7,Stiggers,istiggersf7@ebay.co.uk,Male,5540:df60:80ac:6838:f5d7:c352:32d5:879a,768-250-2627,1980-05-30,2026-03-18,2026-01-11
8e382762-3e3d-43b1-bd9c-0d96aa6e2492,rwilprechtf8,Wilprecht,fwilprechtf8@go.com,Female,2cca:3f6f:fa1f:c3d4:b2e8:d55a:6b3f:d10b,410-762-1084,2022-02-07,2026-02-24,2026-03-08
438b68a5-e46d-412c-81ed-8d9b57ed1f59,jstoppardf9,Stoppard,dstoppardf9@spiegel.de,Female,f4fa:6323:9b42:a55c:afae:efe1:eb22:b5ff,947-119-8018,1985-12-26,2025-09-01,2026-03-07
feed03c1-9b90-4171-bafe-c8821a9ccee4,ggerramfa,Gerram,lgerramfa@chron.com,Genderfluid,b71c:1daa:dbd3:67e0:4974:38a5:9d2d:c27b,827-890-0140,1998-08-18,2026-05-23,2025-11-21
45e63403-bab2-48c3-b734-68e40ddb2fa0,cbudgettfb,Budgett,pbudgettfb@slideshare.net,Genderqueer,53d2:7c51:da9a:e5a7:3f34:3b97:4446:d020,101-462-6918,1997-02-05,2026-01-19,2026-04-24
a6ff23a2-72dc-47b8-b431-b086ae41fdbd,wfermoyfc,Fermoy,tfermoyfc@businessweek.com,Female,34b7:d2d3:a3e5:8427:9dd0:28a0:ef1d:d4ad,547-294-8858,2014-11-24,2026-03-26,2026-09-14
d3fbaed0-2441-4e5c-9317-480c860037b3,vbrobakfd,Brobak,sbrobakfd@rakuten.co.jp,Female,3762:112c:26e7:3d68:a6a2:4edb:be8:f08a,140-385-9603,1994-01-13,2025-08-05,2025-09-25
196171df-8dec-4f1b-b793-489a5c19ceb3,pcranmerfe,Cranmer,ecranmerfe@huffingtonpost.com,Male,3fa:10ef:77fc:90ac:8e3b:98bb:4d7f:6287,611-704-3208,1984-06-19,2026-02-05,2026-12-15
c2f02818-46b2-461e-98df-3f01784971e9,mklemencicff,Klemencic,gklemencicff@nifty.com,Male,1513:c4ef:418b:6d72:13c:43e7:72e8:8463,694-456-9444,2018-11-06,2025-07-21,2026-06-09
4234115a-8726-4768-be13-054e14002905,obearcockfg,Bearcock,sbearcockfg@marriott.com,Female,72b6:ae0e:c638:1e68:d513:bb1e:7732:8cff,196-486-9680,1989-03-24,2025-06-30,2026-02-09
44aa8908-3e76-4b9a-b8f7-9b0cb22b9e65,anoddingsfh,Noddings,dnoddingsfh@etsy.com,Male,9457:871:c29b:c0dc:4ca1:f6b7:3293:b32b,438-218-7523,1991-07-27,2026-02-25,2026-01-02
a00c1737-a142-4ba0-b9de-14518ec4d651,hricartfi,Ricart,hricartfi@cdc.gov,Female,dd01:be3:15e:f78d:5878:e3a6:2df3:8474,529-394-5258,2016-06-24,2026-03-21,2026-06-08
a5c01271-439d-45d3-bedd-ef91a80cf2ee,dohannayfj,O'Hannay,iohannayfj@statcounter.com,Male,3c32:4ad9:b45:600d:e4fa:16a8:db85:d94,336-973-2718,1992-10-15,2026-05-19,2026-03-15
d1f0fc2f-28c4-4532-9490-91dc6bacf01f,jsarsonsfk,Sarsons,dsarsonsfk@nyu.edu,Female,9e8f:1ffc:ccfc:a75b:cd48:c228:b822:b2e6,763-870-9475,2015-06-02,2026-05-07,2025-10-01
ecd20187-7cd2-467a-9bd3-0de95f6ba409,jphairfl,Phair,tphairfl@amazonaws.com,Male,2655:5bc:cfcc:f581:27d0:396:3fec:9518,864-785-6783,2013-06-24,2025-10-29,2026-06-10
31cefa46-07e6-4ee5-83c1-fa607fd5fe2a,smacnessfm,MacNess,gmacnessfm@unc.edu,Genderfluid,f8c4:5026:5e00:abb7:b827:2e29:2c9e:9831,664-664-2464,2020-06-23,2025-12-23,2026-07-01
1a767052-2c0e-4ed2-bf82-c32752cb3bf8,wstoffelsfn,Stoffels,ostoffelsfn@typepad.com,Female,a7cb:cd11:9a98:d5d9:91c5:b6a7:16a3:b4cf,870-722-6652,1988-12-08,2025-12-06,2026-06-14
2a86c017-d15f-4ffd-9f5f-fe336fc6d709,sspincksfo,Spincks,rspincksfo@youtube.com,Male,817a:220b:ccaf:797e:65c:446e:f568:11f2,679-944-5898,1989-05-10,2026-04-12,2025-11-04
a878f552-0001-4735-9053-37942b3bb014,nmansonfp,Manson,dmansonfp@yellowbook.com,Female,a523:9f8c:255f:9346:c107:e1b8:ab12:6040,786-985-9415,1982-05-18,2026-01-21,2026-07-23
bec645b6-1719-4c79-a975-49773d88cce2,lsambeckfq,Sambeck,ksambeckfq@youku.com,Male,217f:9fef:5d39:4198:6a5a:778:d57b:c74d,782-347-2104,1991-03-09,2026-01-19,2026-10-08
3e16643f-ad37-4b00-9518-5979d0b0bf9a,mbexleyfr,Bexley,gbexleyfr@vimeo.com,Female,80b5:e70:c201:4124:1fc3:96cb:a942:66b3,895-887-9471,1982-09-16,2025-06-28,2026-09-21
00562cd9-f279-438b-9bbf-3678af49bba7,bgaspardfs,Gaspard,sgaspardfs@technorati.com,Male,9769:87c1:aeaa:7fd7:ac67:aad5:7d49:3002,257-830-2378,2026-07-21,2026-04-14,2025-07-07
6809a66f-3e85-4eda-bd6f-58a44535a01e,mpoleyft,Poley,mpoleyft@blogs.com,Female,bf5f:54f3:3a12:8276:e2b8:d16f:b83a:531e,521-580-8053,2007-10-26,2025-09-07,2026-04-03
a2f87a6f-02c7-498a-af8e-046a9d90739b,lbanckfu,Banck,cbanckfu@ftc.gov,Female,b39a:a1f:1570:55c2:6b12:8d73:62c0:ea48,201-882-3269,1991-07-08,2026-01-10,2026-10-28
b580283c-610a-4f33-b918-ad53d9e5b66f,jbuckellfv,Buckell,ebuckellfv@sphinn.com,Female,5032:68df:8fca:a12b:48c8:5e01:eafc:c133,946-312-6815,1997-02-11,2026-03-20,2025-12-29
e7bc5a95-0915-47af-b8e0-f38171fac0fd,bcauthrafw,Cauthra,hcauthrafw@imdb.com,Male,ac9f:6a9f:5f61:3e3f:b35b:c1b:737e:889c,476-745-2523,2007-02-16,2026-04-06,2025-12-28
f5bf5c67-047e-427d-858d-b22b3b9eb00e,alarmetfx,Larmet,clarmetfx@redcross.org,Female,a9e0:350d:e97a:ecbc:bb9b:74ac:5894:cf79,264-285-1550,2008-06-18,2026-05-28,2026-05-31
22878ada-3a9b-4ae8-a196-f4ae9654f7c1,droddafy,Rodda,sroddafy@sun.com,Female,bc71:9966:98d3:ab9:420c:84a4:65e5:7f34,653-691-6042,2023-02-11,2026-01-14,2025-12-16
aaa4b015-9e88-49b0-b518-cd54d5b75c93,psobtkafz,Sobtka,hsobtkafz@surveymonkey.com,Agender,b1d9:cf79:9082:f177:f533:a326:ecc4:fa16,461-410-5409,1985-02-19,2026-03-16,2026-01-22
2457b458-0467-453b-9835-87cfe9d23ef3,dkoppesg0,Koppes,ekoppesg0@yellowbook.com,Female,a327:e999:7631:a632:e97b:e121:f73e:4f75,790-401-3636,1998-11-30,2026-05-19,2025-09-17
17026936-b759-4716-9cf0-6ad3868b59e7,pswetenhamg1,Swetenham,kswetenhamg1@sohu.com,Male,d9ea:705d:591d:4d9:43cc:1850:e56f:46aa,193-973-3105,1981-02-21,2025-10-22,2026-11-02
b67422ba-1a95-44fe-88c9-0a699c56ad89,pmoakesg2,Moakes,gmoakesg2@google.co.jp,Female,b847:e168:a1bf:872d:316c:50e7:91c9:c28a,474-226-3811,1996-09-30,2025-10-21,2025-10-16
5a37ecc8-79bc-4a3a-a948-a79888ebd179,sdallisong3,Dallison,mdallisong3@webs.com,Male,f0be:2438:83be:9815:9006:5681:a773:49ad,490-519-1696,2006-08-24,2026-04-30,2026-03-30
a29fbd65-d3eb-42dd-8381-dfbeb49877de,ahassentg4,Hassent,ehassentg4@sciencedaily.com,Male,84ce:22b4:cde6:472d:c2e5:86dc:2b86:2c1f,422-410-0238,1988-10-21,2025-07-19,2026-04-21
1d9ed980-f054-48ce-9617-23b3ce7753a3,ktunsleyg5,Tunsley,ltunsleyg5@fda.gov,Male,3835:d74c:1a44:a41c:5546:f6af:441f:7467,379-760-6952,1985-03-06,2026-01-14,2025-07-24
b4351bb5-64ba-402b-a338-09336a33638d,abartalettig6,Bartaletti,bbartalettig6@ezinearticles.com,Male,bc47:6c61:c71c:9dcf:b763:d2d3:80dc:388a,218-825-8403,1982-10-10,2025-12-20,2026-06-11
149ceece-7cd8-4957-8b71-ff2264ccd064,eelsmoreg7,Elsmore,pelsmoreg7@geocities.jp,Female,c61a:2b17:ad7e:b83:428a:462a:29f6:b81d,683-937-3770,2024-12-29,2025-11-08,2026-12-05
cdcf1a76-e97f-48f9-a1f5-3a001306c315,amarquissg8,Marquiss,tmarquissg8@unicef.org,Male,4246:69b2:9ce:f92a:fa83:b841:96bb:de98,599-249-2696,2012-02-25,2026-03-17,2025-11-28
769742c7-b9f0-4b6a-a9e1-ec3614c3b62b,sbartolettig9,Bartoletti,abartolettig9@chron.com,Female,12b6:ab04:7a3b:5397:ad15:c01d:8c1d:f81d,683-644-2906,2021-04-23,2025-12-24,2025-08-13
004ab54a-9610-4e8e-9663-6e47b7e54d16,astebbinga,Stebbin,mstebbinga@shareasale.com,Female,5d00:3653:aed6:e7e6:7275:960d:1e50:fb08,584-435-1280,1991-01-28,2025-12-08,2025-11-25
b19286aa-e3b6-4c14-811a-e40f0afd99f1,gabrianigb,Abriani,aabrianigb@walmart.com,Male,8e51:d125:236a:3e3a:1b0f:ab24:dc6f:4d7a,737-824-5821,2012-07-28,2025-06-11,2025-12-13
398d3f5b-e564-44ad-b227-fcf9dc612050,joguzgc,Oguz,aoguzgc@linkedin.com,Female,7e6:b631:a6f4:d7c5:92ba:6a47:edfd:be7a,871-344-4359,2008-11-30,2025-07-21,2026-03-03
470a0e43-c6b1-4584-b9a1-abb01bbab190,kmcconaghygd,McConaghy,fmcconaghygd@cpanel.net,Agender,3a64:2dc7:6765:cc29:98f0:ad5a:52f9:caf8,221-502-5926,2002-03-17,2026-01-14,2026-09-26
d092d6db-ed0d-4a37-b41b-1127643fc674,aollege,Olle,bollege@bing.com,Female,2d99:ce9:5976:2828:5e2c:3d7e:f68b:9af1,175-195-4586,1987-07-18,2026-04-17,2025-08-10
3f43e3a2-41ed-492b-8a2c-f4139266bce9,jhounsomegf,Hounsome,ahounsomegf@smh.com.au,Male,b2cc:bf6a:b77:ed8e:96f4:b06f:690a:b739,495-267-2877,1995-09-24,2026-03-29,2026-09-20
a0394b74-fcbf-4549-a6d0-e9223ba76fc7,psteensongg,Steenson,asteensongg@seattletimes.com,Female,51ca:7fd5:8297:f3bf:4099:17db:ff7a:2bc8,857-923-7828,2006-01-19,2025-08-21,2026-06-28
b657b35b-748b-4f82-bf81-744f4203e43f,bfermingh,Fermin,rfermingh@buzzfeed.com,Female,63c7:179b:f00d:29e6:96a0:fccd:bc8d:a99,375-187-2557,2020-12-18,2026-05-18,2026-08-17
d9199195-545a-406d-8c1e-a0c00ef16c02,rpoultongi,Poulton,lpoultongi@blogger.com,Male,e3a:2c61:4dd6:abff:1d4c:1c6f:f402:b6a2,236-254-9404,2008-09-25,2026-03-26,2026-05-02
c2627537-865b-480c-994d-6035cb65e5ef,abonehamgj,Boneham,gbonehamgj@zimbio.com,Non-binary,c4af:4ffb:13a6:4eb0:ccb2:814b:bd4a:b2bc,391-697-5286,1982-09-18,2026-03-16,2026-01-01
ce19eda6-49b7-4781-8e82-639568762f4f,kclingangk,Clingan,vclingangk@cnbc.com,Female,77b:e53e:311:1e24:1595:33de:1f35:bb0d,501-830-4230,2000-02-28,2026-05-24,2026-12-17
7e9b4293-fd3c-4cc6-9905-55a73addf565,jgillardgl,Gillard,bgillardgl@myspace.com,Non-binary,286a:378f:2374:641a:7a0d:c187:d9a:b6c8,371-699-7450,1989-04-23,2025-12-26,2026-07-18
3dba1432-9fb0-4608-a03e-1eb545740a92,cgilberthorpegm,Gilberthorpe,fgilberthorpegm@spiegel.de,Male,9fd0:9e7d:9f93:c006:813e:fcae:2f2d:4586,256-215-2316,2007-01-20,2025-12-24,2026-01-14
c805718b-c5eb-4e52-a01e-a6ba45d27320,bhainegn,Haine,dhainegn@posterous.com,Genderfluid,ccff:b1c0:8ae5:d29:c84e:eab5:ebbe:96ff,969-831-7651,1984-01-07,2025-11-12,2026-12-21
9d781ee6-7f44-4144-9d5e-35b7d015b1e1,cabbisongo,Abbison,pabbisongo@cam.ac.uk,Female,590b:2f1:3fb8:ed24:3f5:23d4:e4ad:b87e,663-346-9112,2017-06-25,2026-02-24,2025-11-10
19033171-9f0c-4335-857e-49a7ccb9e615,gmargetsongp,Margetson,cmargetsongp@foxnews.com,Male,e999:1f38:8807:94c4:c21e:4fb2:842e:62ff,644-918-2802,1993-08-26,2025-10-15,2026-02-10
edd9a845-c135-403f-b2c9-cd43d8902c42,dlequeuxgq,Lequeux,glequeuxgq@fda.gov,Genderqueer,876f:5a36:8b98:2241:f8c0:a7fe:f8bd:e011,906-362-2077,1984-02-29,2025-12-03,2025-08-29
f11b1399-0a10-4354-ae08-45f277b4b287,ediggensgr,Diggens,tdiggensgr@w3.org,Male,f6a2:6cfc:14c:c862:1cf9:3069:5fea:f4ba,846-171-6119,1984-07-10,2025-08-02,2026-09-07
8f7c1c4a-43df-432d-9b2c-531d93c2c1f9,rrodgersongs,Rodgerson,mrodgersongs@bbb.org,Male,7138:a890:12d:4995:b9ef:fc90:a3af:b7d9,715-860-6945,1996-08-28,2026-04-07,2026-01-01
ba840f15-d7c7-46c7-b997-812aa5933bd6,mmcphategt,McPhate,wmcphategt@ucsd.edu,Male,382a:80c9:7803:a9d:e315:85f8:7696:1cd8,545-606-8137,1980-08-12,2025-10-19,2025-10-02
2c5ac143-4e8c-4a80-b4be-427b2bc8918c,rwaytgu,Wayt,mwaytgu@sogou.com,Agender,25ce:4797:f0d3:8c66:b0e7:389:9b39:bc39,302-763-0991,1989-09-23,2025-10-08,2026-06-13
2365d183-0976-4cc5-8e49-d3786825a96e,rstrottongv,Strotton,wstrottongv@gov.uk,Female,fa37:7640:ab17:a057:9bb3:36d5:c407:892c,540-690-7715,2010-03-19,2025-06-28,2025-07-12
e11a4bc8-5433-49cf-a0b8-503407316031,ohursthousegw,Hursthouse,hhursthousegw@macromedia.com,Female,11fc:28e7:7bdf:9c87:4df7:fdfc:5a74:4e3d,122-937-4732,2013-04-17,2025-12-03,2026-01-31
539a46a7-6263-4edb-8df7-6aed11747181,cmatthisgx,Matthis,lmatthisgx@columbia.edu,Female,10ca:166c:1c1b:ad7e:2e8a:81a3:a3f4:e66f,271-659-4397,2025-12-30,2026-01-05,2026-05-30
a0e93be3-8833-4d3a-8650-b07ff2e41734,gdacegy,Dace,cdacegy@cmu.edu,Male,fa1a:6a0b:1e36:b079:1c70:f4ec:a0fc:a2b6,111-392-9864,2005-11-25,2026-05-01,2026-11-28
28523937-71b9-4e05-8b33-5e3ad83408e7,jwhealgz,Wheal,dwhealgz@so-net.ne.jp,Female,937:acf2:9b9e:b:bbf9:52d6:8e7e:8938,264-772-0306,1990-08-28,2026-01-26,2026-10-22
aba3d34f-266e-49d2-8dc1-cadafef6b2ac,kklossmannh0,Klossmann,wklossmannh0@xing.com,Female,fc66:887b:294a:6fd3:e4c8:f633:90ee:2477,657-464-9019,2016-04-02,2025-06-13,2026-11-30
52161676-d3b8-4e22-826e-4180c9324ad3,emacgowanh1,MacGowan,mmacgowanh1@telegraph.co.uk,Female,9f86:3325:d460:4e3e:4949:489e:6d60:1346,610-304-2218,2019-07-09,2026-02-08,2026-10-11
2908a371-9084-4d79-9c76-b5ec9b51bff5,mgepsonh2,Gepson,cgepsonh2@aol.com,Male,9328:674e:3924:b360:be8:e51d:e13f:5806,913-124-1027,2024-04-24,2026-05-06,2025-06-04
3236cafc-9a30-46e5-b930-c0714912d6f3,bcunniffh3,Cunniff,rcunniffh3@toplist.cz,Female,ef19:b04c:6d64:fd1c:c5ef:d7f2:b3fb:3c62,384-982-2036,2004-07-20,2025-11-05,2025-12-01
13271477-1ad1-4807-87c8-46956ca36727,bschneidauh4,Schneidau,mschneidauh4@merriam-webster.com,Female,1626:5b08:ab75:c343:a6d5:4ca9:ea48:cc0c,305-588-6580,2016-03-05,2025-06-29,2025-09-08
eb12ce53-1681-4ef5-a134-a797f4bfd57f,nbatisseh5,Batisse,cbatisseh5@hp.com,Female,be7d:7ad9:7b42:f962:c012:3879:9b59:cfa6,597-875-8269,2024-10-03,2026-05-05,2026-03-08
fd7efa23-08a3-4b21-939f-da3564f6eef6,dohaganh6,O'Hagan,rohaganh6@symantec.com,Male,fad8:f884:7a50:f34:af4b:b360:88bb:9023,437-663-6570,2004-09-02,2025-10-29,2025-07-24
56ba4f58-0d3a-4bda-ba8f-f1fd1c730d8f,rgiovannillih7,Giovannilli,egiovannillih7@slate.com,Male,bc57:1fc1:c4f4:e85:fe8a:e194:6a18:5200,812-151-2360,2017-04-10,2025-08-23,2026-12-02
b1e76785-7c9f-4644-a3b6-727501737717,sleghornh8,Leghorn,nleghornh8@sun.com,Agender,ac69:55ea:f531:7e91:ba5b:59f4:3b40:971e,851-510-1162,2007-09-25,2025-10-15,2026-12-05
b0de3f77-3741-44e2-9015-54094d4f18ea,vbennellickh9,Bennellick,bbennellickh9@bravesites.com,Bigender,bea3:248a:3b72:6d68:920b:4240:584b:8134,630-347-6823,2000-03-21,2026-05-25,2026-01-08
302790f8-5656-4876-8e13-5b3be8c24975,cbuddleighha,Buddleigh,jbuddleighha@earthlink.net,Male,173b:d5e6:1e7b:8871:5095:b188:d7d7:f7e3,423-833-0753,2014-08-28,2025-08-30,2026-08-28
456dd14f-21d1-453e-bea6-3374b7e62164,rsolomonhb,Solomon,hsolomonhb@joomla.org,Genderfluid,e01e:32da:ddbc:59cb:ff0c:c557:1203:8d1e,714-244-7618,1993-03-05,2025-11-03,2026-11-18
44d8cc4b-23a5-4db2-8410-32b6e8f37dd0,zhellwichhc,Hellwich,bhellwichhc@craigslist.org,Male,ab0f:3a8b:814c:344e:b83e:b5ad:d36a:1c33,502-170-1848,1980-09-06,2025-09-29,2025-09-15
e520c686-c804-46eb-a762-2c96d2976310,ebexleyhd,Bexley,rbexleyhd@noaa.gov,Male,3215:8d55:a938:88b4:e6e9:1cd2:cb7b:5f80,604-556-3947,2005-10-06,2026-01-12,2025-06-15
6cb9727c-4fd4-4adf-b4ab-f9da7917ecfa,tnelsonhe,Nelson,rnelsonhe@cyberchimps.com,Male,287e:8b7b:e1e8:3775:5b8f:27cf:ad17:5a32,251-889-4901,1994-09-24,2026-01-25,2026-03-01
b16c7379-2433-492b-a7c8-1f16e1f66772,bhaisellhf,Haisell,lhaisellhf@tripadvisor.com,Bigender,9438:80ca:70b7:2e6b:1a7e:9e0c:9519:4e30,293-384-6041,2019-05-14,2026-05-07,2025-07-22
ead1ba56-78d4-456b-a70a-6df28697cc94,tbeddoeshg,Beddoes,obeddoeshg@mapy.cz,Agender,13da:d6a5:c8c2:5cdb:563f:e6ee:1f3c:798d,690-455-5939,1986-09-20,2025-07-24,2025-08-19
5f43a20e-28e4-46ce-bec2-f62c9f38807c,ldagostinihh,D'Agostini,jdagostinihh@goo.ne.jp,Male,aa70:7c1b:a3eb:8d43:617:a0be:bdb:703c,970-769-9707,2017-09-18,2025-11-09,2026-10-10
8f6f2e17-944f-468b-a8e4-e25d2568dca0,jvolantehi,Volante,cvolantehi@shareasale.com,Male,84d3:528:c38f:f3a:5d6:2044:ebf1:55bb,157-731-8275,2001-04-06,2025-09-09,2026-10-14
e8eb9361-77f1-4860-aa1a-28a2d2b7066c,fmarciekhj,Marciek,emarciekhj@digg.com,Female,9214:51c2:adc5:354f:b1b7:a16c:c15c:165c,705-388-1673,2013-10-23,2025-11-25,2026-06-05
3924c00b-bfc8-455a-85c1-b6afc55e3e69,tkenwayhk,Kenway,mkenwayhk@indiatimes.com,Female,cb9f:be97:d34c:1b48:d4ea:2cbd:e28:6d18,177-285-8395,1983-11-05,2026-05-22,2025-06-20
03be0af4-4e92-43cf-bffc-fb2550473647,jnoadshl,Noads,cnoadshl@walmart.com,Female,a92f:9cea:39fd:8240:a812:4fe7:c3c4:a5ad,281-565-3787,1996-03-16,2026-02-01,2025-10-24
d3ad1944-d5ad-4540-bd7e-f4b65717df7c,gmealhamhm,Mealham,omealhamhm@mysql.com,Male,1c91:80f5:7ab4:a8e9:d7bd:e894:e43f:28f5,248-859-5982,1993-12-23,2025-10-08,2026-04-08
fbfbff8d-caeb-488a-be46-a46b1b3bed9d,rderycothn,Derycot,mderycothn@loc.gov,Female,34e8:fd5b:e6e3:a55d:6669:57c0:8d47:ad3a,600-777-2507,1996-05-08,2025-06-02,2026-12-30
58dfeec8-1a64-4156-af48-620993ca8604,ktomasoniho,Tomasoni,htomasoniho@mysql.com,Female,5a:2073:dcde:e9:18ab:791d:b211:2183,366-727-0818,2004-06-16,2026-02-15,2025-12-07
29701489-0f67-422b-9aad-9f8481ec0401,jniecehp,Niece,tniecehp@e-recht24.de,Female,e35d:36c4:8d18:e8fe:a4d7:daac:e2b1:5f62,809-432-3341,2002-06-18,2026-04-08,2025-08-08
b58e0086-3225-4bf7-b3a1-30b566bd3a86,dbrinicombehq,Brinicombe,jbrinicombehq@addtoany.com,Female,14b:b637:8480:4b53:280e:efab:b2ff:ac3d,229-572-7371,2006-09-29,2025-07-21,2026-10-01
bd24d0b5-53b8-4feb-a9d4-821baa6427ff,tjerschkehr,Jerschke,sjerschkehr@jugem.jp,Male,377e:7be6:1f37:72ad:5a36:f60f:6061:8f99,832-135-4929,1999-02-07,2026-04-22,2025-11-12
92dd6c9d-6081-499c-b562-ccb4f7fe88a2,hcoultardhs,Coultard,tcoultardhs@eventbrite.com,Female,c699:cba1:882:53d0:50e0:54f5:68e5:7e0e,515-925-0128,2017-01-17,2025-06-13,2026-10-08
d6c6b076-ea80-4315-9c88-a137a4d71dbc,mmccullockht,McCullock,nmccullockht@mtv.com,Female,2b58:d793:c3ca:d25d:b9e4:45d0:53b0:cecd,855-406-3692,1999-02-22,2025-08-08,2025-11-17
ab6f81ad-9db3-4f87-bede-a26ac69d8210,griteleyhu,Riteley,rriteleyhu@jigsy.com,Female,e9f9:52ba:b2cd:571e:6cba:94f9:1b50:4099,791-961-4209,1997-10-08,2025-11-09,2026-07-01
0ee8d4ca-a51c-4b06-86a8-220c9e027584,tmcwhinneyhv,Mcwhinney,fmcwhinneyhv@people.com.cn,Male,3379:e2b3:4cc8:61ce:c1d5:4a88:ceeb:8cad,734-839-1485,2015-06-25,2025-10-27,2026-07-14
f4a44db2-1392-4aac-bf5f-51cde660a1b3,baudritthw,Audritt,taudritthw@hao123.com,Male,5f0a:3c43:cbcb:a53b:35b3:c5fc:fcbe:e4ed,929-893-8461,2001-05-22,2025-09-30,2026-05-02
c354566b-4539-44be-b802-a56ed9e4c5cd,ssapsonhx,Sapson,lsapsonhx@unesco.org,Male,39b7:40ea:7c5b:a41:34eb:6857:207d:10b0,813-985-7275,2015-12-18,2026-04-25,2026-11-14
e65a7d0f-c9f1-4476-9f97-ab41a59de6bd,mbroadstockhy,Broadstock,kbroadstockhy@mashable.com,Female,9895:5d79:16f1:15f5:c5d5:abc0:45c6:467f,438-880-6655,2011-10-01,2025-09-28,2026-07-16
c8a65c06-c234-4d0f-b879-c8a1083e8776,ylaisehz,Laise,slaisehz@cdbaby.com,Male,c4d5:11c9:598a:f0ac:6eef:e1fd:852d:ab69,468-757-1569,2002-02-25,2025-06-20,2026-04-19
99e282c7-5f16-4c70-806b-1089173d9181,ddurstoni0,Durston,tdurstoni0@about.com,Male,d250:a83f:9d3f:559c:95ce:7798:a9e3:354c,859-369-1447,1992-01-29,2025-09-09,2026-11-18
30066f73-1cce-4ed8-8427-0d1272ea4442,dkrebsi1,Krebs,skrebsi1@pen.io,Female,e8a0:92ec:d4d8:f179:132d:25a8:1079:6d2d,291-311-0237,1980-07-09,2025-09-29,2026-02-14
fea3cf67-89cb-400b-bfc1-69938ddb393b,arhodusi2,Rhodus,hrhodusi2@ow.ly,Male,732c:9b51:6d03:476e:5c45:8b4a:3580:4af1,570-249-3237,1992-08-05,2025-12-15,2025-06-25
b53c9c4c-eacf-4c6d-969f-306f6afad8ef,wrubinivitzi3,Rubinivitz,hrubinivitzi3@barnesandnoble.com,Female,3dca:9c54:6494:b5eb:d8c0:dec8:117:d7e4,931-493-8030,2008-03-04,2026-01-30,2025-09-25
1f14facf-d406-49b4-8ad2-2df40875b3b8,ajosefsoni4,Josefson,ejosefsoni4@theglobeandmail.com,Male,b1f3:648e:c476:9aff:c736:b4d:ff42:785a,186-818-8183,2002-03-25,2025-12-02,2025-12-25
cf17795d-25e4-4244-93d2-2791a7095462,jstickneyi5,Stickney,mstickneyi5@aboutads.info,Female,2bf8:8532:f19f:f62f:3d36:6a4d:8f81:7fd8,426-961-6655,1994-01-09,2025-06-18,2026-09-22
0ee8646f-e437-4e8c-a0c8-95e3e18701c6,mhicki6,Hick,lhicki6@theguardian.com,Female,136b:10dd:d018:5a7a:392d:97f7:603a:7469,572-171-1294,2019-08-01,2026-04-27,2026-07-04
eec2a307-fa55-44f6-aa37-6cb575bf1feb,pguerolai7,Guerola,eguerolai7@bigcartel.com,Female,8006:c4fd:9248:98dc:875e:de26:71e3:58f7,400-465-6975,2008-12-20,2025-09-20,2026-05-21
83b731fe-0ec8-4c68-97db-b8e553baaf4f,jmasselini8,Masselin,mmasselini8@themeforest.net,Male,f2be:ac65:dde5:eaf0:d5b9:42d6:da45:af2e,180-791-5715,2020-02-02,2025-06-27,2026-01-16
7c77c5d3-2bd1-410f-a7dc-ef1510ced208,wfarresi9,Farres,pfarresi9@jiathis.com,Male,e663:6b9d:db86:531a:dded:631e:1b1b:a440,731-237-8200,2016-10-22,2026-02-03,2026-07-20
6ac02292-f459-4ac4-9bfa-375901f11576,jribeiroia,Ribeiro,bribeiroia@virginia.edu,Female,c144:f39c:87fe:2cb8:3e65:98d6:b12e:ed5e,587-218-0564,1996-09-14,2025-12-26,2026-10-09
93894552-a056-444a-b97d-9adbe0d29783,ghardiib,Hardi,mhardiib@dell.com,Female,6aaf:5230:8c7c:862f:11cb:64bd:bf00:dd18,455-269-8112,2004-08-04,2025-06-20,2026-11-08
b49b0e22-b4da-44c4-96dc-751df38ea6c4,dfishbyic,Fishby,cfishbyic@nbcnews.com,Female,8203:2671:4e5d:7f6c:18d7:2d87:69f:f2df,150-895-4465,2017-07-07,2025-08-17,2025-08-18
f7f03566-8095-49b0-90f1-a0e57ee5cfb8,evanyatinid,Vanyatin,cvanyatinid@dot.gov,Female,2bef:ef08:a029:e0e9:8328:adf2:3bca:2e0f,191-293-4299,2020-08-26,2025-06-22,2026-12-29
bdec4c7e-35d7-4f5a-831f-f9a9f5f26968,tweinmannie,Weinmann,tweinmannie@techcrunch.com,Male,b431:9779:4dc6:54ad:2b92:d890:8528:6a4,746-421-8592,1996-11-29,2026-05-06,2026-01-21
4f0f8617-eacd-4ca2-9401-cbcefaa45de9,rvernif,Vern,avernif@dell.com,Female,c840:664:da72:59e:8523:982a:6e3c:2394,426-796-0966,2020-11-30,2025-06-01,2026-12-14
4bd15403-bb5f-441d-8676-db365d07cd15,zbourthoumieuxig,Bourthoumieux,pbourthoumieuxig@craigslist.org,Male,58b1:3afa:f700:3d49:f0f4:5fc4:e869:e670,467-599-6218,1996-05-11,2025-12-09,2026-03-02
2752d32f-19c8-4d87-86f3-bd4f9d7c73b2,gwaldramih,Waldram,mwaldramih@icq.com,Female,ad2c:4c1b:d866:8323:ac5a:ad23:65e:e2e9,206-968-4818,2014-11-28,2026-01-29,2026-02-07
bfb769e4-2540-4ef5-a422-c6ca4e9d5ba8,lkennadyii,Kennady,lkennadyii@pbs.org,Bigender,13e9:73ea:2a17:a766:d42c:1d1f:33cb:8076,694-261-4815,1994-12-19,2026-03-23,2025-11-02
3089ab96-8f7c-4148-a618-d22f852eb735,pskeyij,Skey,cskeyij@yolasite.com,Bigender,a23e:adfe:5fce:28db:ccc1:a351:6fb4:a5a8,132-953-4639,2025-08-10,2026-03-27,2026-03-26
d475b1eb-0685-45a0-b152-10a737b87a6b,dpetticrowik,Petticrow,tpetticrowik@comsenz.com,Male,5a04:796f:7947:c29a:49aa:e51b:6fbc:77c4,901-624-1130,1998-10-31,2025-07-14,2026-07-24
28d36f0b-4169-4d63-a698-ab313603c395,tdescroixil,Descroix,wdescroixil@si.edu,Male,c2c:97c7:641e:abcf:eb8c:c3f1:553e:9b8e,971-552-6252,1994-09-10,2025-09-13,2025-08-15
6c10c8ef-092d-4396-a4ca-25b6fea0ca7d,fgresteim,Greste,kgresteim@mail.ru,Male,f4c8:7870:192e:92f2:32d6:efc:3e:4be8,779-137-6304,1990-11-11,2025-11-01,2025-11-02
fce257d4-b297-4a72-be11-6c269ae48985,lruttgersin,Ruttgers,jruttgersin@jigsy.com,Bigender,5d73:8d74:be84:a4fa:b5b3:42a3:f591:f70b,889-371-1739,2003-08-10,2025-11-20,2026-03-16
775e9556-7422-4495-aa6b-802e252608b7,wattenbrowio,Attenbrow,sattenbrowio@mit.edu,Male,c046:a9ed:9992:6d77:6047:6f8f:79b3:e393,311-428-5222,2015-05-18,2025-09-05,2026-07-23
54e1c588-e597-4c01-9bee-c30420f697a4,gleythleyip,Leythley,bleythleyip@va.gov,Female,b5c7:c231:c4cb:d49d:a148:b596:1556:a976,285-439-9156,2018-03-14,2025-06-01,2025-12-02
44c63dc0-b237-4983-8dcb-f6b05b1140f9,lgueriniq,Guerin,igueriniq@seesaa.net,Male,73a0:58cd:aa6c:77d9:bf51:4298:f785:1adc,541-404-8015,1994-05-02,2025-11-16,2026-11-12
6ad10a87-6df7-467c-ba32-a3f0eaee8cca,kyeskovir,Yeskov,ryeskovir@parallels.com,Female,8188:f433:288b:6e24:58f7:1713:f048:6ead,341-190-5998,2002-02-27,2025-09-28,2026-05-18
c1056313-5529-497f-ad23-8a23f508b0e7,efranktonis,Frankton,rfranktonis@netlog.com,Female,c5b5:b76f:49e9:31c2:259a:30e9:d064:fe22,857-926-4166,2005-04-26,2025-06-08,2026-01-31
8bab09e8-352b-440a-ab24-cb92a7206ad2,jhadwenit,Hadwen,chadwenit@arstechnica.com,Female,a62d:f3ce:c30b:ff22:e33c:f86b:ac6e:a2be,422-318-5947,2008-01-06,2025-06-04,2026-12-16
0f37c5e3-8adf-4a2f-abc4-19c624eb66e4,bwrateiu,Wrate,vwrateiu@techcrunch.com,Male,648d:f799:65d6:5cb8:29f9:169f:393a:94b5,292-514-5311,1985-08-27,2026-01-03,2026-06-29
42a80d7d-29d3-4171-90de-53a5088f9fb5,mscroytoniv,Scroyton,sscroytoniv@last.fm,Agender,650d:9802:7b10:3f27:b3ef:47e7:be9a:2478,856-140-1923,1999-05-28,2026-04-08,2025-08-25
5b838f2f-54bb-4525-a54e-b1069840ffd3,dlockneyiw,Lockney,tlockneyiw@cnet.com,Male,828c:9878:9057:a678:1f2f:8976:6a75:b717,827-376-5318,2016-04-21,2025-10-01,2025-08-21
6a76ce06-4af4-4a50-8fbe-ba358f05d796,mpercyix,Percy,kpercyix@gmpg.org,Female,84c6:3251:e58:65d5:ac1b:b91f:e942:4e4d,886-804-7245,2020-10-22,2025-11-15,2026-05-21
909af96c-2272-4e6b-8773-980ef194fc66,jhusbyiy,Husby,rhusbyiy@bing.com,Male,cd4c:1b61:dd93:5060:1a46:e805:9f02:1968,274-223-1590,2016-01-08,2026-03-21,2026-05-24
ba77b798-e4ea-497c-8c9e-a88e47465deb,ebestimaniz,Bestiman,vbestimaniz@amazonaws.com,Female,beac:b452:a18:c3a1:b7ce:65f9:e45c:918b,468-569-7807,2009-08-03,2026-03-07,2025-07-30
5837d985-0aa6-43dd-9738-6378ae23938d,rrickhussj0,Rickhuss,prickhussj0@bloglovin.com,Male,14cf:e43f:2dd8:ff7d:aa59:2137:da8d:aa63,218-183-2576,1988-03-18,2026-03-04,2025-11-11
6a638d95-134c-46f1-adbf-a977092046da,sabrehartj1,Abrehart,dabrehartj1@people.com.cn,Female,432d:1311:953d:4195:a90b:4f9e:ea8f:eed8,731-650-7160,2007-12-10,2025-06-21,2025-10-03
ab782ce7-50eb-40d3-b700-65c30da926be,hharpurj2,Harpur,gharpurj2@last.fm,Female,606a:9884:682c:6801:3b69:2212:d90d:f50c,784-836-3807,2024-12-19,2026-01-19,2025-10-28
fc86cfa6-acf0-4501-b3d2-7aae9bbd2b7f,jwellwoodj3,Wellwood,rwellwoodj3@mapy.cz,Female,2779:d8ea:59a8:389d:c34a:1a04:3560:7c44,514-737-6195,1980-10-30,2025-07-20,2026-11-25
c18aef73-8c3c-4aee-8f6d-59f8047143f7,zvasyukhinj4,Vasyukhin,jvasyukhinj4@ifeng.com,Female,56b9:2336:4af0:706c:b571:d0a5:d6ab:fcee,759-592-2115,1997-09-15,2026-02-26,2026-09-12
4a6b2505-76ec-480d-8ff6-9098d2ffe70c,haslettj5,Aslett,taslettj5@oracle.com,Male,ae1b:1c84:43b7:19cb:d925:9f8c:41e3:4984,467-181-6697,2012-07-16,2025-06-15,2025-10-23
be7a95e1-b2e8-44be-99d5-34edac482c4d,smarcoolynj6,Marcoolyn,mmarcoolynj6@wiley.com,Female,bbab:402e:8266:8136:f143:ba21:cd67:9301,708-373-6867,2013-01-25,2026-05-03,2026-08-15
9c1ba417-fc0a-4601-af28-010eb20140b8,bhensj7,Hens,ahensj7@nps.gov,Male,2bf1:b383:6b60:577b:3cff:ea35:7e47:7c81,248-542-6843,1999-01-20,2025-10-29,2025-09-18
aa712226-28f0-49fc-83e0-23843c29fe4c,jaingelj8,Aingel,taingelj8@bigcartel.com,Female,4966:d8d3:702a:aa3d:5fb6:a24b:be4d:a4f0,786-186-2114,2015-01-05,2025-08-25,2026-04-07
89f322dd-6459-4084-94eb-1974f1cb38b5,mbuckwellj9,Buckwell,abuckwellj9@bravesites.com,Female,54dd:8609:2bb8:f628:9b28:9f0b:8922:9b84,173-849-8352,1990-01-22,2026-05-22,2025-08-22
7e4b8fef-70a9-4b7b-934e-7bf75cfb8d26,areneja,Rene,dreneja@japanpost.jp,Female,b32d:f920:f9cd:f7e0:f59d:6cbb:3395:5324,702-378-0795,1987-09-28,2025-12-21,2026-01-27
a510d52a-cca3-4e4b-a27d-77e7719c5278,aherionjb,Herion,eherionjb@shop-pro.jp,Male,945f:bf13:4d58:9c4c:9f8d:601b:a69c:f85b,945-598-4215,2024-10-19,2025-07-02,2026-10-03
8519255f-e4b6-4f83-8bb1-23677d0425e5,nbritlandjc,Britland,hbritlandjc@wikimedia.org,Female,dd5d:2b86:a5fb:40a5:df09:17e8:3821:e5cc,410-683-7240,1992-02-22,2026-05-18,2026-09-07
d19471b0-1b2b-4f2c-8422-7a7ea42076d6,vleppingtonjd,Leppington,cleppingtonjd@addtoany.com,Female,6f42:763a:6e25:691b:3411:f82f:ae10:6a0,385-548-9367,2000-07-08,2025-10-10,2026-09-04
2ee6d95f-1d2e-4cc9-8084-e423687b59e9,wleijsje,Leijs,lleijsje@mediafire.com,Male,2585:67cd:d319:8d6c:da8c:ec49:9a28:b5f1,514-357-8296,1982-01-05,2025-08-13,2026-12-24
a936692d-4628-4f0d-9eec-ee81b10117e0,mhanrattyjf,Hanratty,ahanrattyjf@nature.com,Male,5ef0:b371:7625:753a:c1bf:ef67:7dde:1a9a,638-294-9276,1981-08-23,2025-11-21,2025-09-20
78bc0299-a5b0-4c1b-b691-1717fc1e59e1,dgatesjg,Gates,kgatesjg@hud.gov,Male,8c87:72bd:af05:2379:22f2:2bfa:9e8a:fee7,752-519-2767,1989-03-14,2026-04-03,2025-07-28
02966792-39c2-44f6-b8ae-738c656fd8a3,dhachejh,Hache,rhachejh@auda.org.au,Male,88c8:3ea3:5624:b126:42da:3b15:8070:367d,112-987-0776,2004-04-23,2025-06-28,2025-06-19
b784c7d8-94b3-45ba-b5c1-a6dc2f094296,mfollingji,Folling,lfollingji@abc.net.au,Male,219:114e:92c:5d74:c948:5562:b046:e8c5,421-189-6297,1992-11-08,2025-10-28,2026-05-03
c00c6825-de31-472b-952b-1417f3a201bf,tmcgarvajj,McGarva,amcgarvajj@squarespace.com,Male,2e47:7584:6c4d:1973:d48f:5db1:d468:ec72,332-960-0783,2000-05-07,2026-05-28,2026-11-06
bf0568cc-9505-457b-86ec-6f9b0702716e,tsoutenjk,Souten,csoutenjk@tumblr.com,Female,bec3:82bc:6f07:9838:66eb:634f:422e:7e99,150-476-6557,1989-11-12,2025-12-07,2026-10-29
2092e2df-94b4-4389-afe2-23c1d881f656,aguarinjl,Guarin,eguarinjl@1688.com,Female,c9a1:5bdb:ae20:deb6:f51f:3498:f376:db9c,549-217-3448,2008-12-22,2026-04-23,2026-11-29
822bee01-a385-4a2d-9891-7b4aa2e01d18,ptabourjm,Tabour,ltabourjm@networksolutions.com,Male,4e:c7cf:3ef4:c371:66d1:43c2:6205:7805,436-927-5428,1996-10-01,2025-08-22,2026-02-09
7ae8f609-0466-4fd6-985d-94fc96c0c1e1,mcorkelljn,Corkell,ccorkelljn@soundcloud.com,Male,a193:aaa6:7c8a:4f16:fe88:a7ac:55fb:ea77,287-239-6782,1993-12-14,2025-09-16,2025-11-12
fe4775a8-95aa-4659-a40f-c492ae9e62a2,lbonnairejo,Bonnaire,mbonnairejo@unc.edu,Male,eadc:7f5f:1282:2ba2:303e:60bf:2be5:8b85,825-726-0186,1985-02-16,2026-02-28,2026-08-26
262f7fbc-aede-40a3-b0ab-ef65fcd89e32,jelvishjp,Elvish,celvishjp@w3.org,Male,5f34:254:ff40:23b2:309e:61a4:107c:4ea7,695-773-5357,1997-08-21,2025-08-08,2025-09-18
b2b4dad4-5334-45e3-a01e-1b234e6aa483,jwernhamjq,Wernham,dwernhamjq@cafepress.com,Female,1df5:dc29:7c67:dc21:130e:e591:ac7e:a69c,179-200-8041,2010-03-16,2025-10-09,2025-10-09
02dd87d4-b134-4f6d-8f56-294e436997f0,mpemberjr,Pember,bpemberjr@discovery.com,Male,f6ac:e677:771:6a73:83e4:89b9:738a:e900,933-986-0540,1987-10-23,2025-07-21,2026-11-26
43551d1a-5c95-4b10-80eb-417cd0cc117e,sodgaardjs,Odgaard,bodgaardjs@surveymonkey.com,Female,950d:bd09:be0a:f876:9430:b488:5094:2df8,536-983-6982,1995-02-12,2025-06-10,2026-05-08
10939bf8-88f1-49f6-8050-5deb8b39a8d6,egundajt,Gunda,ggundajt@businesswire.com,Non-binary,e5a2:2ad0:ead7:b38:d473:7bea:770f:26f4,422-351-7940,2022-05-29,2025-12-23,2025-07-16
da410fce-f855-431e-8a68-dc5b865f9a93,ghowisju,Howis,mhowisju@scribd.com,Male,f68c:2b94:bd48:7787:1fa2:ff06:39cc:da1d,831-207-2687,2021-11-15,2026-05-01,2026-05-12
3fd30a4d-0b38-419c-82f0-f0fe2b14959f,rbonhamjv,Bonham,hbonhamjv@utexas.edu,Polygender,4d05:2ba7:f8ee:b58c:7538:724f:55f5:4c2a,266-497-0850,2021-04-09,2025-06-24,2025-10-16
e990b408-aab5-496e-86f7-ad26aee51ba0,bcabbelljw,Cabbell,dcabbelljw@hao123.com,Female,320d:1aba:c907:b2:364e:b558:44e8:d1f7,333-738-9357,2021-12-24,2026-04-28,2026-04-19
0b32e472-1032-4a73-80ab-8c2f9a1e5292,jhaimejx,Haime,hhaimejx@sciencedaily.com,Male,2288:a96d:902d:a6c3:48d:e71c:5ac4:ce11,652-932-1783,1983-02-03,2025-09-17,2026-12-09
7ae96b9e-1e35-4b98-946f-08fdd7adeba4,spacittijy,Pacitti,bpacittijy@vimeo.com,Female,a93a:872c:a3e4:a948:cba0:dba4:3ed:7d71,340-147-5719,2009-10-31,2026-03-04,2026-08-01
b864565c-ae9a-4cbc-b755-6a181c4a7d72,nspringlejz,Springle,zspringlejz@dion.ne.jp,Male,a265:365e:dc4:3b83:c7d1:ea4a:9e93:3679,760-959-7443,2021-02-28,2025-06-22,2025-10-01
cbc25fa3-821e-41b6-b5ec-753f4d7c3cd0,lchantrellk0,Chantrell,ochantrellk0@last.fm,Female,3b76:e050:8242:53f8:738e:25e3:2124:eea0,206-369-9466,2013-06-01,2026-02-10,2025-09-23
e7f1807f-40a1-4ef8-b134-91741b166712,aelijahk1,Elijah,gelijahk1@shop-pro.jp,Female,e122:dced:e7c9:bf6e:802a:7da3:5f74:eaf8,735-840-5868,2013-09-13,2025-08-10,2025-08-07
0749a3e5-8b5f-4a13-b171-01fe67cb657e,sracek2,Race,bracek2@naver.com,Male,df1:20c5:acb4:c951:9dba:fecc:7543:3732,772-919-7473,1999-07-19,2026-02-24,2026-07-17
85e967d9-b519-4061-bc6b-4bab42d9e287,hgalpenk3,Galpen,sgalpenk3@goo.gl,Male,271e:ea29:17c6:26df:5dbc:1c1a:e79:f195,871-785-8683,2025-07-24,2025-06-23,2026-08-12
71eb0d66-304f-4d3d-990a-7340e350bbcd,fcolacok4,Colaco,jcolacok4@vk.com,Female,dc87:8c47:9177:f70f:c6ca:d271:8ee3:e482,162-240-4758,2002-01-16,2025-07-16,2026-02-28
4171d28e-7acd-4f36-8677-364a9640f826,kstockingk5,Stocking,lstockingk5@utexas.edu,Female,32:fece:a628:d3a8:4b96:4a95:5b1a:960e,789-436-9414,1980-07-11,2026-04-08,2026-04-06
3ecba8b7-0b70-4fe9-a12a-cbc2cf63a99e,fcrootk6,Croot,rcrootk6@hexun.com,Male,c668:cedd:98f9:e656:a65c:e22:3ef8:232,821-337-6363,2017-12-10,2025-10-13,2026-06-16
41e5d51d-e8da-4de2-8ba1-03d793586d09,dmasselk7,Massel,hmasselk7@rakuten.co.jp,Male,7aa5:157d:cf5f:773:4e2e:5f85:83e9:45b9,398-571-6833,2007-09-29,2026-03-28,2026-07-07
47036507-da76-419c-b384-ec4400e8cc45,mbonifaziok8,Bonifazio,mbonifaziok8@yellowbook.com,Female,640e:42d8:c934:f5b4:5b12:6d5c:64d3:8080,373-539-2311,1988-10-02,2025-09-10,2026-11-22
abc2decc-24ee-4321-ab46-600a4228206f,jpimlettk9,Pimlett,npimlettk9@earthlink.net,Genderqueer,a323:f37:ce05:4abf:5ac6:335c:d9f4:c0e9,259-277-8921,1994-11-21,2025-07-01,2026-08-04
8c7f62d1-4cf4-4af5-b3ef-402c618133fe,btidgewellka,Tidgewell,stidgewellka@sitemeter.com,Female,8776:af5:118f:d9ae:97b6:23b3:f79:67d5,478-144-8240,2000-03-31,2026-04-02,2026-10-25
2d43b1ca-c1ee-4f5f-a48e-016e09cd3dff,aescolmekb,Escolme,descolmekb@scribd.com,Male,b5e9:b58e:1f67:3db8:98b7:e913:e274:4704,307-712-2933,1987-08-29,2026-01-30,2026-12-13
900251bb-9989-4dd9-bade-3f0415dca36e,apoundesfordkc,Poundesford,dpoundesfordkc@whitehouse.gov,Female,3a5b:ce26:d92b:2bc4:38a2:ffdc:3ede:2ef5,991-744-6318,2018-04-16,2025-08-13,2025-11-23
b95a7cc1-9a0c-4fc5-a61f-a82c608b7fff,gbeerekd,Beere,cbeerekd@businessweek.com,Agender,16df:24a3:4fe2:320e:ffdc:c325:4d9d:551f,794-913-5683,1982-03-25,2025-09-24,2026-02-15
f94aac45-b92a-4fae-b146-47c6da6f28bb,lostridgeke,Ostridge,dostridgeke@nih.gov,Female,724f:3e01:7c1:5a90:de0d:8c9e:b55:22e8,650-673-6717,2014-06-07,2026-05-01,2026-08-12
fa02f0c0-07ff-4d92-9a0c-c2ea90b09f79,ncarringtonkf,Carrington,jcarringtonkf@twitpic.com,Genderqueer,81ad:6e94:c117:101e:7a3d:6dcc:8faf:4a65,995-193-8837,2014-02-23,2026-01-02,2026-12-13
ceff558c-0b64-4289-a747-53b6a9fd7bf3,llorenzettokg,Lorenzetto,llorenzettokg@technorati.com,Female,ac82:d542:55b0:c0d7:d9f9:a664:2c9e:1aa,849-271-9884,2018-01-29,2026-05-12,2026-12-25
9eb69122-685c-437d-934f-217bb3415e5c,mbonallickkh,Bonallick,jbonallickkh@sohu.com,Male,fa43:c0d0:3ac4:a5f1:fc3f:9477:e69b:4143,641-667-5622,2016-11-16,2025-12-24,2025-08-17
7743697d-9638-44a5-ad91-91a217c6becc,elabanki,Laban,nlabanki@shop-pro.jp,Male,200b:9f53:b872:c8cb:71c8:ea87:a37a:6ea4,834-365-2805,2023-08-24,2025-09-10,2025-07-23
f266248d-9049-454d-aa6a-f46bf624f726,ymerickj,Meric,mmerickj@sciencedirect.com,Genderfluid,80b0:d588:deec:ae26:c028:b44d:eaa0:57f2,350-733-0045,1996-04-20,2025-07-11,2026-03-06
1433d52f-c6f4-4e9e-8a63-0bc0cc1f1924,mlarkkemkk,Larkkem,jlarkkemkk@psu.edu,Female,3f3e:2d87:e647:ca25:214f:b084:c8fe:6d37,216-851-5966,2008-01-28,2025-12-22,2026-04-19
0d3c2e57-0b3f-4ac3-b539-ebcf362d0c89,aninnolikl,Ninnoli,bninnolikl@nyu.edu,Male,9b8:49a5:a8ff:ef9e:4fdf:1c08:6594:d95f,513-226-7288,1998-04-12,2026-02-15,2025-10-26
01d7de01-1694-4d85-8c6f-31f1897389b0,dmundykm,Mundy,bmundykm@yolasite.com,Female,e267:777d:961d:df6b:aaaf:1553:689a:4e62,386-167-3734,1988-05-09,2026-02-25,2026-07-02
ef280613-3e35-489d-97f3-7225ce9446bd,lferrettinokn,Ferrettino,vferrettinokn@discuz.net,Female,cce7:6c18:4d9b:b931:1e97:9a96:1560:1b0f,816-401-7960,2010-04-16,2025-12-19,2026-04-04
a667fd2b-16bd-4798-ae47-8b5d6d5b0e51,lpolycoteko,Polycote,opolycoteko@ow.ly,Male,bd80:edc3:edc3:daf5:ee87:a7f8:1dd7:6fb7,270-943-8821,2015-03-13,2025-09-18,2026-01-17
e04fbeb9-2c09-4539-9722-73c9e7fa7de4,mpashankp,Pashan,apashankp@princeton.edu,Male,a13c:f853:9d90:149c:6850:60b1:b67d:7b87,815-599-9413,1991-01-24,2026-03-04,2026-10-16
020899f4-1bbf-42cb-ba3d-1f7e0d0776c7,hhorbathkq,Horbath,jhorbathkq@salon.com,Female,69b2:cf3c:318f:1cf1:f6b2:e10d:3ba3:e468,601-115-8773,2005-02-13,2026-02-04,2025-10-04
39550bc6-ba02-44b0-89a0-14b92f21aebf,mjosofovitzkr,Josofovitz,ejosofovitzkr@mlb.com,Genderqueer,dda9:9fc6:4577:1263:a85e:b276:a42a:b268,362-619-9441,1985-01-19,2026-04-15,2026-04-29
8ec10c8a-a151-4333-b670-990499a18d8d,cscarbarrowks,Scarbarrow,bscarbarrowks@wired.com,Female,8bcc:30c0:969d:e7b7:4163:90f4:e171:791e,465-119-8648,2002-05-19,2026-03-21,2026-08-24
11028424-c89d-41db-bad0-2d0dffb09480,pthomkekt,Thomke,cthomkekt@phoca.cz,Female,8c62:80b:d878:24c0:4830:3ef1:2cc6:1bc,202-481-1850,2019-03-07,2026-03-24,2025-10-13
4b308938-ebd8-49ac-89df-31da1e0c0891,ifaberku,Faber,nfaberku@icq.com,Female,f7b1:fcc4:170a:def2:c34:59d9:3027:5f4f,395-836-5356,1993-04-19,2025-09-08,2026-11-27
0051cb58-efd8-489b-a368-67bf3af7b0d4,sgodleykv,Godley,rgodleykv@bloomberg.com,Male,7346:38bc:301b:d6d8:a3e3:f730:b027:ab2,501-884-2147,1992-07-30,2026-03-15,2026-04-20
57fe05fd-cd7a-4964-8f01-3e4bd3a65112,mbourdonkw,Bourdon,jbourdonkw@linkedin.com,Female,eb58:fd9d:9c83:b75e:298a:d8a5:1380:94e8,548-806-3536,2005-03-21,2025-12-22,2026-03-10
93c2f041-11bb-4788-a67a-452fdf454f42,ldustingkx,Dusting,bdustingkx@amazon.com,Male,b474:dfdb:2765:3500:a212:67f1:5662:e269,904-428-6130,2003-09-30,2025-11-16,2025-06-27
ec09643c-19b1-46c9-9cb8-a8180b7ca6cf,jhartfleetky,Hartfleet,bhartfleetky@boston.com,Bigender,a10d:8189:e762:c6f3:6791:b697:15cc:a7d3,137-990-9744,1995-04-30,2025-06-19,2026-03-20
2014c1f7-7c1b-4183-a5da-a59b9e35f854,cleindeckerkz,Leindecker,dleindeckerkz@noaa.gov,Bigender,4e6a:a200:fe1:f598:87da:9687:e9bf:cf4d,436-771-4589,2023-12-16,2025-08-30,2026-12-30
4b03e86e-bfec-4681-b7bc-16397853a4cf,bcarlessol0,Carlesso,kcarlessol0@jigsy.com,Female,6e39:b8a8:b481:fc45:a15a:9225:4c31:ef49,932-839-0210,2012-07-25,2025-07-19,2025-07-15
68750447-c6e5-4cec-a6d1-ab49494f752b,djurisl1,Juris,kjurisl1@privacy.gov.au,Male,cc2c:7281:10c:c25c:4fe:e0f5:db58:9f1,833-716-4415,1991-08-26,2026-05-14,2025-12-23
90dcd64e-d462-4d3e-b155-313fcd24f87c,mmahyl2,Mahy,amahyl2@ifeng.com,Male,1d43:4d71:f38c:9e32:7d30:2f49:c12c:ad7e,211-508-9187,2026-01-16,2025-11-18,2026-09-19
d8212786-25ff-40a9-9cc0-b6a0d88919d8,cwhitseyl3,Whitsey,bwhitseyl3@bbc.co.uk,Female,e9fb:9065:b10:311e:2ebb:dfc8:8989:90a0,733-741-5659,2025-01-22,2025-11-05,2026-08-01
b73eefb4-34b2-482c-aa74-0730c225a829,egleetonl4,Gleeton,bgleetonl4@techcrunch.com,Male,cfff:b297:577:59d5:d1f3:18b0:f17f:d930,374-206-9513,2003-11-03,2025-12-31,2026-09-26
4ea35158-e78f-4d9d-873d-5b43999f2bb5,fbatchelorl5,Batchelor,sbatchelorl5@1und1.de,Male,53e4:2503:c469:28d:f783:8a3e:9b93:d10e,223-922-9018,2005-04-25,2025-08-12,2026-12-09
ddf6b621-a9f5-4906-9f16-1b5bc3a47fc6,pcrawforthl6,Crawforth,pcrawforthl6@netlog.com,Female,2f6a:4b11:d262:b5bc:c250:ccff:fe0d:d2d3,705-799-0103,2015-02-14,2026-02-16,2025-08-02
90504ba6-b989-4478-b203-cf3866b52366,cshortanl7,Shortan,kshortanl7@ustream.tv,Female,5b1c:3f57:c9:eb9f:3e43:4eb3:4dad:83f1,550-251-8983,2003-12-06,2025-08-19,2025-08-14
9afe1791-092c-4eaa-84c3-fee099185346,scasellal8,Casella,ecasellal8@drupal.org,Female,4e09:e5fc:12d2:4df7:6ea:2d84:5b16:bcc8,794-185-0561,1997-06-16,2026-05-08,2026-12-18
b52acd28-5284-487a-ae0e-6c1ddce7fc63,llumberl9,Lumber,llumberl9@goo.ne.jp,Male,290b:dbba:941c:a956:6143:d48b:9c93:73f1,173-925-5244,1993-09-20,2025-07-06,2026-03-19
4dbacfda-664c-44fc-9ef4-57842979581c,wbetteridgela,Betteridge,hbetteridgela@addtoany.com,Female,e56f:e352:6e16:e23b:9e1c:82c:dfb3:ff8c,389-311-0995,1986-07-14,2025-07-21,2026-03-19
1ab665e6-3b70-406e-a352-7260c26b8f62,ianthoneylb,Anthoney,ranthoneylb@a8.net,Male,129e:2cc6:dabd:660c:710d:d59d:560f:c051,963-825-9764,2013-08-30,2025-06-23,2026-12-25
bd0ea93e-0239-429a-9447-a611590b2d2a,vabatelc,Abate,dabatelc@w3.org,Female,e85f:916b:97eb:4622:ee99:b435:b433:c6ab,712-209-0574,2014-10-18,2025-06-27,2025-12-27
60dabd28-a11d-48f9-847e-f78ea5832678,dsteansonld,Steanson,asteansonld@ning.com,Male,88b4:ab2f:c5f4:4c22:1e17:baf:dd0e:2b3b,631-266-7153,2021-10-20,2026-05-04,2025-12-23
6a205b72-5efb-4a63-875f-640e31585da0,sbissikerle,Bissiker,dbissikerle@flavors.me,Female,624a:3ba3:ec0f:8c29:b834:7f91:e3cf:e586,194-673-5957,2023-04-29,2026-05-13,2025-10-28
251d4ec6-ae4e-47d5-a5c5-9f2bdd08f9c5,aanthonsenlf,Anthonsen,danthonsenlf@devhub.com,Male,3180:c0af:36e1:50e8:dadb:a7ba:5e67:be18,638-681-8797,1985-03-28,2025-11-30,2025-08-14
bfb7ef2d-0976-47f3-91d8-f27237862868,jweblinlg,Weblin,gweblinlg@digg.com,Male,97c8:363a:5458:4b7:805b:503a:87d:56a5,526-156-7788,1984-11-02,2025-08-31,2025-10-12
bf1e9966-f096-49ee-ab7e-8efa2a33d91c,growsellh,Rowsel,arowsellh@timesonline.co.uk,Male,f199:a0d2:822a:5c20:72a5:446f:ab07:8239,106-926-5673,2013-12-17,2025-07-19,2026-08-31
cea71a31-4bd5-4ed7-bcf3-fcd304f26909,tmarkli,Mark,dmarkli@adobe.com,Male,5d91:a83:14af:20fd:862:6645:4cc6:f428,792-453-9113,1980-12-20,2025-08-22,2026-03-24
4371d0ec-36ab-46da-b47d-427a663e6b8c,rpellamonutenlj,Pellamonuten,rpellamonutenlj@squarespace.com,Male,c2fb:150b:cd81:4161:c1b0:3faf:629c:c6a2,166-539-4417,1981-07-30,2026-01-12,2026-08-05
91bde09d-9fe1-4f98-84fd-f9a733274e17,ldinnagelk,Dinnage,qdinnagelk@networkadvertising.org,Male,af8f:f698:223c:89be:cdca:2a5c:664:c7e4,693-270-8672,2014-03-12,2025-12-07,2026-05-09
a7e68017-ed3f-49ce-b0ad-a1f99cf9a85b,amenaulll,Menaul,amenaulll@aol.com,Female,75c9:7620:a16:931f:769e:d124:76c1:42e9,984-829-7075,1996-03-05,2026-01-02,2025-12-08
5a3fa9f3-6ae5-4bee-b8de-57b159c93fce,bestevezlm,Estevez,cestevezlm@vistaprint.com,Female,f107:d7c0:b2b0:4b2b:ed0f:7cd6:6459:b723,594-875-6013,2020-06-27,2025-06-26,2025-09-15
9e42cdbb-f468-4651-9c8f-3a343d9ab844,hcakebreadln,Cakebread,acakebreadln@ustream.tv,Male,f8e5:eca7:ce3:296c:8ddb:e491:c44d:c945,664-644-0321,2006-07-05,2025-10-14,2026-06-19
2830a140-e93c-4632-8680-61d89620144a,mstucklo,Stuck,lstucklo@toplist.cz,Male,a9a2:6fc5:61c0:4544:533e:b371:b7c7:417f,413-301-4375,2023-05-31,2026-02-11,2026-10-22
57089314-376a-4a4f-8096-c87be1aa6f71,ogaylp,Gay,ngaylp@blogtalkradio.com,Female,e736:e26a:5c8a:7da2:3c82:9895:76f4:f6f4,872-989-8735,2020-01-27,2026-05-02,2025-08-21
dc4a8d44-6eee-4720-86c0-e07d84193103,ncordylq,Cordy,icordylq@cloudflare.com,Male,2e5a:634b:a88b:9323:15b0:ad9a:54b4:e1e5,220-639-5612,2018-02-06,2026-03-10,2025-08-14
f6de1eab-5f82-464f-9110-ffd796f41e6b,ccleminsonlr,Cleminson,fcleminsonlr@usnews.com,Male,8bb1:d9f5:2c79:a584:70ce:f1dc:dfa5:27ac,236-450-6744,1999-07-07,2026-01-11,2026-12-27
f0928684-1c2a-4c40-a581-d941c78f5156,eogersls,Ogers,yogersls@cbc.ca,Male,1ab2:2eff:dd78:f414:4c50:a7a9:4f55:b3f,996-522-3411,1982-05-23,2026-04-29,2025-11-06
de0f0679-77ae-45aa-ba2c-88f6822ab309,ckeelt,Kee,tkeelt@state.gov,Male,891d:479d:a005:9f84:2e79:d2c3:2bbb:d4a3,744-383-4601,2026-12-22,2025-10-22,2026-06-23
713c9ee6-4ee7-4447-a183-3bc5dddcaea8,cilsonlu,Ilson,gilsonlu@ovh.net,Agender,5846:2652:bc9c:23ce:ca49:c3a1:afff:4240,496-471-3464,1993-02-08,2026-03-02,2026-06-25
7b8328bc-503b-47e1-a275-6541c3a93877,shuffeylv,Huffey,jhuffeylv@reverbnation.com,Genderfluid,9472:6f57:8e9f:8825:92c6:c5cd:d95f:630d,993-176-9768,2018-11-08,2025-06-11,2025-09-08
1bc38412-5d8a-4868-a822-5e99e5dfaed4,aketchenlw,Ketchen,aketchenlw@prlog.org,Female,3881:b43f:6300:1538:9976:695:1fb5:9381,585-518-9902,2017-03-27,2025-08-01,2026-03-19
2753a1c4-1830-4fa9-af7f-02d3067181e5,scrosserlx,Crosser,gcrosserlx@51.la,Male,bde6:4cc6:eafd:1473:bde1:c4c:363c:d1c9,356-479-6970,1983-09-27,2025-09-08,2026-09-23
7176ed66-af80-46f9-b3e3-4a0b30051b1a,tsyphasly,Syphas,dsyphasly@topsy.com,Female,f283:bcc5:60c8:83a8:3715:a904:d01e:4106,398-576-7170,2015-04-08,2026-03-04,2026-05-06
133e8469-b74f-450f-b587-af7ae322cde3,npaulatlz,Paulat,dpaulatlz@surveymonkey.com,Male,a9b6:be5a:e523:f79f:a308:e975:2c1a:6e3,896-579-9759,2025-03-11,2025-12-15,2026-08-04
d12aa02f-1d30-4781-a886-662e364f8989,gturfinm0,Turfin,fturfinm0@theatlantic.com,Genderfluid,2efc:4db4:96a4:8b96:77e8:6eb8:cbb:ce69,207-482-4343,2020-10-27,2026-01-04,2025-10-04
373f8dfb-ad6d-4202-acf7-352022c73385,rkumarm1,Kumar,ckumarm1@google.com.au,Female,b2f6:b33a:f5d2:df9c:7897:200c:4f37:670f,808-445-8475,2007-03-06,2025-09-04,2025-06-03
29426c8b-d9fb-4b98-8350-a7a5c2c64f6d,adiluciam2,Di Lucia,ediluciam2@stumbleupon.com,Male,7efd:1978:c67e:893:118b:4d74:c2ac:ad6f,375-720-2695,1985-02-03,2026-03-04,2026-04-18
f786713e-dc3a-4073-ad4e-b3f133dcd69b,asachm3,Sach,jsachm3@github.com,Male,ee71:7779:131c:13d:eca3:c6af:2a55:bc17,982-813-3206,2003-03-11,2025-07-08,2026-11-18
4fcc008e-3099-46ef-bbb6-50156d546b57,kologanm4,O'Logan,sologanm4@latimes.com,Female,3115:5ef1:d517:6dc5:8967:33aa:44c5:4d53,384-175-3469,2004-11-26,2025-11-02,2026-09-25
78a43f4b-2e59-4f13-b097-a9149306dcd6,ewingerm5,Winger,iwingerm5@webnode.com,Female,5d2e:29f8:2ea:384f:6a3b:8306:8086:da3d,580-217-6567,2023-07-27,2026-03-26,2025-07-08
736a0e71-35b7-4dd8-8934-86bf4f6627e0,eburrilm6,Burril,rburrilm6@howstuffworks.com,Male,d9ce:1c60:f730:e559:a735:4745:c6da:2e42,403-813-1040,1997-05-23,2025-08-20,2025-07-12
01993e72-6224-4c23-b75e-a80b2548157d,evillaltam7,Villalta,lvillaltam7@squarespace.com,Female,1b47:d7b0:15df:1e4a:ff98:7d07:afee:4ed9,385-988-4899,2025-09-23,2025-09-06,2025-12-02
c3714309-d077-4c64-b8ac-ba03e0421bb1,glampkem8,Lampke,hlampkem8@furl.net,Female,43a8:11e2:a6d9:3f07:bb5e:5841:825e:64d8,375-819-4238,1996-05-05,2025-06-08,2025-12-09
773b9daf-c679-476d-bc8f-d7990e0fc563,arosenfarbm9,Rosenfarb,arosenfarbm9@twitpic.com,Male,38aa:7394:9555:66e3:6ca2:d2ec:21aa:493e,690-903-5975,2018-09-11,2025-08-09,2025-10-08
989b3dbc-ea41-45c8-8305-68bc8a24d9eb,hchopinma,Chopin,achopinma@yelp.com,Male,9c5d:1f5:d5c5:ae5b:298d:277c:1c13:9ab7,485-607-5468,1988-01-25,2025-08-18,2026-03-07
d50c2907-a850-4932-8cd5-4f855f5d18bc,dmcnairmb,McNair,nmcnairmb@unblog.fr,Male,632a:856a:c15f:4fee:8f1b:cc08:2710:ce2d,891-193-8974,2011-01-05,2025-10-21,2026-09-16
5dee1661-a739-4830-8df7-a855f1e8120e,tiskovmc,Iskov,niskovmc@businesswire.com,Female,2366:bd12:59e7:e6a7:eedb:1bd2:2295:6cfc,396-215-3378,2016-08-06,2025-07-29,2025-12-29
93127b5a-c7c1-4d01-b3cd-ead17c18669d,hcoppardmd,Coppard,mcoppardmd@ft.com,Female,6539:acaf:1416:b337:55a:f274:a1cb:f47a,582-604-7603,1986-10-12,2025-11-29,2026-08-02
bc22c38a-1e52-40ed-80e5-4e47ea3fabcf,dcresswellme,Cresswell,acresswellme@kickstarter.com,Female,b7f4:9d9:cbaf:757c:513f:7182:a8ed:36ab,476-919-8940,2009-10-08,2026-02-19,2026-06-02
aee83518-a43a-40e8-a748-26444723ffa3,ccolbertmf,Colbert,hcolbertmf@sakura.ne.jp,Male,df17:b049:950b:7093:8a35:122b:5f73:e1c,966-522-1836,1992-03-09,2025-07-08,2025-06-30
323fd49c-e0f7-45c6-99aa-7f587b1f29d6,dgainsboromg,Gainsboro,againsboromg@oakley.com,Male,d209:ecdf:a1fd:222f:c3be:cf07:2b92:60ad,921-261-2006,1990-01-01,2026-01-13,2026-01-06
b8d2f273-27a6-4f2f-864d-bd11392e4344,achalmersmh,Chalmers,jchalmersmh@merriam-webster.com,Female,8cbc:7af0:972:fcc6:af3f:ce6c:2f45:642,738-236-5429,2026-11-02,2025-08-15,2026-08-25
d36800c9-dd73-43b9-be07-b87e8f596921,lcudiffmi,Cudiff,lcudiffmi@qq.com,Female,a4e9:a256:b1ba:71b4:dd2c:403c:b807:6100,738-404-6381,1980-06-28,2026-05-10,2025-08-17
a374d65a-030c-4169-babb-75636eb4290b,crossandermj,Rossander,trossandermj@nytimes.com,Female,19e7:5339:cf54:b39a:c212:9025:7040:327b,453-727-3736,1980-12-26,2025-12-06,2025-12-07
209afda9-dc65-4730-b8ab-fd6a59a8033a,fwillmettmk,Willmett,swillmettmk@sbwire.com,Male,c688:7de1:3ebd:e043:be05:6eb8:3b6:6891,996-911-2368,2022-12-03,2026-03-15,2025-08-28
be91ef07-f0bf-4ad5-901b-d1b970999a80,jcostyml,Costy,mcostyml@sphinn.com,Female,2a63:26f9:9497:256a:a119:f6ce:ef8d:9d4c,621-397-2233,1986-06-27,2025-12-21,2026-08-29
5d2f1d32-a5f5-4e0d-8fc6-d36d0d025734,asellackmm,Sellack,msellackmm@apache.org,Male,a86c:7364:87aa:bd7f:9a21:2a0f:89c2:627,473-641-2768,2010-11-27,2025-07-15,2026-04-15
38b7aa9e-39a8-4517-9e6c-ed1e73ed8753,kchedgeymn,Chedgey,mchedgeymn@salon.com,Male,d956:420a:6029:ff19:8e39:e7b7:1fd6:bb52,862-771-0932,2005-02-14,2025-12-11,2026-11-13
6251677b-cca1-4cdf-9b4f-bc3a87541ec1,htrinkemo,Trinke,dtrinkemo@themeforest.net,Male,131a:2af1:b2fa:1df8:fda1:7df8:404a:a0cf,983-974-5104,2023-04-16,2025-11-27,2026-03-15
6d9d910e-2138-4401-9144-90737ad38f80,bdearlmp,Dearl,bdearlmp@bloglines.com,Male,c96b:9d9:b854:ca29:fa06:ccb1:839:ad76,280-762-3563,2008-07-28,2025-07-30,2025-06-13
edce9699-d9e6-4d47-9c3c-eb5992c361d4,fcatterickmq,Catterick,mcatterickmq@wunderground.com,Female,a33e:119:7325:edd1:ae4e:f21:8bce:3a19,131-622-7474,1992-06-02,2026-05-14,2026-01-07
fd0305ae-a756-4026-9a13-6e2413d513ae,bhosbymr,Hosby,thosbymr@furl.net,Female,ffe6:f129:6adb:cc6f:3130:f3af:bc9a:313a,606-945-5747,2014-06-01,2026-05-01,2026-05-10
422a31ef-69d5-463c-8a65-cc437909db28,ndelacims,De Laci,gdelacims@yolasite.com,Female,bfe1:9cff:5c4c:ea4c:6912:8538:e76:b266,693-791-8555,1988-03-05,2025-08-15,2026-08-09
946602f0-1191-4d26-86d2-160dc86d4a51,cshoesmithmt,Shoesmith,cshoesmithmt@google.nl,Female,65dc:bb9d:6701:3e64:2392:d779:207a:8673,504-192-8225,1980-08-29,2025-11-11,2025-11-21
7b06ed41-888d-40d2-a7d2-3695a66e9533,csabinmu,Sabin,tsabinmu@ft.com,Female,fdbe:90ec:c0d7:dcbe:7882:dce5:acac:d3c5,822-626-8058,1996-11-29,2026-03-30,2025-10-07
b8866123-7047-4ae3-8cd3-01c422fd9235,pruburymv,Rubury,jruburymv@imdb.com,Male,d806:77b6:fffd:e3dd:45a5:9b19:a4e3:c02f,709-906-2956,1981-03-20,2026-01-07,2025-10-24
3b4255f0-907a-424f-b736-abf5d3ca8ee7,dbeasleymw,Beasley,abeasleymw@delicious.com,Genderfluid,967e:8c2a:5556:8236:7d22:1105:eb14:3126,498-399-0809,2014-01-18,2025-07-07,2026-09-06
f0e29d3e-5171-414d-9ed7-5c8816e50841,gpetrovykhmx,Petrovykh,apetrovykhmx@miitbeian.gov.cn,Female,79d1:f777:1c01:d25:9ff9:be48:6d5d:44fc,737-285-0500,1992-07-21,2025-12-01,2026-12-02
babbe592-2aad-45f0-a904-20a9454780e9,whiersmy,Hiers,nhiersmy@independent.co.uk,Female,532e:f240:827d:b34:2ddf:93d6:3061:5357,238-597-5909,1996-06-27,2025-11-09,2026-04-06
b1c59db4-d61d-4b10-9e9d-53679c94c7d0,zbrockwellmz,Brockwell,fbrockwellmz@123-reg.co.uk,Female,70cb:7438:83cf:e722:7341:4025:3ca4:5374,957-928-2838,1996-08-03,2025-10-09,2026-11-16
f5381641-568b-4213-a58a-6f1c93e98609,rhenrysonn0,Henryson,mhenrysonn0@cdc.gov,Male,9731:c53b:145f:86d9:a28c:21:f2c7:ac38,952-215-6141,2025-11-13,2026-01-01,2026-08-23
c7bd0a1f-35ae-424c-b0eb-7f04aa34fa8f,jhansanan1,Hansana,chansanan1@wunderground.com,Male,8884:f962:251:349e:5b9e:813c:9ccf:3387,972-826-8849,1999-05-26,2026-04-17,2026-02-05
f18e6f44-eeb3-4035-b152-dad2fc97e5b0,kweldonn2,Weldon,eweldonn2@lulu.com,Female,d312:5789:91c6:c49a:b1df:5c5b:1132:9466,706-952-7495,2005-10-13,2026-03-10,2026-09-25
d57595ce-6cd3-4acd-922e-fd0db4e3cef8,pharmstonn3,Harmston,charmstonn3@jigsy.com,Male,a7d3:adce:3e18:dbbe:2dc:594d:1ce2:b2e1,191-452-0793,1989-07-21,2025-06-09,2026-01-21
2a1d0a03-7554-4fdd-a267-d2f41e110e91,cfaragann4,Faragan,bfaragann4@weebly.com,Male,b3e0:8543:b052:5cfb:bce9:e5e:65f1:87c2,745-300-1778,1985-05-12,2025-08-31,2025-08-08
7b6ae238-322b-44c8-831c-ffb8a606b0ae,bsahlstromn5,Sahlstrom,rsahlstromn5@acquirethisname.com,Male,4a78:17d4:e3d6:160f:79c4:79cb:6b02:fa0b,240-819-2925,2006-04-30,2025-10-17,2025-12-12
6f7340ce-6d0d-426e-a468-1c630605afaa,nshaven6,Shave,gshaven6@miibeian.gov.cn,Female,cb2c:d7eb:9e34:3de3:9474:3cce:5013:95d7,747-332-9271,1997-09-30,2025-06-20,2026-06-25
5d01b666-5dca-49f2-abbc-b1b904c09574,hrayntonn7,Raynton,hrayntonn7@archive.org,Female,236f:81f6:3b0:f37a:61a0:52e2:31eb:747d,364-984-9372,2005-06-12,2026-02-28,2025-11-03
09832060-74bf-4f2c-9595-87b1c12a2552,dincognan8,Incogna,cincognan8@tumblr.com,Female,525c:3ec5:4afa:544e:24e1:88f7:dd2e:da87,935-505-6242,2012-10-25,2026-02-08,2025-07-14
2efb7aa5-d06c-4807-93b4-f19557c5542e,jriolfin9,Riolfi,mriolfin9@si.edu,Genderfluid,c84c:742e:88d1:b3bc:a230:b20:8557:9ecf,541-740-2304,2006-05-02,2026-02-10,2026-11-20
e99a793f-471c-4d19-9c53-b258924ea7be,mwoodardna,Woodard,mwoodardna@wordpress.org,Male,1609:c163:4140:dcf7:a072:6b00:c748:e7ed,898-259-7406,1989-07-18,2026-04-07,2026-11-20
916c24e4-9ef7-406d-809d-de621d8efd38,citzhaieknb,Itzhaiek,aitzhaieknb@ocn.ne.jp,Female,ad83:3a8c:4eec:a84f:bb03:1ca4:4cf6:9c08,789-356-5331,2022-04-07,2025-12-22,2026-11-14
9dbdc1c8-724d-4be8-bae1-6d5b988c6df1,lmargiottanc,Margiotta,lmargiottanc@google.cn,Female,e538:7daf:c1f9:8966:571a:bef9:3a89:3798,140-574-5868,2025-10-22,2025-06-21,2025-06-27
0eb5aee6-0698-4957-9170-dd0413d4fbf9,mtoohernd,Tooher,ntoohernd@mysql.com,Male,a4a5:c6cc:a0ba:b117:1ece:af5b:5bac:e476,432-765-7469,1991-01-21,2025-10-14,2025-12-16
41a3ae51-824f-4c26-b52b-581e003a76a1,wjeramsne,Jerams,mjeramsne@cnn.com,Female,2622:d867:4cbc:e6eb:6b3f:872d:5b14:97c1,237-600-4014,1981-11-09,2025-06-15,2026-05-22
4107b59b-402d-4396-8daa-46895ee3230d,cmithannf,Mithan,fmithannf@vistaprint.com,Male,ed9f:dc83:9e89:acb4:4b69:dd0e:1d12:dd16,472-911-8511,1991-01-27,2025-07-21,2026-04-20
48a25df2-c751-4e13-a64d-2c7cf2733382,cgascardng,Gascard,tgascardng@forbes.com,Male,16d3:5309:c4f3:8fae:8b4e:e3a8:b8f1:6c3c,867-764-9765,2023-08-14,2026-02-14,2026-12-02
f9e56b46-5c94-4dd0-9aa7-a40196f4e628,bgelderdnh,Gelderd,ngelderdnh@arizona.edu,Genderqueer,5b1d:bba4:d045:2da6:320d:4753:407f:2267,320-375-2391,1991-03-31,2026-05-15,2026-05-24
c20f3162-7603-4f18-9f0a-276ad07e82a6,nspinageni,Spinage,nspinageni@macromedia.com,Male,7fc8:2f3b:3199:ebfa:950c:9de:d3bf:7917,690-326-9586,2008-01-15,2025-11-25,2026-12-02
466f9acf-6799-49c8-a025-d1da5d182ed5,ffyallnj,Fyall,lfyallnj@goo.gl,Male,cbc6:75b:f27b:4753:4102:2569:89a8:d2ff,811-171-0761,2001-05-03,2025-11-05,2026-06-10
3c47113a-cfdc-4f47-bab5-187207d27d00,rscholardnk,Scholard,sscholardnk@globo.com,Male,62c5:722f:f30b:35bf:55ee:cade:4a80:ef4e,627-149-7174,1997-03-31,2025-09-08,2026-08-02
0d0bc828-319e-4542-8e6c-356aa4b46ebb,ccorrigannl,Corrigan,lcorrigannl@guardian.co.uk,Male,583e:c5b4:53ae:1a10:f7cb:c276:8c40:4966,806-471-5639,2026-09-27,2026-03-08,2026-05-04
857016a1-fb15-414c-876c-962cfa89629c,iswensonnm,Swenson,uswensonnm@infoseek.co.jp,Female,6181:a444:a40b:43fc:b4d4:4f6c:d0ac:220f,939-554-0230,2017-09-07,2025-07-01,2025-10-13
c7c50696-4c95-4323-bad1-ecd706bd6eaf,hdransfieldnn,Dransfield,tdransfieldnn@godaddy.com,Female,9329:ca56:ed8:95a5:7f39:6ba9:9986:c064,821-540-7422,2019-12-08,2025-10-17,2026-07-26
31c3b23a-1a3d-4d7b-9aea-3009738d1b3f,bhugeno,Huge,chugeno@amazon.de,Female,849:8c4:c133:3cc7:aaf1:2e8d:b3b1:98de,304-985-2995,1993-05-24,2026-02-14,2025-09-15
9acaa462-21f1-4798-b8cc-4377a58ef711,dpolycotenp,Polycote,cpolycotenp@tmall.com,Male,e01e:fb17:ce9f:95f7:59ad:8972:a709:42ba,773-631-6486,1992-09-28,2025-10-11,2025-12-15
01d7fdec-fff3-4b26-a963-db17bd2cd7ff,mserfatinq,Serfati,wserfatinq@spotify.com,Female,67b9:261e:b974:7b5f:d2a4:6283:3055:1eda,637-288-0407,1987-08-29,2026-04-28,2025-11-23
80e3a4a9-1b6e-4891-b60b-17accbefc923,vbernardesnr,Bernardes,mbernardesnr@patch.com,Male,9484:4d1:efe9:f4:b691:717b:3e16:3e84,788-452-8853,2001-07-15,2026-04-23,2026-03-14
adaf7f7f-d8ac-46c5-8ae1-553d54d46fdf,nmccormickns,McCormick,mmccormickns@gnu.org,Male,a995:739d:52a8:fc4e:421:ed7d:cd58:d769,772-945-3798,2021-10-02,2026-03-27,2025-06-15
ef065003-19b3-4fb3-9f1e-d6570111c2ea,tbentkent,Bentke,mbentkent@cocolog-nifty.com,Male,81b8:a5c:d552:383b:17f6:6a51:337d:b709,621-520-9546,1982-01-23,2025-07-12,2025-12-05
ec960e7a-fabf-4810-b863-fc7f48b17d35,orheubottomnu,Rheubottom,lrheubottomnu@amazon.co.jp,Female,58fc:976a:4307:e3fd:ef30:d8e7:6698:de63,356-721-6716,1982-07-08,2025-07-01,2026-09-23
1a60a7a7-f5e9-496f-849d-4dacb2af7b34,kcahaninv,Cahani,gcahaninv@dmoz.org,Female,a642:2687:2dd3:db00:3455:c9d7:9159:274b,920-136-1374,2005-07-19,2026-05-26,2025-07-16
4a7e777f-3920-4426-aacb-27cd3b8e5bd4,egoodbarnenw,Goodbarne,pgoodbarnenw@bravesites.com,Female,4399:7e75:8b29:3b28:75b8:f2b2:a961:dc5e,641-446-6340,1984-10-28,2025-07-26,2026-10-10
364a8dee-1d9e-4b7a-944c-66561657d8bc,hfergienx,Fergie,cfergienx@dedecms.com,Bigender,f517:7359:e537:fb05:9b28:eeb2:db06:f53c,372-788-5139,2008-04-28,2026-01-21,2026-12-23
c5aa3300-51a7-401e-b562-345bd2f6574a,eblissittny,Blissitt,gblissittny@spiegel.de,Bigender,9553:1e60:b314:5f11:5c8d:b5e5:4f52:f923,988-790-6638,2000-05-18,2026-04-09,2026-07-31
5a83073e-ea6a-43db-afeb-dca90cdb063d,lfurneynz,Furney,bfurneynz@geocities.jp,Female,f2b4:a8db:af8d:1bdc:f940:9c96:9fce:71e3,155-509-8666,2001-08-11,2025-06-27,2025-10-27
9e4a11c2-c214-4ba1-bba4-af81149c8a56,mdonnano0,Donnan,ldonnano0@wp.com,Female,730f:7bbf:bc8c:ecee:4b8d:d714:c854:8a5f,111-572-8680,2007-09-22,2026-05-13,2026-11-03
0a94997e-93b1-49ff-b55d-84bf9419f95a,gnunneryo1,Nunnery,mnunneryo1@reuters.com,Male,2ec3:a3b2:7f5e:9ded:6926:33ac:32e9:106d,129-301-6212,2011-05-04,2025-12-08,2025-12-30
c40081b4-e60e-415c-b400-4a6bc125bc00,afoskino2,Foskin,sfoskino2@elpais.com,Male,cd0b:5493:7abd:6d93:83da:1335:ae81:8868,106-272-6027,2014-10-11,2025-10-26,2025-10-09
5b866809-c92c-4c03-8f91-6512c9aab39a,amaphamo3,Mapham,kmaphamo3@nyu.edu,Female,ccc:561:6f9c:ea68:599f:a2de:b5e6:7479,719-824-1881,1991-12-29,2025-10-01,2026-05-04
5b4a1178-2331-4efc-a955-ce64279dd5be,hsnooko4,Snook,gsnooko4@prlog.org,Male,4b15:8ce1:e7ee:de34:ad17:33b9:c032:d098,710-125-6262,2018-07-09,2025-12-24,2026-08-25
5c259c0e-e84d-42a7-b03a-963e84489ae1,lwarrinero5,Warriner,jwarrinero5@nytimes.com,Bigender,5c7:749e:c632:6be9:7bc3:dd93:10ad:e530,117-629-3535,2025-01-03,2025-08-24,2026-07-28
8a905a35-dc5c-44b5-a253-0bac80c6f4ff,gcawteo6,Cawte,lcawteo6@wikispaces.com,Female,a709:d1a8:1409:a9dd:31df:a32:8511:38dd,153-239-4342,2014-06-08,2026-01-14,2026-07-06
a7e2d7e7-028b-4b0e-83b3-dba2a4f2623d,akeymeo7,Keyme,gkeymeo7@delicious.com,Female,252c:44ef:219:cfab:728f:6006:27ff:6ce7,197-553-6064,2019-11-06,2025-12-01,2025-08-05
bcf6e334-3836-4594-9a85-cc644b087753,afursseo8,Fursse,gfursseo8@histats.com,Male,3d3c:4821:c41c:4243:91b:7b11:7931:ae2a,107-738-3311,1982-01-11,2026-03-11,2026-06-02
0b2741f7-8fd4-41f7-af17-62e5f2a58334,adobrowolskio9,Dobrowolski,hdobrowolskio9@webnode.com,Male,8688:e4f8:d5ef:ece9:ed69:45cd:6c05:2ef6,643-318-9992,1990-01-20,2026-05-07,2025-10-17
5a4eca99-b683-46ee-8542-ec879a4c0776,tbaignardoa,Baignard,dbaignardoa@myspace.com,Female,1796:d7be:1040:70a7:ca76:ffcb:7ec0:35b1,360-976-9961,2026-04-14,2026-03-08,2026-03-01
109f6243-0428-496c-b1f1-39e7f95969c6,kyairob,Yair,jyairob@hhs.gov,Female,223d:df56:cc7d:f0ac:8afc:7991:9a63:e799,293-126-9715,1984-10-25,2026-02-12,2025-10-16
09aa3428-89c0-4550-9130-61e39fcf6ccf,arobroseoc,Robrose,grobroseoc@google.ru,Female,586c:cffb:16f8:31c9:a079:8571:2807:5e55,509-237-9580,2019-07-18,2026-01-18,2026-12-18
58ca86b0-d4ad-4599-ad89-419831d92cda,mcalleryod,Callery,acalleryod@unblog.fr,Non-binary,be32:e4f7:d158:6578:1564:71bc:ca2d:eb32,302-889-5495,2005-02-28,2025-09-05,2026-09-23
aac795b4-98c0-454d-9ce7-23293d2d26c0,pstadenoe,Staden,astadenoe@hud.gov,Female,c1cd:a4cc:2b1b:c074:94dd:759c:4095:319d,169-556-7008,2019-08-08,2025-07-28,2025-12-21
a2f8164d-0f79-4b7a-9c9a-5ccb30c7a050,dgaveyof,Gavey,tgaveyof@360.cn,Male,c533:101f:c03c:6258:d69a:f60c:f650:e383,779-716-8931,2021-03-04,2026-02-05,2026-01-28
a6d0e8ff-0aae-4563-aca6-33374cdcd67f,ryouellog,Youell,ryouellog@sciencedaily.com,Female,9a1c:8c2f:b99b:569e:49c5:c17b:1952:fc2c,377-571-4494,1985-06-07,2026-03-07,2026-11-02
997319f0-3895-4414-8cdc-e864e409d23a,ktebbitoh,Tebbit,etebbitoh@theatlantic.com,Male,60cf:1446:6798:5d40:b036:8688:7c55:7335,646-147-6997,2004-08-17,2026-05-06,2026-12-03
58be0991-c735-4dc3-9797-d1bdedf88915,gfranktonoi,Frankton,pfranktonoi@hugedomains.com,Male,43a0:4e8f:c52:fe16:1d80:388e:8a93:2ea7,142-339-2825,2008-05-05,2026-03-16,2026-06-17
265822b2-211d-47a4-aac5-96a4f4ae4f01,fveaseyoj,Veasey,cveaseyoj@ocn.ne.jp,Male,c9b4:dcbc:cb65:2580:3de6:4bb4:14e1:9149,109-431-6280,1989-09-19,2025-08-11,2025-09-08
2ac66e4b-649e-4d20-8f30-d4c832d23fd5,kbowersok,Bowers,lbowersok@dell.com,Female,18dd:5a9a:1f81:fb3a:e27a:3876:7501:2759,509-374-6004,1999-04-30,2026-04-27,2026-02-05
76011f43-adac-4251-b107-afeb61c7e342,phannentol,Hannent,lhannentol@360.cn,Male,17c3:b66b:7458:93ed:8d19:4641:6dbb:c60f,124-161-8703,2001-06-13,2025-10-19,2025-12-16
e0a11240-0a54-48b1-9828-2b50e26d318a,frickerbyom,Rickerby,arickerbyom@sitemeter.com,Female,8d13:28ac:8899:c0c7:582c:9a4d:948c:73f7,339-323-6034,1998-01-09,2026-01-15,2026-12-21
1ff22fd8-36e9-4321-b697-67219ebbb832,rnorthedgeon,Northedge,rnorthedgeon@usgs.gov,Male,1206:72e4:3fa3:7af7:890d:5123:6c02:178a,371-870-3839,1992-10-12,2025-06-16,2025-09-15
8005aadc-5033-49c1-b188-4c169f8f4f1f,mbellinooo,Bellino,bbellinooo@ebay.co.uk,Polygender,7394:2192:32a7:d453:75cb:cdd8:ab20:7640,519-542-1329,1999-04-30,2026-02-25,2025-12-18
cd6df5b9-0a78-41de-b428-0b4238870738,cmuckloop,Mucklo,jmuckloop@nytimes.com,Male,b13:8695:2aa7:1b98:76eb:1da4:f3e4:dee0,208-908-9813,2023-03-14,2025-11-07,2026-11-10
44e899e5-90d6-47da-810c-8cebd9f22390,agrimsditchoq,Grimsditch,ggrimsditchoq@1688.com,Male,32aa:d391:5aa6:e2f1:60d:e465:6ead:b048,126-317-2707,1991-12-24,2025-06-09,2026-12-29
955a4708-69af-41a8-944b-dffad5338343,esisseor,Sisse,dsisseor@hhs.gov,Female,690e:2df8:ce5c:e5c4:b851:7125:d57e:5df5,609-474-6117,2015-05-09,2025-07-11,2026-08-11
17e6e919-86e8-457e-9354-ceee9fb5eb6b,pblewettos,Blewett,mblewettos@xinhuanet.com,Female,98ee:d203:5d09:a8da:64b6:e56:3e3d:3f44,177-219-4096,2025-07-17,2025-12-11,2026-09-21
d76c60d6-e906-482d-8e9a-0199e9859af7,mcazaletot,Cazalet,acazaletot@shop-pro.jp,Female,2000:6885:f583:223b:41ca:5688:43ca:cdf0,395-869-2344,1993-11-12,2025-11-28,2026-11-18
78a340a7-232e-476f-9349-b809fb0b79a6,egearyou,Geary,mgearyou@rambler.ru,Male,dfdc:5db9:1259:2206:1a2b:fc84:79c1:bdcf,957-816-9584,2026-04-03,2025-07-21,2025-12-22
6030a545-3e38-4534-91d8-c338ff708222,koaksov,Oaks,soaksov@dailymotion.com,Polygender,c974:deb7:90af:dbb3:732c:9e68:9afa:d941,198-388-3671,2003-09-13,2025-09-01,2025-09-09
75d6c379-3071-4e5f-83f5-5f6f98f64fe5,dsteptoeow,Steptoe,hsteptoeow@theguardian.com,Male,b167:de81:c46e:d3bb:3f26:2620:5ef8:de28,783-812-1197,2018-07-31,2025-07-08,2025-08-16
3e7daa5d-c71e-40c3-8425-b5d22c86080c,sreddellox,Reddell,oreddellox@aol.com,Male,673e:179e:8ab1:34ef:b09b:1bcc:c83c:87ce,619-557-1688,2012-03-05,2026-02-22,2025-07-08
1563dadd-ef04-42cf-91b0-95aea91b1cba,ewhichelowoy,Whichelow,swhichelowoy@wunderground.com,Female,e82c:5761:9282:ba86:6d47:99f8:95fb:f226,129-449-1259,1992-11-07,2026-04-17,2026-08-22
3f16e210-4d97-4641-8b95-dc01ee650fee,fomearaoz,O'Meara,romearaoz@moonfruit.com,Female,9ce5:cd52:718b:b759:46b9:8f5f:bbdc:5db2,626-914-0171,2004-11-03,2025-11-27,2026-11-20
ccf3a77e-ebc1-4850-8cf7-5f96d103b772,hcanavanp0,Canavan,mcanavanp0@imdb.com,Polygender,f4d0:5f8c:ebc4:7151:9262:2172:5c26:793c,455-475-5346,2000-08-01,2025-09-30,2026-07-12
992d3b83-1373-4966-a452-4734f310bee9,dwalteringp1,Waltering,twalteringp1@webnode.com,Male,38c7:6400:7c96:35c0:9be9:8315:69f8:9e2c,974-701-5070,1995-03-24,2026-03-03,2025-07-14
3ec33ae7-df43-4f0c-b097-51fb59584d82,seloyp2,Eloy,celoyp2@china.com.cn,Male,3f30:d352:bf36:f75c:7f09:2e7d:47ae:8230,265-668-6933,1989-03-18,2026-01-10,2026-06-05
dda19cd3-b8be-4431-8aec-41e0ec7a4aec,esharplingp3,Sharpling,jsharplingp3@mit.edu,Genderqueer,4b75:fab9:848e:42b8:c8bc:d898:e83b:e154,487-996-9263,2020-09-09,2025-06-13,2026-03-27
4f9b89f7-7a64-4d06-970f-bc4f938cf50e,rmalafep4,Malafe,amalafep4@flavors.me,Non-binary,6f51:78bd:8c84:5abd:ae1a:b5e4:7681:7848,530-504-7658,1983-04-18,2026-03-09,2026-03-07
6bb7a107-253e-4641-9ce1-2e0670469f95,nmatysiakp5,Matysiak,ematysiakp5@goo.ne.jp,Female,da2c:743:fd97:e8f6:417f:a976:a9b3:fbde,768-221-3175,1983-09-18,2025-07-21,2026-08-17
7d545c55-679c-4561-b0f6-f8dd30febd86,tendriccip6,Endricci,vendriccip6@dion.ne.jp,Female,cf58:8676:55ab:fb36:a77d:17e8:2105:a0d3,322-123-6362,2024-05-23,2025-11-17,2025-12-07
131b1be1-9b2a-4a8f-90b5-8fee747fb85a,jbrockingtonp7,Brockington,lbrockingtonp7@whitehouse.gov,Male,1388:9ab3:6974:bb47:abb8:745:cddf:aee8,312-355-5554,1982-07-09,2025-12-15,2026-05-03
9e86bf8c-05fd-4e3f-8aba-fe57b450a195,obeldenp8,Belden,rbeldenp8@narod.ru,Female,7f19:3366:e52c:c4d4:d6fe:69f5:d346:6355,246-785-3972,2011-01-12,2025-11-01,2026-11-09
586c2a5b-01dd-433e-ba71-3122f6244c7f,bannottp9,Annott,aannottp9@fastcompany.com,Male,4486:7b36:cd86:e416:8cae:dce6:28ce:c78b,429-693-8284,2006-03-07,2025-09-05,2026-02-12
9a39b1eb-89fc-4421-99bb-1c557f3cb17c,bjearypa,Jeary,bjearypa@va.gov,Male,bc55:e69e:170:17f9:948f:7643:2d3a:5229,717-168-1724,1993-02-12,2025-12-18,2025-11-03
697c1336-71c1-4088-8dba-a0170826915d,cgoardpb,Goard,cgoardpb@themeforest.net,Female,3a7c:2556:e39d:c81a:f2a4:68fd:bf08:a606,565-547-5102,1999-11-23,2025-11-03,2026-08-21
622c530f-2eb5-4fa8-a26d-d218a1db6309,kdallicottpc,Dallicott,pdallicottpc@ucla.edu,Male,6f3c:de53:a6fe:5830:13e9:8774:50b0:d335,105-808-4610,1985-02-18,2025-10-23,2025-10-19
14978d04-1890-4e35-89e6-e7ae67a97751,ibrightpd,Bright,fbrightpd@buzzfeed.com,Female,5933:76b2:469a:4c4:d65:bb5:8599:bade,885-506-7780,2005-12-22,2025-12-09,2026-06-24
d04ebdb9-7e1d-44a4-b752-3fb8a100f4d3,zlosemannpe,Losemann,blosemannpe@imgur.com,Female,b8c1:259c:2226:fd10:4eec:36b8:57c5:ecf1,148-247-0763,2020-06-29,2026-03-06,2026-09-18
87741d8c-be63-4b79-8379-75c34c61624a,sdumphriespf,Dumphries,sdumphriespf@nationalgeographic.com,Male,fe53:6ef2:1f4f:fbe3:b5ca:91aa:77ca:4034,977-860-2458,2013-03-09,2025-11-21,2025-09-08
0a11add7-c59e-4d0d-92be-7f0fcebeeb04,idarkinpg,Darkin,jdarkinpg@instagram.com,Male,d4ba:b563:b8a5:c6c3:d81d:ddfb:44bc:b9a0,510-259-0651,2005-10-24,2025-12-11,2026-05-21
cb26eb17-46c8-4f3c-abcb-de262c02b270,sguiotph,Guiot,rguiotph@rakuten.co.jp,Non-binary,77f1:91b1:ae4c:71e0:ebce:e96d:fa27:4728,107-979-3732,2019-11-30,2026-01-05,2026-06-15
8de0c89b-52e4-44f9-afd4-909b156a1bca,mguilloudpi,Guilloud,wguilloudpi@twitter.com,Male,2076:83cc:727d:e7c9:cff:2fbf:2b80:8b2d,935-168-7167,2010-03-02,2025-06-28,2026-12-23
518a84fd-bc80-4efd-a3e0-0a42775dc9fb,znailpj,Nail,knailpj@smh.com.au,Male,33bb:645c:12f4:389:1094:5f11:2fe2:533f,379-166-2270,2020-09-25,2025-06-29,2025-08-25
7d024e5a-33b3-4367-ac34-52582e61170a,aohallaganpk,O'Hallagan,dohallaganpk@google.ca,Female,79c3:b913:fa45:2137:be6b:8bd4:688f:6745,896-817-3813,2026-11-03,2025-09-07,2025-07-09
03a13284-45fb-4227-8970-748e70df425b,mtremlettpl,Tremlett,ftremlettpl@mit.edu,Male,13a7:9947:1662:ee5d:cde8:56b:3f7a:5edb,428-453-3862,1992-12-14,2025-11-23,2025-11-05
c96ca02d-60b8-4205-bab8-8b488a6816e0,bgabbattpm,Gabbatt,ggabbattpm@xing.com,Non-binary,fef8:a11:d85a:3419:209e:63fe:64c9:9005,328-536-7623,1988-08-22,2025-10-17,2025-08-31
c9f3a0b2-cf3d-4861-ad19-a1aad865985b,kruzickapn,Ruzicka,hruzickapn@apple.com,Female,28c5:c9c8:2cb1:bd25:71e2:f71f:5ef4:8a51,840-474-5721,2012-12-24,2026-05-14,2026-09-11
c57bbaea-44e6-4c6f-97a9-aa73d5e5c205,achessilpo,Chessil,schessilpo@apache.org,Male,54ea:1c39:560e:def3:3bce:4dbb:1f77:490b,208-735-9549,2020-01-30,2025-07-19,2026-12-06
7835b286-154e-49c6-ad34-6beff83e1f4d,bemlochpp,Emloch,iemlochpp@wired.com,Genderqueer,56d7:e15b:e573:a90a:aed9:ae02:9527:f113,244-976-3542,2025-01-13,2026-05-25,2026-02-09
9cb67a5f-9bd1-498b-987d-0171aa46118d,cwomackpq,Womack,bwomackpq@smugmug.com,Female,d960:7944:4dd:3660:7539:9c73:99f8:489,933-359-6046,1993-03-03,2026-05-17,2026-11-04
1ee61399-ad45-4a34-bc63-5140dd6a4995,rgronewaypr,Groneway,hgronewaypr@ebay.com,Male,4a97:8b98:eee5:d98f:d33:149d:eb38:cd77,256-948-4921,2025-06-20,2025-12-05,2026-10-29
8b3765fa-5991-4089-b017-7c78e0d19273,alantps,Lant,jlantps@slideshare.net,Female,75a:6efd:49e8:210:2011:79b6:6c0f:c3b8,868-434-6126,1985-12-20,2025-12-24,2026-08-09
20cd2847-c246-4e7d-b725-47ae2bdea495,ititept,Tite,ttitept@vistaprint.com,Genderfluid,1b4c:d74f:2e04:272c:5482:c776:4815:724d,474-334-4996,1995-12-12,2025-12-02,2026-08-20
302649c4-0a0f-48b5-95ff-ee7c3c796aee,ziversonpu,Iverson,civersonpu@army.mil,Female,f8ac:f492:e778:80bd:6f8d:8077:d7ca:a90c,676-960-8484,2022-12-29,2025-12-03,2026-05-16
d5d8cda0-cb35-469b-b4a7-1d88a64b8b6c,ngergelypv,Gergely,sgergelypv@ibm.com,Female,2191:4e7f:9966:552d:884f:296f:2c6d:5e61,505-646-4955,2005-06-25,2025-09-26,2026-01-23
d076ae1d-452c-4ab7-b79b-2984a0ba0082,hlavenspw,Lavens,jlavenspw@blogs.com,Female,c1a3:a309:23cd:3af6:8977:3a01:f6d1:89d,731-298-2144,2014-12-07,2025-05-31,2025-08-10
c5c2a676-2cf3-49f5-8b4d-32ec011c5171,lstandidgepx,Standidge,hstandidgepx@fda.gov,Female,554b:71eb:ba99:12e4:e39c:70a:f0ae:ffbb,530-881-7778,2010-09-18,2025-08-27,2026-07-28
740cdb7e-ffba-4693-8403-3ddfaabe840e,bloundpy,Lound,aloundpy@globo.com,Male,56f6:c7c0:7529:10e6:c035:4310:747f:f4f3,879-412-5807,2011-02-18,2026-04-03,2026-08-28
94fd5c93-97f1-4f30-8ea7-85a9f0df36a9,ssauterpz,Sauter,tsauterpz@domainmarket.com,Female,7e09:e62f:1a32:8c68:3c1f:6be:b16:787,272-240-1628,2008-05-19,2026-01-23,2026-06-04
a2b46166-a34d-4d5c-91b3-69f98edcb7c8,drobartsq0,Robarts,brobartsq0@mail.ru,Female,c99b:e2b8:4973:f07a:4430:3146:93af:e506,569-464-6239,2005-02-08,2026-02-21,2026-02-10
99635e12-a10f-4321-8bbb-e79d40231c45,aastlattq1,Astlatt,tastlattq1@nydailynews.com,Male,a515:5e7f:4857:763f:7203:fd01:511e:2ba9,775-969-3018,2021-01-31,2025-06-01,2026-09-24
3ee24f88-09df-4ec3-a980-71e6b62770c3,twattersq2,Watters,mwattersq2@taobao.com,Male,145a:4c0f:5d6c:74d1:3ace:2e3c:5367:ca8f,680-445-0948,1982-08-20,2026-05-13,2026-10-12
eae2751a-b873-4e36-abce-5fe5a70d9b97,nsissotq3,Sissot,dsissotq3@cornell.edu,Female,54c1:4afb:43b:40c2:58e9:40be:637e:b34d,334-569-8705,1994-11-10,2026-04-19,2026-10-18
76944e75-7cb1-41e4-a27e-31599bd48949,ogrisedaleq4,Grisedale,lgrisedaleq4@goodreads.com,Female,ea0b:9971:ea1a:92e5:9da2:7fb1:5f8f:f7fe,558-903-5375,1987-03-21,2025-10-13,2025-07-02
d42b67c9-ed3e-49d7-a488-67697731b824,cmarchamq5,Marcham,fmarchamq5@illinois.edu,Male,6793:fad4:e623:eb3e:6882:7f4:903b:ee6d,355-963-2977,2023-02-13,2025-09-01,2025-09-14
14cbc471-3df6-446f-a578-7e1dc2de98d5,rgornarq6,Gornar,cgornarq6@nature.com,Male,2ec2:85e2:a3df:af25:6dc5:b9e1:49da:7c12,451-656-6173,2014-06-20,2025-10-29,2026-04-10
a9326b3e-baa5-4940-a0f3-c01c375c1d60,achicottiq7,Chicotti,cchicottiq7@bbc.co.uk,Male,fccc:1fff:db75:9918:107b:aa69:544e:db7c,588-675-1118,2024-05-25,2025-08-15,2026-06-24
9c7a5422-d600-44e3-90b6-f248c976c51a,ssummerladq8,Summerlad,bsummerladq8@bloomberg.com,Male,a1da:2006:1ca2:3612:dd4c:bb6d:600a:1947,861-393-7072,2023-02-27,2026-01-14,2026-01-20
076f3101-f5a3-42c9-868b-9b3ee546c9f4,dlukasikq9,Lukasik,dlukasikq9@posterous.com,Female,b9d5:c8c1:4901:f098:5818:d1c0:bf2:cfc9,587-892-2882,2000-12-20,2025-09-05,2025-11-26
364a72ff-a2ef-463d-acfe-37d6fb6f2268,creddingtonqa,Reddington,ireddingtonqa@pagesperso-orange.fr,Female,197c:5ff8:a901:e839:2b03:99e0:aebb:de4c,900-566-4750,1989-04-30,2025-12-10,2025-08-12
06884274-10f1-4305-b3e3-f17289c56c1b,aheimesqb,Heimes,fheimesqb@cyberchimps.com,Male,9ce6:8a1:e176:14d4:5495:5284:4e65:e8af,869-423-5543,2016-06-28,2026-05-19,2026-02-23
c0a23d7a-428f-4513-9719-0d8097abebec,madkinqc,Adkin,nadkinqc@smh.com.au,Male,6e94:2bf7:f74a:42e:c022:db61:e97c:ec,106-278-0157,2011-04-05,2026-05-24,2025-06-28
c4700bdb-4713-4339-befd-b0508782a1cf,dgrievsonqd,Grievson,dgrievsonqd@soundcloud.com,Female,6559:319d:1d1d:a870:fb9c:dad9:d68b:98a3,406-856-1521,2009-04-16,2025-12-12,2025-12-14
cebf697f-c6ec-41b3-881b-80cd8a7a52a6,sangrickqe,Angrick,aangrickqe@bizjournals.com,Male,c608:2e01:1911:69e3:8951:8ed5:f605:a9b6,763-118-4458,2021-06-23,2025-12-01,2026-05-30
c69a8f20-dce1-4107-be69-4846bdd5dd7d,gdibiaggiqf,Di Biaggi,wdibiaggiqf@goo.ne.jp,Female,8a33:7e6:50a0:63f2:705d:574a:3706:67d9,508-183-2175,2020-09-25,2026-03-05,2026-05-07
0ddbcd6e-0a8a-43e3-999d-0224fe520174,mmclenahanqg,McLenahan,smclenahanqg@biglobe.ne.jp,Male,a3e6:c380:48a6:9d79:ec22:39ba:e9ff:d6a7,849-814-4528,2009-05-28,2025-10-06,2025-12-21
272f6ebe-273b-49a1-9aef-8bdf22988267,bfoliqh,Foli,bfoliqh@japanpost.jp,Female,e266:c803:3a46:ebef:d9c5:833d:7a9d:d520,769-131-9136,1987-04-24,2025-12-25,2026-10-05
7b2f9cde-2a3c-4eb8-ad13-5b793f5071ba,lfihellyqi,Fihelly,ffihellyqi@simplemachines.org,Male,8c85:d5aa:244a:8db0:8efb:a3ce:48aa:f7cc,818-944-5704,2004-07-07,2025-11-27,2026-05-01
39a35155-67c8-46df-9437-f752c58c6a89,dcahernyqj,Caherny,tcahernyqj@wikia.com,Female,c33e:9c4d:2557:4c7b:9e5e:b773:1ddc:a29b,896-394-3762,1987-01-18,2025-11-10,2026-05-01
010a0a56-ee90-4754-9a00-bc14bb222e94,dhinksqk,Hinks,whinksqk@wordpress.com,Female,27ce:c1f1:cf53:45ef:c50c:763d:f33a:ee01,238-470-8375,2024-01-16,2025-07-21,2025-11-03
f04c0cff-8bd7-4bd0-a46d-30536a0c0555,varsnellql,Arsnell,barsnellql@baidu.com,Male,b52b:c901:c10e:6c2f:b6e5:5101:79db:e15e,293-249-0403,2019-11-01,2025-11-02,2025-10-07
9b959414-ddec-4549-aeba-0a9cea6328c2,rmavingqm,Maving,smavingqm@exblog.jp,Male,3ec2:2208:f2a4:195f:fd65:a7b0:c119:8842,745-224-1998,2026-04-15,2026-02-03,2025-07-04
1ea7f856-54e5-47a9-903c-dcb725d716aa,cwillansqn,Willans,dwillansqn@ifeng.com,Male,f03f:7f98:a26e:1577:459f:b13f:73ab:d575,346-494-9224,1985-06-16,2025-12-30,2025-12-26
c9c7cc6f-f9ed-4d95-a622-958109aa41e5,rhubboldqo,Hubbold,lhubboldqo@vk.com,Male,9f9b:1fec:663a:36bd:f154:233c:ac96:4274,244-833-0982,2025-07-22,2026-04-16,2026-10-07
abb6925d-3b07-4eb6-90f8-4f5e388701f4,thobbertqp,Hobbert,ehobbertqp@angelfire.com,Female,faf0:8ad8:320:7ca1:b817:bd50:7a8e:6c8,194-504-1842,1987-08-12,2025-11-29,2026-04-28
943d9fd2-64bd-4fff-b28d-41b511d562e6,callawyqq,Allawy,callawyqq@mayoclinic.com,Female,29a5:f0f1:81bd:b538:5e1d:49c4:5a71:6e06,949-919-5558,2012-12-22,2026-04-03,2026-01-19
ee2dbb78-0a68-421f-90dc-0eb0f2f4fd06,dmicklewiczqr,Micklewicz,dmicklewiczqr@dmoz.org,Female,ab7c:f8be:cd9f:ee43:23e6:9350:ced6:cf5d,920-996-0562,2008-08-20,2026-04-04,2026-06-02
9c654a69-f1f0-4d1e-b553-fa023c479c18,afairbournqs,Fairbourn,cfairbournqs@e-recht24.de,Female,1d15:4ca0:2752:9fe5:f13f:b9cf:4ff4:e2dd,561-386-3668,1998-01-20,2025-09-28,2025-06-10
0ee5f8c6-3d27-4650-865b-61c1fe763144,jchurnqt,Churn,cchurnqt@sohu.com,Male,dbd9:bf53:9ee:a67f:17e9:2abd:92a7:38ab,500-513-3285,2012-03-11,2025-11-03,2026-11-07
002db81e-9122-4e80-bcbe-9bc7db471b71,vquinceyqu,Quincey,equinceyqu@ucsd.edu,Female,5e4d:454b:ede6:c5f:8ca1:3e7e:d345:4b6e,971-553-9414,2021-11-22,2025-06-24,2026-04-20
cb077bc1-2af5-4494-b851-66cad52ac2fe,abeverstockqv,Beverstock,rbeverstockqv@va.gov,Non-binary,7997:1fba:2732:6178:4675:c4b0:8c1a:c1c3,823-993-0314,2022-09-24,2025-10-22,2026-02-22
cc495754-8808-47f0-9dce-ca97549b011c,mfilipqw,Filip,sfilipqw@apple.com,Genderqueer,4968:eaf7:70bd:7d5e:44d6:bd03:b3e2:6bc8,279-735-2195,2020-01-20,2025-07-27,2026-01-02
fb3523b9-b824-4800-9dd0-28924b52bf5e,sbavageqx,Bavage,bbavageqx@sina.com.cn,Female,2861:670c:8d63:847d:5429:6159:b7d2:4c4d,359-794-7199,2008-11-18,2026-03-30,2026-12-27
87bf02bb-8c9f-4395-8eeb-11e7dbf640c7,nsleanyqy,Sleany,wsleanyqy@google.cn,Male,5f88:30bb:6f14:9768:d454:1afb:851:1859,236-532-5575,2002-12-12,2026-04-21,2026-12-27
6a344f04-73d5-4c31-b3f5-1140cf27766b,dstockellqz,Stockell,astockellqz@ucoz.com,Female,40e9:f138:eebb:bf31:4c12:b82d:a553:1a4,512-755-7735,2004-08-03,2026-05-09,2025-10-19
b1756135-ddd1-410d-9c79-a84f5ac1ff21,awickmannr0,Wickmann,kwickmannr0@csmonitor.com,Female,9f7:434d:7589:72f9:2b7a:9ca:e601:b66e,571-354-5063,2025-11-18,2025-12-15,2025-06-29
a900feaa-e364-4208-ae31-c4f9736e663e,eworhamr1,Worham,rworhamr1@ebay.co.uk,Female,6395:1c4c:3fd3:3e66:f71d:5ead:8e06:eb1f,814-437-8938,1998-12-13,2025-11-24,2025-11-10
39ad19c3-b3da-4f8f-8481-58266a9f64df,ckeer2,Kee,kkeer2@edublogs.org,Female,fd11:7089:2adf:814a:22aa:af68:eefb:f4e,227-187-4683,1985-04-06,2026-01-01,2025-12-13
6eeaf047-4f51-43ab-ab14-e03fb3739143,sphillpsr3,Phillps,aphillpsr3@devhub.com,Male,75c8:1168:b2ea:22d6:2a3:60e6:2ab1:5570,674-395-2122,2007-06-26,2026-01-12,2025-12-08
d26a25f8-a10e-4e7c-9c1e-2e40d0d7bc29,borringer4,Orringe,eorringer4@oakley.com,Female,e856:116a:df96:4ff3:e5b1:b0b1:6958:ebb0,847-133-6856,1995-10-25,2025-12-27,2026-02-09
50ea8953-b45d-4209-9f12-85417ebfb039,crickfordr5,Rickford,arickfordr5@desdev.cn,Male,c2ba:3d37:cc80:be96:1f1d:3579:7f4e:457e,628-682-4687,1991-02-13,2025-08-24,2026-03-23
6cfe1569-3567-400c-a865-9b31b51e2bcf,deastabrookr6,Eastabrook,aeastabrookr6@walmart.com,Male,7f7:185:799d:d49a:32de:6cb1:f7cd:5d8e,473-726-1317,1989-09-22,2025-08-01,2025-08-02
4a62ff3a-321b-4859-b2b9-7d1fcd53aaf2,wcheckleyr7,Checkley,bcheckleyr7@amazon.de,Non-binary,4310:4c67:b18:3405:3c5f:9b2d:b2f0:92da,840-902-9201,2017-01-02,2025-08-05,2026-05-24
b6a1bb5b-744a-4227-ba37-fbc6e06b3535,yrecklessr8,Reckless,trecklessr8@slideshare.net,Genderqueer,163c:a74:34b7:726d:535c:5263:11b2:82a4,923-334-8546,2008-01-27,2025-09-01,2026-07-02
b81f5037-bea6-4d1e-b323-708d92f563a8,nlassenr9,Lassen,alassenr9@hexun.com,Female,d198:1a35:5b2a:392d:b627:f40d:e176:f574,968-300-9932,2011-08-25,2025-06-23,2026-12-06
6a9f232a-2435-4f44-b520-c97f007db626,nphilipra,Philip,cphilipra@163.com,Female,345:a363:96cb:74be:f479:d764:ed6a:6897,661-529-1178,2012-02-08,2026-02-28,2026-12-10
58e3c056-adaa-4a4d-9b47-02da5ce01024,mmackeegrb,MacKeeg,mmackeegrb@harvard.edu,Female,2b65:e47e:75b9:7222:ec3b:8083:8f43:1c38,812-227-1494,1999-04-17,2025-11-15,2026-10-04
3a1ed01c-8eb6-4dcb-bcec-748019351be0,kclererc,Clere,iclererc@miitbeian.gov.cn,Female,f300:82c0:749:9c3a:9342:d77e:feb5:df2a,942-444-8652,2003-01-21,2026-02-09,2026-10-14
6a5be884-5e4b-42ee-a90e-ce08738668b1,bmcphelimeyrd,McPhelimey,smcphelimeyrd@cdc.gov,Female,4ec8:40d1:b15d:53ff:1c18:f8d8:ae83:51eb,261-673-7668,1991-07-24,2025-11-04,2025-07-30
3f03033f-9710-4365-82fe-4f4f564553ed,tcrowere,Crowe,tcrowere@a8.net,Male,8165:76aa:548c:39d9:5855:4238:5a39:78fa,579-172-5997,2021-10-28,2026-05-16,2026-05-06
e2764d49-902a-4a4d-866c-793812562299,jmoratrf,Morat,lmoratrf@wikispaces.com,Male,ac4c:b57d:e789:c5d:78e5:4f2d:d385:97fb,220-160-2993,2009-06-25,2026-01-06,2025-11-13
932cba96-24cd-45ad-9f1b-8e89a25695d2,cackhurstrg,Ackhurst,dackhurstrg@ft.com,Female,8a91:708e:6abf:f5e3:1b8e:4180:237b:834f,358-921-0696,2025-05-08,2025-08-26,2026-04-22
17c5939c-c71d-4a19-9c54-a3d262e80e8c,bnevisonrh,Nevison,gnevisonrh@techcrunch.com,Male,4f11:c99e:782f:f9c4:c947:93f6:1ab9:a661,577-433-8643,2004-05-24,2025-12-31,2026-12-01
b8460be5-1d2d-4e7e-a1e4-02f1834f5322,halentyevri,Alentyev,kalentyevri@ca.gov,Male,9455:cdde:fdc8:c03b:b853:8b84:9d4e:abd4,517-256-9609,2022-01-23,2026-04-12,2026-06-16
a46ff762-f0eb-4691-83b5-b180170d2033,vcohenrj,Cohen,gcohenrj@xrea.com,Male,8906:99ba:ca59:9bc5:57ad:17c0:75ce:bb66,513-363-3352,1983-11-22,2026-05-21,2026-03-20
906bcdaf-6d85-4f77-82e9-cf3a26d45395,riacovazzirk,Iacovazzi,giacovazzirk@google.com.au,Female,a674:17bf:5e9f:9986:e0de:d373:d66b:b9e9,189-325-2858,1992-02-14,2025-09-14,2026-11-12
ffe15bbc-0766-46e1-a5a3-bd015fcbb6ba,rploughwrightrl,Ploughwright,gploughwrightrl@qq.com,Male,61c5:2639:d347:c03f:253f:21f4:3498:7fef,640-222-1164,2009-03-14,2025-10-23,2025-08-04
bef9f7c4-fc43-484a-9582-ac7c3000ea24,lspracklinrm,Spracklin,pspracklinrm@squarespace.com,Female,6ae2:e91b:39a9:ecc3:16cb:62e7:2664:36fc,128-298-4489,2012-04-28,2026-01-28,2025-11-16
82337d65-4e9c-4f04-9698-8f52ae364621,gaparkrn,Apark,kaparkrn@illinois.edu,Female,95a4:674e:aa28:e947:4da9:2100:1f1:9e2e,124-204-1525,1981-04-11,2025-07-28,2025-10-16
68b623ac-573c-473f-b204-c06a81c5904f,achantrellro,Chantrell,jchantrellro@hatena.ne.jp,Male,8022:5bb5:3f8c:6def:5540:3cf3:9299:5876,585-399-1082,1996-05-24,2026-03-06,2026-04-02
c200b8a6-2980-476f-aa96-9ba56027f3e7,njanodetrp,Janodet,djanodetrp@deliciousdays.com,Male,2a4b:5428:64b8:521c:a411:4696:f1e2:7a61,816-887-9125,1994-07-26,2025-10-03,2026-05-28
c1fa3d7c-d278-4807-8b28-70079312f92d,thandrekrq,Handrek,rhandrekrq@chron.com,Female,fe49:b1c2:2b86:1100:9c08:16fd:86a1:29ac,547-528-5924,2002-01-11,2026-01-20,2026-01-29
b475d927-9a6f-434f-9803-186ed64b308a,lmacnameerr,MacNamee,imacnameerr@prnewswire.com,Female,4b02:2bb2:8814:2d2b:10c6:22f4:7c5b:a505,978-952-4248,2000-04-09,2026-01-03,2025-08-16
