id,order_id,product_id,quantity,unit_price,subtotal
fdab121d-12c0-4a6c-86a1-4008e88b5520,c6fdfc0b-3a9a-4d3e-9153-b1be26f653b9,9dc8e0ec-59e7-4e2e-bb63-64cecf7a1371,15,76,1140
161b6ea7-6806-4a2f-be4a-8dc1e406beec,f7a43f70-dca5-4d29-bb7a-0b5bf6f21381,223d8ca4-286f-4b93-9c11-cb864c02d02b,80,26,2080
f526185c-4737-471c-9523-ccb7f22013a8,301adb5a-6801-4532-b1b5-43a68cf44bda,bb80b66b-f400-49ba-adfe-1cd58f7e977d,86,32,2752
403be12b-fe35-42ee-8b28-54670a4a9c6d,329271a6-5448-4f1d-85b5-8234141094b9,e4fc0fac-721e-44e5-9875-23652f76d04c,53,59,3127
6474072a-b621-4eb9-9828-1937d57a4689,9ccfddbe-96cb-4514-81d3-ba9a3b665de6,e9bbe60a-6088-4685-8c3a-9694e0b55480,39,30,1170
03b11686-0e59-4328-9765-0168cd2349c2,cdb29705-d91a-4222-9665-e2c41fc5f957,ec563cf2-3a51-4967-91c2-53178a34aa9f,96,25,2400
e876f81d-390a-4feb-8feb-7ef37a2c02fe,ecc74b69-0f5c-4614-8d35-386c2b13446c,dee8fb66-1411-4cfc-82bb-2c23b41e2d7d,61,55,3355
ff75338d-7fc7-413d-9eac-0fe7cce3c36f,b6527919-458e-4a8f-8159-9c692800f4cd,94ff6d82-8f89-42f1-8803-044ecfd6bc21,49,75,3675
cdec3417-1443-49b7-80c0-7a1a42727dfb,c7ec80a7-ff66-4a77-84a6-4fd3b689068e,9947691d-aef3-44ce-b48b-efec44349170,43,98,4214
c3560a4a-9028-447c-8f5b-ac9a7f1275d9,59d8a091-669c-4780-97a1-6c49ffedcb5d,5984ed58-e4f2-4ade-97dc-d73caa9cc3b2,22,16,352
61c3d829-1383-40fe-8be7-295594e1005f,455a4726-146e-4320-8b3d-e16e9c6bf7cf,6d3edf44-54b4-41fd-82f8-f608b0261950,87,2,174
04961898-2013-4f7a-a4aa-5e8ea7356165,3518be8e-2d46-422e-9496-dfa5bc325fec,18520621-2425-4165-b0b2-a5edd053f626,63,31,1953
ce7538f1-2a44-418d-9529-9d4cf0aef447,9cbb112d-0b34-4142-9b67-ddb7952a53e6,d48963cb-8794-48c3-821b-937d823b006e,32,89,2848
44e4b452-d435-434d-9049-5d0ca5010add,05832e56-2630-4338-b1ec-11033c7df866,a2804839-9016-4c9c-b08c-76bd01c393d0,28,24,672
8153e5ff-509c-4e46-bf40-5381ea0796bd,e9adaa08-259b-49b3-a382-c68e35238c01,0bee947a-2090-43b1-9831-e78d21e02e9d,31,47,1457
dc387562-ff7e-41cf-8d69-351d8dc23e33,796f365c-fe5f-4408-a5a4-40489c4b5e49,ebe96ef3-2bc1-416b-8d19-30730a2f0000,51,63,3213
3534c68f-8597-42b4-a7bb-967d19b10ed2,38ffe759-abd6-4dc1-836a-9446f7391038,a48867a1-4091-422e-8dc6-2810bbfadc84,65,71,4615
28aa370a-3c82-4d36-9ad2-aad3dd5cff4d,a01993c4-6cd3-46ef-847c-a3196e6b8d21,805f00b0-3a4a-489b-a099-c3d1a31d91f3,72,69,4968
ad21e5f8-744d-4913-bdce-bc523cab4f59,b19ff350-cfba-424b-aa07-9d3535933db7,3e5dec7a-12fa-46c1-99be-d61feeff6929,20,90,1800
27dca60c-12a8-4b21-8292-66ff2a31a97f,58d35cfa-715e-4dca-8447-59b4621e6a66,c4da1bd3-a62f-4d95-ba2b-c73c68bba524,9,89,801
b213645c-8592-4e00-ba91-b86d213fb63b,3d5590cb-7de0-4460-a5b5-b21177a54e2c,bcc102e6-0b68-46c3-a764-5d90b6b7a51f,24,99,2376
174e3abe-1e41-4c8f-9af2-2aeba6b0e1a6,604a0b45-033f-4045-adb8-3acf3c8bcb17,c92fa6b8-8255-4a48-931b-25b5fe9fc717,23,32,736
0ac4d3a4-85e4-43a3-8490-bcf583652b6c,b2359767-cb87-4ee9-805b-42815b3fb29d,633e50d6-c557-4cc0-ba2b-a66173f4ecc9,22,73,1606
ebd6c663-70b5-496e-a249-a25ef22f0333,23eadb99-4f68-4498-82c6-0ef30d453b5a,0907fff2-8137-4139-8c6b-1d407b818dbf,53,94,4982
b57c6718-5231-4ffe-92fd-e77d34cdb4de,fdae8a4e-8177-46f7-91df-15f9238bbd91,831c5bfe-0de6-4c3a-bf1e-0caf3eba8841,2,52,104
0c4183af-4da9-4184-88f7-993dcb7c258f,e864dcd4-2788-40e7-8122-677f58997c63,04702e32-e2b1-4aac-a565-d0619302976b,71,3,213
f601bc5b-0bf6-4a47-b20f-65fa0f1591be,58d35cfa-715e-4dca-8447-59b4621e6a66,f9581467-67aa-4337-97c4-3b7ad54ced35,8,65,520
c2d9a4a2-0948-4930-9db4-ff6f72cdafe0,4015a754-bd96-424a-bdd8-0cd4b5da92f5,11bb76de-89b1-4c3f-b7ea-5de3964f118a,30,6,180
5a2e98f0-2340-4223-9dde-2d026c9ff9e4,e9adaa08-259b-49b3-a382-c68e35238c01,b9a6c98c-c6c9-423c-ab02-08bb858e5fd3,53,14,742
7a63d6a7-95a8-4a00-8419-de3b15df962e,b4e3538f-9e50-4371-8e6a-4e0e2b9a3322,2a669a70-2abf-4db2-91bc-6d7b3ffa7afd,49,51,2499
4d7151fc-c178-46cd-9a5c-6cd59202b9e7,488059f1-7ce9-4fbf-810b-78a992ced028,2dba3ed2-21b4-4401-b653-32d7fcbbfc78,70,23,1610
475ea1b3-c90f-41d8-85bd-542bf4c59161,10bd8320-d2c7-4f9e-9565-47227b7462c6,4c341717-8e9b-4396-b08c-558a10a69944,21,5,105
489ae364-3567-43f2-bb92-668705bdd676,0dc133f1-7c3c-4a08-aea9-5d7b9b3eeb35,ab308f7b-0416-4672-a3ea-7328651f9339,67,79,5293
a81d064d-2725-43d9-bd02-f3c1cb02dda3,ad170b11-33e8-40f1-baca-7ac4a52286c0,42273a1f-212b-45fc-9120-b3ee6e483ed9,78,17,1326
fac88c63-eb32-499e-ac03-78e3f24519dd,28033cbe-51a0-46c8-a2dc-50252c744679,11bb76de-89b1-4c3f-b7ea-5de3964f118a,60,67,4020
05246dbc-2e47-471d-9df4-8ced963afe67,6351c453-98f9-4793-ace0-c687241baf78,bff56621-6113-472c-bfa3-dea40ced3905,10,51,510
485504c1-6dc2-4ea0-a007-d3b83e09656a,58d0a7b1-7447-4f78-9786-c410f432588d,60bd55ba-7e77-45be-8a09-f2ccd890df6c,19,67,1273
9174c5e8-47f4-47d9-814b-cfe84cac14f1,0bfce378-b45a-4d66-9151-4e7df26dcfb0,36ee18ec-c38c-44fd-834a-57e2296b6e58,76,3,228
98691823-16b5-4037-8b41-41656be3f0d4,9f7dc304-648f-4dbf-92fe-5391df7d7480,f1568c34-80bc-438c-97dd-b3707e34ca96,17,71,1207
e078fa2d-8830-4dd1-b76f-3013aaba0430,da21b21e-30e2-4407-8299-09df1133560e,9430f17d-af18-4130-8bd4-4b8be3266a6e,30,60,1800
68eb64c7-a178-4adb-b49e-a8d3d1a515f7,92b99a60-b7ce-419f-9970-9f0f8e13c93d,20001abb-bacb-42e1-9f53-70bc0492db3a,6,23,138
1360a28f-d36e-4737-8e2a-0231b2e1c473,66fc91ec-36da-4472-b038-7dd97f2cfced,18520621-2425-4165-b0b2-a5edd053f626,60,38,2280
ae9faa45-5542-4805-904e-f20eeb52fa30,1183830d-1fbb-4b26-8cd5-f211205c3e39,506573db-1805-4094-a9f7-c21e0be1e411,55,33,1815
29e6ed97-a0e6-4feb-b0d4-ce84ff0dd1be,2e37538b-ac63-4daa-8f6e-9c263421f217,d8ce00e6-089f-4973-a288-51a47d6562d7,91,8,728
7ee72baa-0e6f-4a24-bfd8-bb353b45cdb3,f31e1e9e-a380-4c68-9440-8c1e39c6ac86,15748801-6e7c-4c64-a8eb-90d48011abc9,37,75,2775
747ded6f-336b-4e62-8b93-26f95e06c7b4,336c1eb0-3907-4be2-99f0-4d53e47f616a,9bf50969-e88c-4f57-9196-e15b27fcdbba,85,39,3315
2d3b8f68-825c-4f3a-b0dd-5d391754e0f3,d55607f7-fb78-4f1a-869d-eb802a3c4b9e,7ed06881-319c-458c-a335-ba4a9f21174e,47,43,2021
335cf32c-64a5-42cb-be96-df8217f8bcc9,e62a436a-4a03-44b2-8153-a34e37eaa8d9,aa6713f6-0db3-475f-9902-bfa4c85ac8e7,79,23,1817
3c2e76e5-84e8-4682-af2e-c6718413f85d,392f53d5-f029-47b8-bd64-86c1424fb7e5,752b2ed9-be51-4384-888a-2d406bafa187,53,62,3286
372c335b-b4f9-4b6f-a06a-527ff2470c4b,91a9e8bc-e7ee-412d-876f-5c5d70bc6928,1c170262-d23e-4518-9e2b-af8b59be806c,6,43,258
82a931c6-5126-4b96-be8d-10428ea74757,53c6d2a8-842f-4a83-a9fb-82686ee48b19,7e4313e4-345c-4a8d-aec6-1e21d863201e,30,88,2640
cb5ac185-e1f1-4623-ab56-01d982fa937f,5814c14a-cf3e-40ca-91b0-d0df955fa9e3,4579edc6-2e1e-4701-abf2-efc824b2aff3,41,52,2132
5db45ea7-207e-4c4c-9f9a-f9670a6204b2,4b4477ee-ba4c-4498-810b-05d9c979567b,affdc90d-afee-4d29-8495-955412b20f2c,5,73,365
d9de52d0-b74d-4f40-9c2c-4c9d8f9a159a,aa59b934-ddba-4278-af78-68669d90cfba,eea009f5-d174-4a37-bad4-429bd9e25651,18,48,864
c5d475b4-7200-4e4c-964d-d516a772d6ea,f7a43f70-dca5-4d29-bb7a-0b5bf6f21381,9250d6e1-e82c-4a82-a58b-7c399fb6ff32,3,99,297
c2d2e775-3ffa-449e-9fd3-f7816b87cc77,9ed7d9da-c151-46e5-90c2-8a95aab2f3d7,633e50d6-c557-4cc0-ba2b-a66173f4ecc9,92,98,9016
a1d042e3-4dc5-409b-92c7-1f569354fbc8,7613d609-2d8a-4a95-83ba-3f5e4698c560,97bd44c2-b6da-4901-a4a5-6c882faee7ee,44,70,3080
070fd57f-38ff-4515-a0f8-8159b8518b28,92f674bb-5d7b-466d-92de-4fabdc61e7d9,f230d1f9-d745-4373-9e58-63b475f78d1d,43,21,903
dedc6e10-be80-419c-8881-f04131b850d5,55a8af73-fc1c-49df-93e2-deafb4d0db4a,ed968bf6-98a8-4d8e-8372-93773c7792fb,11,56,616
1fd0c933-1df9-4f2b-88fd-31e4e5ec7d85,4892c452-cfdc-4a09-b8d5-1897a09bdea2,43015493-0506-422f-a805-092a579461e8,3,26,78
48d4e050-0b9a-4302-858a-094af62957e1,6101fb6f-f7ab-4699-9f3a-d0b54c068fcc,06fc60d3-3a7a-4557-bf94-951221fad395,60,27,1620
7a6d83b3-b784-496e-b1bf-b671b2f04c07,178259ea-f1bc-4d46-ac45-57b2b6d82353,c33614bc-4251-4976-bd98-b3a209f55e96,20,35,700
7d72e26a-62c3-4841-aafd-7104b9a34ec9,5eb9785f-29a2-4a61-b52b-354604b08a9d,5507a48c-e773-4ef3-8665-c196dda1a331,86,83,7138
7774d73e-a0b1-4147-82ad-fdb254992404,8e99c62f-21db-4412-b5a5-9f2aabb0ae03,d0087b0f-b409-44a4-9119-3416b17ffa3b,4,94,376
1fd70313-7942-4da1-af27-ac0a2b82c403,dbee54f2-7e0d-468d-8424-4ae9eca97974,f81419b0-52de-4173-a4e6-cc5697d678d8,14,10,140
a46809dd-76ec-41ec-8963-37c7d80e61ff,329919d9-2e44-4e9f-8a4b-87ac230b8c3e,2c8ada99-2f2e-4071-a78a-8f8a4972025e,75,10,750
581c2ee9-be95-4430-bbc7-1e119b6fd047,e504c746-5b09-478d-889e-396deea45e74,84f80ec9-0ce9-4c8e-bd36-0d196142f7f4,76,33,2508
48c27a55-a005-4a01-b601-bd9dadabcf33,80802f72-3d50-4ec0-a591-61ae30dc79a7,05343141-28e6-43bf-b545-a9ca085e3b3a,74,81,5994
97b63a71-e358-4207-b4ec-c528b1bde4ba,6101fb6f-f7ab-4699-9f3a-d0b54c068fcc,fa823ce9-d42f-4ad7-a8a2-c6917dd6c7df,85,37,3145
f7638065-865b-49eb-aa9a-395bc22756b9,ae12eb9a-9d4a-4d70-b353-9eaaf9d6cbdc,fafe1d7c-3f7d-4da7-a70c-26c739a8c8ca,1,12,12
ddf049d4-c0fc-4add-a47f-8850cfcd1b5f,3616aea4-9dcc-47cf-bb61-115a311b7801,faedca36-15a7-4bf0-8259-3eaa95390e2b,13,62,806
2e755765-34f7-4e6f-b65c-e9b30e8fc027,afcaf39d-369e-4a43-80bb-e938b77f7f54,77bba870-ffd6-432b-aa84-b1c972c4a5f0,51,54,2754
452ade9b-566f-4f79-8d0a-35ede77e2b24,373e58a2-dd81-4ecc-b9aa-c4c2a589d8b7,ab0c2f2b-c272-48d7-a11b-14f804928203,5,88,440
6c2d80bb-2e98-444a-acb7-196042e26809,342d26aa-629a-432e-ab86-7a7989d7c732,14defd80-5fb6-4e11-9cd1-1a264345a70c,80,13,1040
66c32d9e-616a-4ce6-b43c-e329a48b6198,203d0609-1544-46b7-b538-fbe278b389bb,b85c5de7-70f9-4d53-b5f6-dd441df816b9,89,27,2403
27059998-8fb8-428f-a346-ae7e93190882,c9d95c94-d7de-4961-a6f9-7d5d9e8c6367,11bb76de-89b1-4c3f-b7ea-5de3964f118a,98,78,7644
1d65d876-7b30-45b9-bc57-d0be1d32988b,358db102-746f-483c-ba4f-ab236c7a2305,f36b3f12-4afb-499a-9cf0-3b06d77be094,64,91,5824
cb188ff0-46c4-4239-bc16-a3679c40c633,26b4f3d7-9300-4e40-b9f2-68bcd11d74a2,af69a94e-43ca-450c-a425-5e9950d33ecb,31,62,1922
dd52a052-95bf-4375-966b-c8439267c2ee,2b835467-e573-4b55-9973-1ae658026879,5d0a8589-3c48-4d8d-a133-28b3a34e0695,89,86,7654
19b64775-dbf2-479b-93a8-2f00929a03fb,fff49934-73a9-4140-914a-e7be236aa9f1,3c336928-e13f-465b-a330-0870789845cb,67,21,1407
25e05b09-14ef-47a8-bef3-6370362b918a,280eafd7-f5d7-48b8-a419-d8153b07b252,ae01d599-e669-43bf-946b-589c236de368,67,98,6566
53a27e95-4438-402e-a025-f06761e0e654,02311a98-1b52-40fc-ac56-c1328aad0548,f1442638-561d-4f1d-8b55-fa9a91293800,66,68,4488
041b4cf3-5720-4bf2-9eef-9a85c1c84e80,66fc91ec-36da-4472-b038-7dd97f2cfced,f9d83226-9535-4fb4-b216-df362906a0b2,61,55,3355
4251aa26-3f9d-4359-8a9e-2190c4605511,2cd70370-e21e-474e-8b0b-485fdbd80ff4,4becc137-8bc4-4491-b684-26410c55afb6,7,62,434
edd7d4f3-a4c1-483a-893a-02c6dc9e6dc0,7c840b68-6ae6-47a0-bfd4-5640b3d21550,51fc8c57-507a-49af-b0fd-ada221453a36,24,1,24
9875b7fb-8ff6-4702-bb26-c9b5bc7724bb,1781ce07-0b35-4488-8482-71ee289d9ade,bae8803d-e469-4e90-8054-cbb13977219c,1,75,75
6261365b-8da6-4c73-9cdd-fbe0f2ab537b,d77d6403-e07f-4209-93a6-9672613fe88a,d8fb5aa8-d2fc-4b24-ab0a-3c8dd8b9c8ee,89,51,4539
8e36632c-463c-43f1-8767-eeaaf8b5a15e,0d31f6e5-aca6-4a77-ae77-dd86b6cd8b8b,923bb71a-61ab-47dc-98c9-9d391b48f988,75,23,1725
45091326-c798-42a2-a98f-b5be1c835e8e,fb0bb31e-b4d3-457a-bcfc-ed0234e3cbf3,607e7496-419c-4f4c-8fa3-d3b332fb119d,52,98,5096
3a616236-dbd3-4b86-afc4-627d6eaf793e,87549b99-86af-41be-a096-25039425c56e,1663c551-d992-48d6-a0c6-693133b75341,6,18,108
759fe76c-9220-4abf-8b87-8576b44701d9,33dc062e-e10a-43bd-b741-f1bf6f552343,3848bea1-1916-4b9e-ba74-57365dd88e17,72,41,2952
02b81346-4a74-46c2-8255-61ca2324a833,bf5e82b0-4e84-4043-b77d-5b6aa76cae63,0e15cb39-cec0-4488-9151-86461ab68319,98,65,6370
e224ec31-46d9-496e-958d-781c7ca5cfc8,1f4972bc-c553-4664-958c-c84739cbff86,523b996f-8465-4e38-933c-209c24950ffb,95,68,6460
61f11809-233d-469e-9954-091385e3feb2,54b5df48-9f02-4fb2-b257-4a07e4e88e4b,94de8b53-63d2-44d7-b39a-85f73b841874,68,72,4896
2277016f-6ef6-4eaa-a320-b00867d2d885,ce66d4e9-ba32-4a55-9edc-d888b5fc2e49,2c363c59-7261-481a-8e66-24b30a78392f,68,39,2652
584ac5b8-3d98-45e1-99d1-7e04b41ca69c,67368c1d-6254-4b4b-80ab-1ad54319cbb6,6e3d5087-e19d-4b88-ab8e-33cc8ebd87c7,33,35,1155
f902c29c-3ba3-4fe5-ac4b-dc80991e930a,14dd4f3f-d877-42e4-b51c-4f85bd554cc1,bbad9722-a3c5-457a-bd07-f8334ddc9b9b,72,88,6336
d239b337-7f69-4a6a-8748-18102de70bf3,eb713971-3b9e-469e-b5e8-503d4d73f547,7c728b59-45b4-48df-83c5-be7bedfc5695,68,46,3128
5bc05224-7a2d-4104-b56b-3050c82d4181,e74d015c-2676-4eaf-8084-dda245e94e0f,6b46482f-3d17-4320-b93a-51f716f9910a,91,35,3185
1fcdec6a-423a-42e9-9b10-c3263c07b54e,329271a6-5448-4f1d-85b5-8234141094b9,0b01d572-6677-4827-b1ec-b66cb5a27996,44,69,3036
ad069cbf-93cd-4bd6-b2ba-2a6c8b724475,05832e56-2630-4338-b1ec-11033c7df866,8578a585-9f30-4236-bf45-eeda18932c84,14,4,56
a147abaa-1731-4eec-a309-5e60df48f661,f18ce207-7a58-4752-945f-64877d48f7b5,1d98f405-b7ca-472c-9493-cef29e387284,17,30,510
b510ce23-f2fc-42e6-a985-d3a03f72fb4c,dc5522a7-9e88-4aa1-9c76-8f1046ee6029,048748a9-6036-42ad-938d-30c17189ccd2,20,80,1600
d145993b-1afb-4c59-ac1f-b92229088237,3fdcfa79-c7d3-467b-8970-836f96d49d0c,f0573617-644c-4ee1-bee0-ed47169b8513,51,40,2040
b522e51d-7e3e-4f00-abfe-b7888cb6f9b0,dc6c7e8b-c53b-405a-9b2f-484725002e96,ee79ba4b-772b-4cf5-af1e-e436c16561ff,76,24,1824
6354fc8b-e612-4c1b-a9e7-aa64e09677ad,3af4b64c-2478-4577-a98a-65b4a40755e3,5bb1bb67-befe-40f3-a411-3a40d8e45fa4,23,63,1449
2d473408-26b1-48e7-8136-bcbd88811bed,e9292454-5da4-4ce0-8f58-98c706bd64ce,bd2af57f-20c6-45d6-aef5-5bddeca887d2,34,41,1394
191fbdc3-dc56-4e59-8a27-0f7909e706d2,d78d1f65-b43d-4aaf-8361-4e6f518da4a3,76e40be4-7ce2-4e2e-8553-16e0ec881bee,97,50,4850
b3fdbe5b-57ff-47df-abba-68c9bd9467c3,ad01e20c-aab9-40cd-9663-5173033bdb99,c931e2ef-53c5-47c9-87fa-12769303092d,82,86,7052
aabfc377-ea3c-435c-a389-b75483275e00,868f3b02-3de2-468c-ac15-ff3df7e1eac3,20755692-a85f-486e-bebe-8bb5820c41c7,45,36,1620
fe636724-6bee-4531-b003-840bd9d30cd9,e0b86059-3bb1-4363-a127-e38b1c2ad1fc,3dba7319-496e-417f-8e49-86638c0a9d11,41,72,2952
25115c84-0176-47ff-afc0-243259d78747,fff8e352-0811-486c-84ee-b7af40e1d6f4,911c1d48-db7c-44d8-9d3a-ecacf8d9e4a4,54,6,324
e35f6ecf-70a8-4129-9f22-290899acdae2,b29c407c-0a89-4395-8e16-630edb1023c7,f1442638-561d-4f1d-8b55-fa9a91293800,59,41,2419
c7d336be-c179-46c4-b4be-1bcb7efb45a4,bc435eb3-7176-4a08-bf19-b762caf5468b,795ad2a6-7357-437d-b51b-dbb92683be22,34,38,1292
89d612d5-da65-493f-b111-87fd5cd12e91,ae7a7b1e-2081-4983-a5bc-bce86b01e39a,a9b0a368-5842-46e4-aed6-acaa541d6168,14,27,378
6d970c46-5093-441c-95e8-af59c6a73c3c,4c5daf46-ac94-4227-bc98-9844bd09e9fe,5b6a3532-82c4-41e2-b2f6-8d95106787c1,57,51,2907
82793e56-e314-4606-9188-a33fc2e3911a,29674d47-01fd-4600-a86a-d3c0aa002779,493e7a21-2f06-4402-8e18-57c78efbfc85,68,84,5712
feacb862-570e-493b-99cd-e5b42ec2769e,fbf0880d-2f75-4076-8d8a-8550db4c7700,4a7a1ce7-46dc-404e-ad4a-66fb2463a2dd,80,60,4800
aa590179-c77b-4cd5-9bc2-b4af9a40d5c9,3592c311-a59a-4e7f-b9bd-89202ca0dc64,8d208468-58fb-47bb-820f-68bc94ed08f2,6,72,432
126c4d2b-e5cb-4ee6-b4fe-abab6d0f332e,a2241e24-190d-4eca-92f6-a6e5142f824d,ff6dca25-6b17-4d9b-8619-4ee078db7462,82,23,1886
31cb8160-accc-4a58-a73a-8cdf80a9ad24,3bd355c4-a929-43b6-bec7-f2aa7cb621ba,99477246-ac7c-41ee-9531-accf8ea3abab,28,94,2632
15d49c65-a022-4088-b0e1-7c2269ba0baf,db422da3-f422-45d6-97ee-ab9efbc4c47b,76e40be4-7ce2-4e2e-8553-16e0ec881bee,73,5,365
2a177676-6d0b-4458-b226-ae1c43d1ef14,fdcb0ba1-40bc-4a94-8127-a5120f3d4d5d,c7e04726-55e1-4d07-be68-8acd6aa42abe,6,34,204
578ae89b-4889-42d4-96d5-b1b052af7399,f0a7e0e9-2a8e-4adf-9031-624d36586a9f,d8fb5aa8-d2fc-4b24-ab0a-3c8dd8b9c8ee,24,38,912
a4c2a0df-dc6f-4344-897d-2c40f6c10c85,9dbab93d-7807-441b-8500-2f0da29d6335,d9de25f2-311f-404a-a37e-decfd44459ab,8,86,688
3b2c6652-3824-4108-80a9-cefcb19b6daa,3f4fb957-445e-47bd-82a0-e764e209e29a,eb6e9966-e277-474f-9df3-a4aea63e06c4,37,73,2701
7f1db2dc-517b-43de-b2fc-1315943b3fbe,ae7a7b1e-2081-4983-a5bc-bce86b01e39a,8be85a15-a75f-4932-b7ae-c13c30830af4,46,36,1656
c5bd4cf1-3400-4381-8524-2c581af8fae1,6101fb6f-f7ab-4699-9f3a-d0b54c068fcc,e77229a9-dc17-4683-b6bd-f597cb42580b,60,53,3180
16d242f7-1fdb-4393-afbd-6e32dde5c3fe,cfde623c-529e-43a5-81e3-9598e767c613,e88dbd65-5ff0-48b4-8844-250eb31e0c5b,33,4,132
50cc8124-5056-4ff8-aeec-79b92b96ee42,a25c1503-f713-4436-a793-e2ef8372aa8b,2034332d-9f4e-4349-b6ec-541df6f086b2,88,70,6160
d1e57192-0683-47df-af27-88f0f0bad18a,ea27b43d-3ac1-402f-be58-d6058a1841c5,58aa522e-43db-434b-9106-4044c21a3d31,70,5,350
54bfd90c-f45d-455b-9211-d2955d4bf3e1,b3cf8074-a442-440d-b415-6053b16cfe69,2e83cf48-38aa-408b-b151-2d69c7f8306d,53,23,1219
65883c43-9756-491f-8b0f-2c4ec60bcc21,b5a98ccd-e0bd-489a-b3f6-a27130872969,1f4a076d-2ae3-4cd7-bfd3-246154d65f76,63,10,630
1bfd09ef-c13b-409a-9b5a-aa7bc67be6fd,ad68eeed-85b7-46ae-9ddd-191e557ae617,c98f4eec-7cb7-47bb-825d-711cbfe4b759,60,92,5520
42d09392-b861-4fe1-93b3-6a1abefac6a0,5fc089e2-4380-450d-bb57-72085f151d41,6d2356e8-21b4-4e91-8e55-756abeadddf7,31,17,527
366c3e47-1d67-44f7-a5ae-118a87f85edb,55a8af73-fc1c-49df-93e2-deafb4d0db4a,ef9f1944-1be7-4eae-8084-64b661611c59,94,92,8648
c15d3b85-15a1-439e-9d1f-ff128f8b79ff,eb713971-3b9e-469e-b5e8-503d4d73f547,a9b0a368-5842-46e4-aed6-acaa541d6168,93,67,6231
9c63dd24-39f0-4918-96da-fd056de6f54f,e34105d5-b7a5-466b-a04c-74dc215ae251,2288465c-af0b-4094-8e5c-08a72c8548be,17,33,561
e123b921-9487-41e4-bdde-ae4c28ba251f,1ced70ad-ac81-43d1-af04-b9ec496fe8ad,687a02bf-3dd8-4f9c-a34e-df08ba5b8545,38,100,3800
2100d603-6b31-4306-bbee-627e650becc7,c454f249-9b0e-462e-aa25-b09eba5a36aa,fa6b0037-855d-467e-b7ff-52013c024d22,78,32,2496
1aefd52b-ef7e-4071-8958-4248ccaf2a66,a13cbba0-1de3-457c-b3fe-c4584d8a69bc,f3025a06-184d-4b09-88fa-51281b8a152e,33,13,429
ca836a50-def7-4ddf-8cf5-8632859b230e,904e70c7-af3e-4f70-8964-1e7f40331245,f3063455-a45d-4993-a01b-2f2ed11068e0,68,16,1088
1df58754-67d1-4fa2-a7e2-b800dee8f552,4206ab4a-a060-464c-9615-5bb99311f2f6,42273a1f-212b-45fc-9120-b3ee6e483ed9,76,96,7296
3d178c77-6657-4c8d-b1cb-a2636547fb44,f937dfb5-3307-4489-9181-f088998598cf,03dba866-20c5-4202-98f2-44ae30738641,51,36,1836
d6021c86-2e74-4845-a1b6-081e08dba3f8,9ed7d9da-c151-46e5-90c2-8a95aab2f3d7,af465cf2-28b1-4676-9702-b6cfd1ce5116,46,18,828
8c34de49-d080-42a7-bdc8-95398d02a7f5,7ad7f4a0-1322-48d8-9443-a76e7e782ee2,0e9771fd-d337-4dd0-b9f4-f4fa102d51a6,54,11,594
4af0b451-f093-4d69-9c53-27b9d8d86e7d,0fd97f66-cddd-47c3-84a5-c198363c7ceb,a2804839-9016-4c9c-b08c-76bd01c393d0,96,42,4032
96a66331-3230-43af-b460-469ed6a31d16,2801ee32-07d5-4d79-9485-b2a95004ed10,76055e85-0ae9-4214-bc18-834a5817ad67,30,100,3000
fc952657-0885-458d-bcfd-6b696f4c8f40,c7d13555-f8de-4e17-b3ed-0a1087daa05d,dd2fd58f-6ecd-4804-b88b-e3521bb512c3,66,93,6138
24fa03b5-6af4-480d-8a2f-d7b31d42c04a,233b0906-ad89-4d07-9da2-1670be89cb44,17188b00-99cb-492f-a163-d3cc49c2cdf5,90,70,6300
7cc81673-d3a5-4362-bf9e-dcc447a8211c,1134d393-c8eb-4bec-ae74-08ab6a1374a5,ec533f93-47a9-4003-8f6c-c4b1f4ae75ce,92,3,276
87681c18-23e7-4b0f-9a07-065f0587bb60,87549b99-86af-41be-a096-25039425c56e,50a8250c-9b5d-44cb-a808-3e71bba855b3,38,14,532
8bc802c5-babf-45b1-a057-7c80b79bfc7e,8b7afdd7-d356-47aa-a627-3e1fce927bb8,8e29ddcd-a01e-43cb-8516-f93e2a0f6d3f,91,10,910
bf710495-54e1-44a9-8d90-61b033cb9cfc,d8c9b6bc-d2c7-4286-8c6d-b0f3a2a303b3,6835ea67-dba4-460a-a367-9b4ed5dceab4,85,40,3400
7528308f-52bf-4ec1-91d5-fe3196ae194f,45423d50-6c43-444c-971d-ce8bab9e90cf,58be1800-913d-44f1-beb2-57e8a6c22203,19,36,684
0d8c0bf9-ac69-4ae1-91e0-7a598a819c73,48d78704-86c2-49bb-a43e-0b114b38c114,55f9481d-542b-40cc-bcc2-e96c7a7d968d,9,39,351
fbbdceca-242d-4838-bab7-00a33bc91da0,a242914f-25e0-4c70-b89e-3b117ae5b29f,8be85a15-a75f-4932-b7ae-c13c30830af4,97,76,7372
96ee1e73-4f08-4ea2-950e-70f37ff2fd1d,1ced70ad-ac81-43d1-af04-b9ec496fe8ad,29fca3ce-8e22-4220-bbdc-eb4b0360bf74,31,87,2697
48b261f6-e084-4b3f-b8c4-36883bb32567,2c1f3d41-28b1-40f5-a56d-e512a2cddc42,2008fefe-56fb-49e8-a311-1c88a04adc68,24,65,1560
64da970c-7d12-4d93-aa09-142f3372f2a2,cac33536-6e61-4014-98ea-f86a4314c7e3,17e3da78-968e-4d57-b0b2-ab814ed4814a,70,13,910
820e1ee4-3b3d-4cfc-89c5-5e39afee1054,654cd7f3-00f3-4ec0-9229-fd8852c3bb98,8420f17d-623f-4f37-b8da-e09939477c3c,27,78,2106
d58a651e-0c20-49ff-94cb-1138655f7016,58d0a7b1-7447-4f78-9786-c410f432588d,98a44e58-1009-42d1-8aa1-9bf1dab37bec,15,70,1050
94017dd8-5ee4-4f2e-ab47-8d49e0ca3058,e3fe702e-a3ae-4d78-ad1b-3a46ccbc786a,20001abb-bacb-42e1-9f53-70bc0492db3a,82,99,8118
c3a52925-4c9a-4806-9273-3d15323ebfe7,05832e56-2630-4338-b1ec-11033c7df866,c2c004c9-bb17-49c4-93d2-86a5e4ac476f,94,94,8836
b4bc7644-a6eb-447c-bfc8-60c9866bdce1,3857d450-ac30-4edd-9ae3-44073d6b00b6,caf6de77-4fb6-4bf9-8af1-9790e184f82a,18,50,900
ac4a0b9c-a5bc-469b-9046-7c901c5c133d,b198fe9a-a5ed-46c3-9e18-a155976d558a,35a59df8-ccbc-4365-9947-a8469c0bd23b,49,37,1813
8a75c959-18ad-4cb7-8408-1dd0bdd1e5ac,f7563e39-070f-46c2-a3cf-11cdb88629aa,54345184-8e3f-4c41-8e19-c991d950fac1,70,24,1680
35378b3f-5f77-4633-a5a1-81c9cd831c73,136ba8f7-58f6-400e-987a-3d6c4153bc56,6a39b93d-647a-4685-9fcc-a04ba690c098,42,38,1596
b1e0bfe8-0ea4-4dab-b628-92dd380e9afa,76a42282-9d9b-499c-9bbb-2a6f71ebe478,c24e5a93-63b2-4f1f-9e5b-294f402dbdaf,49,41,2009
04443a5a-ba6d-48c3-8f68-0cea8428e1c9,295e1c3b-e036-4299-8af5-9c68135b3de4,e367f146-b073-49c8-b1d1-f40f6f8222a4,47,76,3572
a1b6bfc1-8ba1-4215-abd7-e8ffda4949e1,dc71180d-250f-4c6d-a7f2-92eec7677a85,a92db5a5-40bf-4e61-9ba7-2af1d113f723,79,17,1343
475949d0-01f7-4aa4-9789-3d2083b58214,80da2f7f-c95a-4b3e-bd90-d78702e7f3a2,bba7dba5-b1b7-493f-a278-c9010eccc020,89,84,7476
472e2d3b-f248-4126-91db-059d87d8c45c,a402a84d-eeb0-48ff-9976-21e228045869,16f135d8-4686-4182-bb02-10fe225f093d,6,9,54
32da67c3-7f4a-4526-944e-81e3894d8513,db422da3-f422-45d6-97ee-ab9efbc4c47b,0ef6867c-4097-42d4-9c9b-f113dc2f762c,84,45,3780
4ffa0def-370b-40ad-aefc-9054f9628af6,32aa4895-fb6b-4aa7-9e37-4f149bce4e2d,d6ce0ac1-a0ba-455b-9e22-45945dca3466,16,72,1152
00226954-fa2c-493a-b1ed-92a36da1641b,81b2a9cf-be77-44e6-be7b-8ec1272e592b,c0c53f23-92db-4f0a-90f9-406715e6c8d5,6,40,240
a3b8db2e-82c5-4937-9a1c-aa9f23469a4d,bace12d0-5c06-4326-952b-18428d4fe9b5,55608072-10da-49d0-8437-771763a4c961,90,31,2790
dc4a5f6f-e85f-47aa-a855-e05d73e3f91b,05ee923f-a78b-4a2f-a842-f3a605e7f95d,397fbbcd-cc0b-4578-88ee-cc1e830f569b,94,17,1598
6e97ce1c-3989-42e4-b691-84a4759427f0,2a41e6f2-8e38-4c8e-bd13-06fc4716d34e,e005fdc1-7387-48f5-ab57-3f0b6ea45293,76,38,2888
fcfc87cf-2c26-4125-a00f-3db83f9c3959,fb8fe3d2-1a74-4acd-99df-c9782fae8afb,cdf5a681-3769-46bf-a647-839af58aec65,19,24,456
fb5b401a-805d-4c67-a7cf-f969dcfdbaa2,fa3d46c0-ca22-4486-81f3-030ff2abbc52,9250d6e1-e82c-4a82-a58b-7c399fb6ff32,66,61,4026
86a93659-88cf-4cc1-801a-2f9801ff6c36,20d59c05-d699-4cab-9940-055f312eac8e,9d85cfa5-62c1-4cc9-9cc3-04e1c102f129,61,8,488
56952564-5d5e-4f25-a8d9-0294adf21fd6,239a13b3-6930-404b-ae76-02d3a916138a,8ccf4775-1717-4ba4-9c76-7e698f368da6,33,28,924
8505d070-8272-4611-8c3e-0bfa5173934d,c921f8b3-373c-44e9-adab-7b652a24b704,0a9f5e0c-42e3-4ccb-9c4f-d61cf3fc2c74,86,23,1978
377db997-7823-4f2c-a951-49db7f81c7b3,ebcb43da-70cc-405c-89ae-386b20658a8f,8057b6d9-9946-43f9-8b9a-f6e2f20ef808,62,72,4464
99d8161b-98d3-41f7-84cd-116d93f93c0a,7d8d12a6-d190-47c3-9f19-77154404c565,786fa989-1132-458b-bef3-07efdb20389f,80,77,6160
3eaee9a6-1b03-4031-83be-b001629f1db5,c614499e-f49a-44f5-ba69-cca32ff6463f,e5163e09-caca-475b-8c5a-7b5a4553a150,15,52,780
f43236ed-0c08-4e23-8fed-eac262832793,fdcb0ba1-40bc-4a94-8127-a5120f3d4d5d,3da2d15a-8fbf-48a3-841f-786ddfe497ab,60,14,840
3cc44441-828c-46c3-8040-2668d485515c,f81aa091-2632-4539-9af0-869e6e64d5ee,03425608-3150-4528-8969-095d1acf3709,45,38,1710
8432369f-99fa-4067-8b4c-d5383653f546,05471671-0af5-45fd-b127-75ec24312313,24308cf9-1798-4fea-9e51-81834588abde,26,38,988
25d2ecc7-0ff1-4175-a2e7-bf2bbb26bb91,e8f86a2d-1002-49ef-b3cb-637ae2318edd,afbbc666-f93c-4113-a29b-2f6af795f960,87,18,1566
3a9d5297-eab1-488f-8996-78f2c83ec29d,bcb443d8-ad75-4e97-9296-133e9830c813,bfeca9e4-90cb-4f6c-aee0-0c63e8cc7224,60,16,960
6d384d62-b81f-4872-800f-c6edd90df7c5,1ae564ec-b912-467b-9e0c-31f21c93be87,6e7c35f2-3190-41ee-979e-253ddda08895,75,15,1125
9f9c4865-37c0-4fba-ba4f-cb4cf04d5276,ae7a7b1e-2081-4983-a5bc-bce86b01e39a,2c363c59-7261-481a-8e66-24b30a78392f,31,40,1240
681a517b-d1a8-43df-9be3-49c43b4293f4,b8de0a2c-a157-42b5-9b39-5fd0f94596ea,1c69504d-fa75-42ef-8bbd-d6408ad1f7bd,83,59,4897
e9ffbb93-8cde-42ee-a3e7-105afa334ac0,228366f5-17c2-4659-aa7c-c28fb9a86a37,35e912e5-bcb8-45c3-b1a8-7020564fa0eb,44,4,176
56fb9aec-4571-44c3-b0dc-5c7e41641d1e,5e81fddd-8ad6-4c85-b28d-46707f5a7448,f67526d3-ac98-4b87-ad73-6f8c0888612e,30,85,2550
841db8e1-4039-47a4-b690-0281d5802432,85715b26-8ada-441d-8bab-a696d7102153,f36b3f12-4afb-499a-9cf0-3b06d77be094,92,45,4140
b27c19d0-eb5c-4811-82fa-acb5bf294d5d,b19ff350-cfba-424b-aa07-9d3535933db7,2c748e39-4183-4b81-99fb-1c713fc867f3,27,95,2565
08c56b10-9d0c-488b-9310-222fe81e388e,7ee765d5-3c17-4fb8-9edf-5e044399ffb4,bd1f7cd1-160f-4d1b-a008-48c89ac211e0,57,94,5358
bfabe24e-1a88-4bdc-9602-666f3b6a6539,ad2d501f-0fc3-4aef-a307-c2d5a8479209,0de2774f-64ef-44f0-860b-e0eafd8835a5,89,33,2937
8e00bae2-1339-44da-81f4-c499a9ccca96,2da8401e-06af-4687-b726-03d21a8c3be8,b8072c14-c7d3-4569-b5a8-d9d557bbb6c3,79,15,1185
676a80d0-87c0-4951-915a-e06518140a1a,ab6db3ad-13cf-49c8-8920-b9caa41d9794,e8cd2e98-2e95-437c-b42c-9eaf138b880e,24,9,216
d035acd9-a148-4fed-9ea3-00c51b2a1368,d77d6403-e07f-4209-93a6-9672613fe88a,2c8ada99-2f2e-4071-a78a-8f8a4972025e,77,20,1540
c17365bb-dea5-4c0f-b344-45f9cabed697,5ca00c28-74d2-4c5c-98df-83a2d0039a68,84f80ec9-0ce9-4c8e-bd36-0d196142f7f4,94,20,1880
2a3178e7-c9b4-43f9-8027-3f5afc0f72eb,342d26aa-629a-432e-ab86-7a7989d7c732,5a9aca21-3441-435a-8c19-79d86758c617,8,58,464
93387f2d-a2a1-4377-a510-00c942a59747,92f674bb-5d7b-466d-92de-4fabdc61e7d9,3937ffe7-31f1-4c82-932a-270b1fce8f5d,15,68,1020
abcd858d-f1a6-42e4-bf50-31d388a30848,52645e1c-fe7d-4a6e-9360-647c4ee6da36,d63f471f-1a3d-4a9f-9b08-b00e8847fdf0,6,73,438
5e6089ed-5c4a-432d-810b-3031fae1fb36,4f443193-a24e-421e-b8fb-182b62ce45d4,0fc44afe-f6d2-45e7-86e8-3b5507a99d65,86,43,3698
8c3b9647-4efb-4811-a4a2-315205c6248f,c2007c8a-9d79-43ca-8068-c660f72aab43,aa16b3e9-c651-4be4-957f-87b1665fe457,54,50,2700
524c31e4-fafb-459f-a0e3-55d1feb4c01d,54286953-4d1b-47b1-99fd-d844b6779b53,ae23e29c-b426-444a-8865-007fb381bc2c,26,97,2522
8753abd6-2ad0-4390-ae8a-df4e26419114,3b023c4d-7764-407c-b33b-7e9a1dc8395c,8316844b-2b88-4d4f-8734-564ba544d79a,49,64,3136
6aee513e-58fd-4d36-bf01-cb2e092d8beb,ec680ce7-8b25-4c62-a3bf-60fef690618b,3dba7319-496e-417f-8e49-86638c0a9d11,35,3,105
68362f32-b8cc-4fec-8a28-d02580a2b428,de320190-86a8-47a9-b7c8-03d06b94dd60,f3025a06-184d-4b09-88fa-51281b8a152e,78,94,7332
786ceb0e-5658-420c-bbe1-86b2720fa517,539f188d-02dc-4a8d-a8b7-6d8c8de2d4d6,9eb37d01-b581-42eb-b974-cffe6a487487,26,17,442
6dd34ab8-ee42-411e-bcda-362323ddcb9f,43485fb0-60af-4e3a-9cef-06b72e87eaf0,11ce7ae1-d86a-4dc1-a09f-6fc05a71a2d4,25,42,1050
359f208b-58be-446d-9050-b90fb0f54504,68e4be0a-d58c-4932-b565-f1ca2f0918e0,0bee947a-2090-43b1-9831-e78d21e02e9d,53,80,4240
a1420d5e-c55e-4559-a955-180e8b4c0036,b131d631-2ad0-4bd9-a214-b560f9a37b85,8b8fdf70-bd7f-4fe4-b955-8f769b195bfd,27,47,1269
05ca9f65-eb66-420a-a6a4-902a3331a4dd,49f64f97-2987-40f8-91db-ee74b0636c54,c6a63f7d-0642-423d-b3c6-8578d92bd02a,71,32,2272
52b817d2-52b8-4859-98e9-43e8850c868c,9068ef41-2f8d-41d4-a444-74243dc46adc,346eb4cf-d0c3-4f89-b055-002aa718a21b,9,53,477
e44b59f8-1c17-4fd2-b6c2-3d387c74b990,9f484c34-18d8-4499-bdbe-46f3b0c630a7,ac25d826-05dd-4a0a-a143-559094dd0fd8,53,78,4134
6862c682-8f5e-4219-ad1e-4d4cd7c59bc5,fcb86d36-db35-40c0-8e64-c626a373fcf6,c84925a1-c34b-43f6-bb6f-18327d87426b,78,9,702
94c641fd-4c96-49e8-bc69-3ee88c7a7e54,802c815d-958c-420b-98d6-c1dbd40fed97,fdc31c86-a6df-44f9-a37e-c8106d0a18a7,14,100,1400
9cf36b09-831f-4455-aa2f-54f8ba455c20,b2c159d0-2355-47df-b7b1-b593eea2d90a,0eebec38-4abf-492f-b6d9-95dfc9858432,13,11,143
c99e9952-683b-4e15-80f1-0d1fb922a5e0,2877bc42-3e7b-4b19-b953-4b29344cfd5f,74af0867-4d5e-47b5-b37f-253efefabb94,96,90,8640
45c470b8-6d5d-4af1-bdd0-70b6174c1d86,76f0c176-5489-4e49-995f-af45687fa79b,675d8dd0-9220-45b7-9380-3bcaac8f528e,17,84,1428
70bbe9f2-b407-421f-bc4e-d1a864c1c09b,279003d9-5a19-4113-8989-17253eba148c,3a61d636-70f3-465b-80eb-bd3de18e0485,50,99,4950
d0785490-f5ad-40b3-bf21-5a9504a1c87a,c7cb8ea6-1651-4a8c-a969-a201aa17caba,ab0c2f2b-c272-48d7-a11b-14f804928203,46,55,2530
9e4d1302-2310-4fb0-bda8-70fab0e128a7,3143abfe-9694-486f-976e-8ab22a453d50,a8410db7-d7a8-4662-a306-82140c7fe2e3,3,79,237
1c204c53-e8ab-4863-b98e-51419f019890,91b9456b-3234-4fee-8e2b-486fb404dc7a,b6af2461-836c-45ee-9902-abfe262d3080,64,29,1856
107e56d7-3837-4abd-9844-69b7569dc8de,bd373caa-600d-4d69-a5f7-07c7bec6df64,e706c286-ed98-495f-b282-73421e6ca847,50,46,2300
bc817086-50bd-41c4-912b-5627b7b4259b,39a55f34-93b1-4841-ab0a-7883b76d4569,f8269cc3-b0ec-4b7a-b4f5-c413f106754c,13,12,156
b5457ce2-bf57-462d-902c-97192520692f,fcb86d36-db35-40c0-8e64-c626a373fcf6,54345184-8e3f-4c41-8e19-c991d950fac1,70,35,2450
b72a0785-08a1-4d3a-b943-034411506d0c,2a30236b-23a1-49b7-83af-4a2c3b08c739,550f5697-0793-4af1-9003-cd72e92ef6c0,28,40,1120
e1d5529c-dde2-414d-a81a-163a4d31f3d6,9ed7d9da-c151-46e5-90c2-8a95aab2f3d7,31fe82bc-5af1-4a9e-99ba-e0a5cf02d68d,10,39,390
2317c245-ca7c-42c8-9402-5559bdc8c68f,7ea371e6-cfca-4a33-a26a-10e65d464a01,1663c551-d992-48d6-a0c6-693133b75341,96,72,6912
a9bfd73f-b85f-44b5-815d-75d0a92a1628,ec4a1325-69aa-4836-8664-3f3f1cd8e08a,3a60ae0f-e6b4-4e94-aeef-a8542c81eab0,8,32,256
f52baaac-7628-41e8-8d8f-7409da5db2ce,1cab2e23-90cb-41da-ad35-a136cab45890,e706c286-ed98-495f-b282-73421e6ca847,82,46,3772
8e211976-0ff9-4fa7-a134-86c557a0f088,0bfce378-b45a-4d66-9151-4e7df26dcfb0,fb01a885-93c4-45ff-8e4b-29f16ccf0d63,95,70,6650
c84aa581-6edf-4160-9322-10ad81098c31,586555df-a03c-420a-91d2-b2a2256c69ff,70748a0a-0afe-4188-89a4-663d162b96d0,74,9,666
c1b6e647-4061-4d78-a484-3139c3f83c5a,10a9195e-119c-4955-a45c-62c8a9fa4f3a,f8269cc3-b0ec-4b7a-b4f5-c413f106754c,59,3,177
3cceda53-27b6-4663-a658-46301c480674,75d1c804-72d8-4a63-995d-f74110e7012d,418133d1-2a13-498e-9527-ecd106249cde,51,65,3315
64203bde-9ed7-459a-a1a0-8009d2838e4d,df2a3649-4fb0-4aad-8fda-2d3bda4fb35e,845c9b6f-f8ce-497b-a07e-b5f7b8dde071,75,80,6000
ee1ce5d9-e5c3-41d9-8c0d-895efdf2653e,239a13b3-6930-404b-ae76-02d3a916138a,5782f885-5a9a-4be1-bedd-39faa2d2dcc8,30,17,510
632b329c-8c8c-496a-884f-450dca89d69b,0e6b1836-c127-4b8e-b244-4a55cfe3b55e,e5785db9-73d2-47a8-91ed-ee78f83468d7,75,31,2325
2d4bec5d-3f90-485c-9110-3315b83ad85e,8145a66e-d256-4066-ac68-1d547a0cd39a,b3785777-c963-4768-bd12-2550be67b19e,20,99,1980
cc9ac597-f37a-4bf2-91b8-59e4af7bd65b,d193a59a-f095-4ac2-9867-9dadccc40b3c,2dbb9d03-f61f-4d63-b66f-95e18c1eea00,67,33,2211
33a31a26-a2d0-4892-bf91-a9fe448621c3,2804ae12-d7aa-4ef7-ae4f-b664f4359d01,b1a0f409-b81d-49c8-9b73-6d0812748efc,18,95,1710
edb6d697-bce2-43ec-9ceb-3cbff4a90e3c,bcb443d8-ad75-4e97-9296-133e9830c813,949a5e2e-4d08-414a-9e72-29c461179cdd,3,53,159
1ab062ef-3ad5-45c3-b176-8b5b79b20d33,888343d6-ccfe-4500-aab8-8d12564b5aa0,a9f21b07-2d73-4d63-a00c-2eb76cb0e085,52,5,260
c56d0eeb-b125-4ea2-a899-a83b07a0528e,0d06e308-01c6-41da-889d-d44adac4ec5e,cc70fa17-d828-4a26-9053-e1c96415ff59,8,73,584
30d4d61a-eae4-420b-a4de-bc07dadc988e,5814c14a-cf3e-40ca-91b0-d0df955fa9e3,9cb80405-cf41-4e69-8efc-9bd94edade2d,26,64,1664
05afeec3-46c2-4ab9-92ea-9d84b8f41b19,57f4c543-0f59-4fe6-a124-807e26b70429,aa16b3e9-c651-4be4-957f-87b1665fe457,91,88,8008
14ad68a0-8fe5-4372-a1ce-f2dc0cdc3c2e,fcb86d36-db35-40c0-8e64-c626a373fcf6,93c1e54a-8ff8-49f6-a1a0-ed1de4315d52,32,55,1760
78b62ee0-ac74-4af6-8991-fe4f6c77e925,8c9d1e67-38a1-4f8d-a7c8-3c1e4c3a8b8b,e9bbe60a-6088-4685-8c3a-9694e0b55480,81,24,1944
764d3d7e-c7ae-4eb5-bd7e-75c559536e2f,06c529bd-0037-4211-a9da-efbf05a8ed8a,713cce20-eefc-4677-b909-43d12481a213,60,73,4380
a14fb948-e8c9-4ceb-be43-4c6de879e852,bf5e82b0-4e84-4043-b77d-5b6aa76cae63,e4c5374d-52a8-4848-997b-1a0b637fdb43,34,55,1870
0a5c9b9f-36de-40b6-ba6d-9cd08219dd06,dd9b3692-0ae2-41eb-8c7b-c033cb98d5fe,94de8b53-63d2-44d7-b39a-85f73b841874,48,86,4128
4e8e1894-c7aa-4ba7-b07e-e07e1d92a621,92fb7fb4-307a-4331-9032-f62c3aa591b3,8f7a4e53-df97-4e5f-bca9-70b7fde5440d,91,46,4186
ac6656e8-9765-4646-8882-1dc5a1db511a,a402a84d-eeb0-48ff-9976-21e228045869,88e8ba8f-c071-4a1f-bd03-ee1361e7e8bd,98,47,4606
6990e954-a8bb-4551-a3b3-18cbcfd9acd8,42027d73-2588-48ae-8ef0-0b6454c6c636,e629bab8-eda6-41ca-8ebe-d404ac51f205,13,20,260
0a5fb8a0-e0e2-42e9-85a3-4ae8f31b7060,aa59b934-ddba-4278-af78-68669d90cfba,60bd55ba-7e77-45be-8a09-f2ccd890df6c,91,9,819
3f05ccbc-7aea-44b2-b7f0-c6b12b1716be,5a8d8c00-85c2-4bf1-856a-42c643c7211c,ab0c2f2b-c272-48d7-a11b-14f804928203,60,39,2340
93045dd0-540d-485c-aa15-dbac75f200df,04117be4-5f58-4b4f-a536-9b989ccbe335,6722d01f-fe9f-4a24-9376-b006ea07c5ef,52,83,4316
281ac686-56d9-408e-b98e-362899cda08e,0c550063-3be2-4534-9e05-3a0dfc6fb897,66a86642-e4fe-47fb-b6d8-edf9fc730ab5,52,32,1664
e0213e12-17a0-490e-9175-1f520f2bc7a0,8d8d7fac-141f-41d4-9fb0-485337480631,d0a24cae-08c3-4b5d-9923-281aa4cd4a76,7,83,581
aab492f9-3dea-4ccb-a5a8-613a46c02ad0,f6dd31d9-a6b8-450b-8fd8-a053fda30f14,fb036033-9e9c-425e-b62e-88eae161c5c5,100,100,10000
d18ffd2e-6da4-42d5-9683-d045d7506d93,c0d177de-c8ff-4702-88b0-1b28d454ca8a,1078a977-6625-4ed0-88b5-b90e75747bf9,48,25,1200
b427f70e-8198-48a4-bc25-a85b37ee3b65,db84ac51-bd55-45a4-b1a2-8f473bb0b5c8,f9379385-0ae3-464d-b8f0-5814eab80d3e,88,61,5368
7b49736e-7e37-4f31-8dd5-c992e0727dae,32edbb34-cf85-47cb-9f57-36c8264856c6,5452dd06-295c-4fdd-b955-d9653511d286,43,80,3440
bba7acdb-4b15-4569-8af2-26c7334402e8,304cffbd-1f6f-44a5-81fc-eafc6d525a6f,dcfc2d6f-7ce3-41e3-a6f5-8a560fe547fa,92,94,8648
122a3e62-bb48-4204-9146-a877e03c9d24,b3598a1e-5d7c-4eb0-9f29-e7354f1db3e4,8cdfea92-c4a9-4061-8322-fb91c6bb7ddd,83,69,5727
14f3f8b0-97d1-41a5-a1ed-c7dfe1297783,6cf40a11-14c6-4934-bb56-e3c3223d00aa,4becc137-8bc4-4491-b684-26410c55afb6,16,48,768
3ee5b1f0-ac5c-4cd0-b67c-d3b7ad5290f3,ae7a7b1e-2081-4983-a5bc-bce86b01e39a,0ebe316a-0d6b-4989-890f-7315d95f690a,13,22,286
6e890678-acd5-4b69-9158-442864a51ab6,81ba48d7-7840-4527-829a-3851a89ff0ed,bec71f92-4abf-4c6b-8919-ad95446b8462,24,23,552
65d5cb9e-6474-4dff-b73b-4a5df19e33e3,b2359767-cb87-4ee9-805b-42815b3fb29d,bba7dba5-b1b7-493f-a278-c9010eccc020,78,74,5772
ef578c53-fe6a-42c7-9a2c-207203970c72,e9346524-f64f-49d6-85d8-81d00cf66473,14c8a2b7-e4b4-45c9-ba6a-02e450e13467,35,93,3255
9ad30bcd-46f0-4469-8f11-738694aa6087,1f6faf77-d7c4-443b-8956-38ae1b97705d,b85c5de7-70f9-4d53-b5f6-dd441df816b9,75,30,2250
78e4a80a-5902-40d2-b075-10a90858ff42,f18ce207-7a58-4752-945f-64877d48f7b5,8e5f64bb-74dd-4d74-83f0-08892168a880,30,23,690
cc1c8fd8-ddb9-4db5-a84e-6a2db5726821,57974db2-4d95-49fa-adaa-abc4b0fc3135,e474c9d7-834b-4248-afe5-6a0b5a124610,52,62,3224
269d138c-4833-4ec4-965c-b6e02f1681ee,1cab2e23-90cb-41da-ad35-a136cab45890,27933e94-e929-412c-ae74-6b2580b7cd3c,5,36,180
ff53c734-fbaa-44c4-ac5a-431e0007b205,157541c8-b7d9-4ef5-b13f-6f832510cbbe,d28a1ca5-0c25-4baf-8384-72240bc44fe7,20,65,1300
72ee4fbd-f408-445e-8a09-498eef1ff931,b29c407c-0a89-4395-8e16-630edb1023c7,8f7a4e53-df97-4e5f-bca9-70b7fde5440d,24,12,288
6102bd45-819a-4f25-a678-34504c00324b,02832cb6-f7eb-417f-a85e-f7f261f2216e,80cb2348-1264-4bb0-a407-bf9560b16672,61,32,1952
ad756fd3-32af-462f-b454-77e0278a8ca6,5ca86c84-9462-435e-b7e2-b1a3498a1b7d,4153effe-804d-4801-87ca-fe74ebcaf4dc,100,40,4000
5263abc9-3290-4137-a470-90d991a535b1,cdb29705-d91a-4222-9665-e2c41fc5f957,4b20131a-ed84-4753-b12e-15ddf75e5f5e,81,82,6642
296cb3b1-fedf-4bba-a33f-51e3fab56e40,f2009a48-90d1-4703-8b5e-60ca01e91d61,a9b0a368-5842-46e4-aed6-acaa541d6168,13,33,429
e5188e88-b734-4684-af41-05b11f41d998,35595288-660a-4b24-aa76-33dbd2621b4d,6b1435bd-9ff9-4f16-b33e-72f81ecbd676,78,66,5148
ea63191e-fe89-4381-9386-09e89e7121e1,606c3630-989c-4900-943b-526e4b391d9a,f5dcd508-1af2-4c48-8213-20490102fe6b,45,17,765
9e537c4e-a99b-49ad-b4b9-7598abc6f76d,bace12d0-5c06-4326-952b-18428d4fe9b5,a5194a5b-be06-4b67-bdaf-48361ddb2434,57,71,4047
2ca12bb0-7caf-48ec-977b-7159e90aad84,21c17e3e-2070-46a8-99e4-a86632086490,ccd6c184-a816-4b63-a461-dc05159e6c8b,95,4,380
6abbfa7b-8739-437f-a0e7-51491ffd34a8,91a9e8bc-e7ee-412d-876f-5c5d70bc6928,9ef714ff-5bbc-410c-85e7-4e464ffc184d,16,80,1280
6d196103-97eb-481f-870b-8a9f2d2dac1c,4dfe3b9f-aeba-4048-b146-d00db2cb8f0c,d5b91b12-7bc6-40dd-ac63-ad8f7a2d1189,98,69,6762
1e768a3a-e884-420b-8854-4c26fb849a76,ccbfcd6d-7d94-4a88-96b5-b6340bdd136f,eefd9774-f400-4886-b4ae-7eb456c7b00c,38,51,1938
097ab630-b1ed-4df4-8ea7-cbcff186d65e,228882e3-eb42-4c33-ae79-5e5b38265f71,98fab076-d059-479e-9ac1-9eaa91a00ada,23,32,736
aef609b3-dcaf-45dc-b2a0-9a3b01a2d2c7,05e2f87d-f692-4a75-ad8e-b3f273816703,c98f4eec-7cb7-47bb-825d-711cbfe4b759,22,84,1848
6a1193ff-3f1c-442a-ba15-a75993ace4a5,97c68066-fab6-42cc-9e67-df7256d6762d,d8fb5aa8-d2fc-4b24-ab0a-3c8dd8b9c8ee,11,92,1012
33476014-26df-417f-a779-44cafddd85a5,ffbcdd5c-c158-4652-82e5-620121799add,974e9b81-061e-47db-83d6-b03b33780a47,50,15,750
23f1ab9a-4685-4e34-87b4-896d051c878e,0fd97f66-cddd-47c3-84a5-c198363c7ceb,f6af5a52-b992-4a1a-99e6-8fcfecdaea17,75,18,1350
00d73eb2-c86d-4685-b557-0474bdd5e762,fcb86d36-db35-40c0-8e64-c626a373fcf6,20755692-a85f-486e-bebe-8bb5820c41c7,84,64,5376
91762904-1575-41b6-a26a-16294b0eac80,5a4a0d52-4be9-4013-919c-48f91cf5bffe,c4da1bd3-a62f-4d95-ba2b-c73c68bba524,22,52,1144
a273d637-e541-49bb-827b-76039347fcc6,01dc5a70-c8ad-40d0-9d2c-54986c31766e,5782f885-5a9a-4be1-bedd-39faa2d2dcc8,32,27,864
d311cf5f-2fce-40c9-bac7-c1e32ffe687a,5eb9785f-29a2-4a61-b52b-354604b08a9d,b71d1108-ca8b-47db-8fd0-2b4700d6a17b,42,57,2394
b3930835-7f54-41f8-8608-8068795bdbc3,6a2c87c0-31db-49f6-88bb-c9e8b40b99fd,d7795c1e-aec3-4e90-b1c0-637ef0776ade,16,14,224
41fbcf34-96ee-4ac6-ab71-b07ed10d60b9,deb2409c-2167-4ee6-bcec-3a0be0f0ddf0,48230361-3160-41e7-bd2c-e166ff9ec639,7,31,217
be549ea5-83b5-42c8-a6f8-b6a0d1ab557d,4cc2a1f0-aea4-4b3b-871f-d7de8b206883,223d8ca4-286f-4b93-9c11-cb864c02d02b,14,7,98
29a21e63-4bfb-4edf-82c2-56f776bde6ce,75660e11-25cc-4f0d-9824-86ee6b2adda0,375d9985-c3b6-4c0e-8569-ff70d297e263,41,9,369
8e591561-8877-41bd-8690-5b81431fcce8,888343d6-ccfe-4500-aab8-8d12564b5aa0,2d72bcc6-7ad4-441e-a58f-a781a59d42be,4,52,208
6580ad23-f29c-4ff0-b458-47cfa830a99a,e9f49e10-f49c-4efe-b900-a7bf3f9fa042,52991691-ab37-40a7-9a57-4b56d676c86f,78,83,6474
65cbf1ac-2b46-4816-ab4a-06617012004a,67368c1d-6254-4b4b-80ab-1ad54319cbb6,f9d83226-9535-4fb4-b216-df362906a0b2,8,85,680
2d0210c8-693f-4b9f-90e6-9de030ec184f,673d78ae-a587-4942-866c-0509062e2a31,61cb5163-9662-4401-ac4a-5c9a0d0cce36,62,91,5642
11022e10-f8ec-41f2-bf10-9d15bea35152,9d337328-c0e6-4e43-ad02-ef25c4150e69,5507a48c-e773-4ef3-8665-c196dda1a331,91,67,6097
69bcd50f-a902-4293-89a5-7914d84c3eb5,7ff5f266-8cfa-42c5-84ce-6cfad65cef3d,af69a94e-43ca-450c-a425-5e9950d33ecb,62,66,4092
91e691ce-0ae4-42cf-9fb9-4cd7f62b3253,c537fb17-b024-4a02-9952-e7dde8294a46,675d8dd0-9220-45b7-9380-3bcaac8f528e,48,68,3264
2c6cf05b-e2f2-4178-9ad3-a34e4a5a5ae1,5d8efda8-a5e2-4048-b984-2e4f734fc4df,b9b0fcaf-69cf-4885-b54a-21ea4d2d6726,61,42,2562
85990f6f-932a-4b25-a729-e62d0afd5bc1,48d78704-86c2-49bb-a43e-0b114b38c114,bdc00929-4354-4d3d-96e3-35ee3e458b99,23,74,1702
86f9d5ef-460b-47a1-8867-f622baa8ad4b,6adca90f-d9c4-4540-895e-3ea9bf4198f0,c4da1bd3-a62f-4d95-ba2b-c73c68bba524,81,54,4374
6f4218be-ec68-4162-9e0d-93c50387cfca,56f246ff-445b-4065-b2b8-4e4f9fdf17e6,b77af8ef-7fc5-40f8-8b1b-cda903dede74,68,77,5236
e8492a9a-3fe1-4ba3-907e-588804baf5f3,d7d16f49-6633-40f7-8dec-63bafbfe4c2f,8d98f542-bf52-4030-8adf-dddc21b88e6b,60,61,3660
623777e8-1d52-477d-9bd9-c4a53b7d2d52,f7209742-ca37-457f-8caa-c957f1dbb03c,22a4b614-5061-4e6f-a8ef-d3d4851678f3,46,100,4600
cfaebd62-c913-4e3f-9472-de9ec7f56ca7,ecc74b69-0f5c-4614-8d35-386c2b13446c,96bf82cd-14d4-4485-9fd2-6e1b38556245,55,32,1760
37159a0c-ac29-4283-9b5d-e62e49d7c286,8145a66e-d256-4066-ac68-1d547a0cd39a,ea098ca2-4db4-45e3-8be7-2eca42c9f380,14,77,1078
1568105d-f709-4bef-a9d3-1c83f75c2844,5c2387bb-a098-48ac-97d0-1963e25096e0,ab0c2f2b-c272-48d7-a11b-14f804928203,41,50,2050
8c0eda77-1c94-4865-8459-4b38071480be,f6d79acd-f7c9-4e3c-bccc-f061d0082807,3937ffe7-31f1-4c82-932a-270b1fce8f5d,73,77,5621
09da483c-f298-4c11-9b6b-7abe3171b77a,e9292454-5da4-4ce0-8f58-98c706bd64ce,aa6713f6-0db3-475f-9902-bfa4c85ac8e7,40,66,2640
f07f648a-de53-4ece-b708-1a3b61db184f,c1193739-0df6-4ef4-9b1c-bdabb09c3113,1c69504d-fa75-42ef-8bbd-d6408ad1f7bd,25,76,1900
00749df4-0584-485d-a676-ec1c345f2f1f,26163d2a-c3bf-41aa-903c-a33d9ca50954,a3ead842-708d-4999-b48a-efac77269bd0,43,83,3569
fe5f7dab-f243-4366-b470-786b1160ebc9,2a7f7790-c683-4804-9100-cff9531c6cbf,17188b00-99cb-492f-a163-d3cc49c2cdf5,62,81,5022
2910c3fe-2209-4d5b-9656-c18c39d787a1,44fe68c5-967d-4fc8-b462-01e4a6b0e052,c92fa6b8-8255-4a48-931b-25b5fe9fc717,76,12,912
43b603d7-2507-48ff-b27e-daa38781ee7a,02c8cea3-54d3-46ca-9307-1510e0387325,fb01a885-93c4-45ff-8e4b-29f16ccf0d63,74,85,6290
52aac975-d304-4795-9bf7-4c5d1c96afd6,deb2409c-2167-4ee6-bcec-3a0be0f0ddf0,48a7c083-ac5c-4df9-958b-0d73631774c9,11,98,1078
3b2ea072-0d41-4c65-9003-4cb3bc35e19d,79b4f34e-5f21-4c75-b29d-c9e34396581a,61e4fb5f-9283-4b59-89b3-ecc3f81fb0a8,74,59,4366
77c1b410-92d9-4a45-9ae1-82e1f9eac24f,2c1f3d41-28b1-40f5-a56d-e512a2cddc42,43015493-0506-422f-a805-092a579461e8,66,68,4488
5dc42a71-c981-4d1e-b5fa-13851e1d52c6,7e07b11f-ea47-402f-8f34-3dcef4caefb6,32cadf99-b201-4e72-99b6-d1342899e1f9,15,35,525
92d6a3e0-aca9-41e7-b947-f28d22fbb58c,0594f959-4c8e-44f0-aa3a-26c5e347ea85,3129bec1-1d0b-41c7-9c5e-42586ade6b3b,28,82,2296
ca07f8d2-f9b5-4565-acf3-9297746da710,26511c84-bfe7-432a-b64b-659ec5dd87dd,61e4fb5f-9283-4b59-89b3-ecc3f81fb0a8,7,66,462
4276f770-2d14-4152-9fce-703a858076c4,7ff5f266-8cfa-42c5-84ce-6cfad65cef3d,dbf29a42-9f3e-4bfc-b220-e4b08349ea44,59,94,5546
a442cc6f-3ce6-41df-8ced-fc18788f2d01,04f18937-c801-4942-947a-1b14152533ca,42745cb0-d71e-4784-8b69-f11fb6c23172,51,89,4539
9e20bdb9-a7cd-46e9-a91a-c5089d4285c0,f81aa091-2632-4539-9af0-869e6e64d5ee,a3fb7570-0d6f-4f66-afc1-b93a21734746,13,80,1040
c8c9e49a-38c7-444b-9933-411fa0d4387d,bace12d0-5c06-4326-952b-18428d4fe9b5,86502d5d-17b4-4451-b671-578b72140db9,90,88,7920
b684318f-9d2c-4387-a1bf-33935583eec9,04f18937-c801-4942-947a-1b14152533ca,0b01d572-6677-4827-b1ec-b66cb5a27996,100,20,2000
6d19725a-ba48-4653-a77c-165321d78bad,fe709cd4-d4fd-4a56-8ab5-85bbf2a83330,42273a1f-212b-45fc-9120-b3ee6e483ed9,68,39,2652
a5a4084b-1d97-4c07-ae6e-242e0fc60fbc,0e6b1836-c127-4b8e-b244-4a55cfe3b55e,f1b28633-43d1-4785-8fa9-145bd750a770,81,37,2997
029d27d8-b92b-46b2-829e-af2aed25bd44,f21647dc-c908-43d2-b7f7-57cb7336439b,e706c286-ed98-495f-b282-73421e6ca847,11,76,836
a87b8613-603b-4e15-a03c-e92f5ed25f31,fbbc9817-1e6b-47b0-a400-f37dd6582888,87c0217e-c175-4108-8ddb-03f2206128eb,17,52,884
79185730-3195-44fa-a430-13499199ba20,d52d798e-4a77-4e15-8923-cc4360bee8c0,5ca509e8-e0e1-4ab5-af90-8c1c8075b4fe,44,13,572
fc52fa51-2423-4120-a6bf-912c7cdd9075,5d1549d3-3ae0-4e2b-883c-91b03a94692b,eb4f1dbd-da6c-4289-8096-0894c6c98d72,63,18,1134
00667864-a54c-4021-bb9d-5812de6dab7a,c47e440d-09a3-4f72-acca-6cb03bdaf964,ac25d826-05dd-4a0a-a143-559094dd0fd8,24,88,2112
802dd1cf-4028-47d4-97a9-cbcbe1fe5843,ce66d4e9-ba32-4a55-9edc-d888b5fc2e49,25405d01-f2ff-4d79-9da0-c12971c55715,8,7,56
8e59f183-63ee-4ada-b8e8-fc21ba6c52d8,999d658e-88d9-4a3b-b593-9b80ba09a119,1f5a0085-3941-458f-a1cf-2a38124e13ba,48,6,288
7fcb627c-2657-4e7b-8d1e-d5d38cce65ff,b26c6575-9aaf-4083-aa0e-6158f207bf24,8e29ddcd-a01e-43cb-8516-f93e2a0f6d3f,32,40,1280
0b1e02f0-cf08-44a3-90cf-12aa4b8de174,72ea8d98-1f95-4768-a5f7-ff2f847f7681,ac02d6f7-e6f1-47b1-8862-15c2c732d62d,11,8,88
bf3de178-aed5-4abf-9851-5187908c6d12,7ad7f4a0-1322-48d8-9443-a76e7e782ee2,82900d9c-39c6-4e9a-aa8e-6c0611682f5a,16,69,1104
26ac6dd8-1325-4a92-ab0f-2781123f62cc,89aebb63-f6a6-4c89-8e52-1b3b091eac88,b2da655e-e602-4102-aab7-e97a6b080df8,14,66,924
f690be23-ff0e-45fd-b508-bf51513f1588,329271a6-5448-4f1d-85b5-8234141094b9,542a65da-0566-4f19-919a-0646ff2d6c41,63,42,2646
d4e8a8de-564d-4785-92ba-1bae32db52c1,0f806046-3ead-4342-8e87-efe29458e497,b26c1487-b0da-4434-b0cc-53eb51abb3a0,57,54,3078
258e7249-b58a-4024-94b3-34c968408b21,111201ea-a501-44b9-9f2e-a92967bfd46f,4677350d-c8ed-483d-9d15-65c0d59d223c,44,45,1980
c7a68609-a3cb-4678-abe9-1160fe0d0eeb,ac271c1c-47d3-4d03-b686-83bbd6e3b6cd,cb2579d3-75e8-4f46-a328-8e999d7097d6,79,1,79
54c60066-1e24-43f4-8de1-01699f992794,cac33536-6e61-4014-98ea-f86a4314c7e3,9249d867-a5c3-4015-8f1f-95b06c5c9896,76,4,304
ad574b73-7852-44f3-a724-5d87536efd40,c4edeb04-afef-4968-85aa-20e308ea3395,c8c04901-5ea9-44c7-9df3-3c4efc116291,9,84,756
cd837a44-c796-458d-8163-3030fdb6d436,19626af2-a8a6-49ce-a8c3-2ea10be67669,11ad969d-34a7-4056-83cf-922113f993e1,43,40,1720
a9f14c1e-0288-4e58-8970-a3e39ef53247,9a36d11f-757e-4cd5-b0ad-6c8df3cfe208,c2764443-3676-4b13-976f-e0c0cf7f1fd4,90,23,2070
a386cebd-38eb-407d-b440-9772a0e5049a,f397e080-5129-446c-b87f-3493b5f94e60,a463148a-cb6a-4f86-bd9e-6267ce3a8f20,49,6,294
fde44b93-3637-4d76-b9d6-c5556290e7a2,9dbab93d-7807-441b-8500-2f0da29d6335,f0d29e80-2a37-4936-b21a-323ab511e017,45,57,2565
cf88469c-a3b1-42b4-9ab8-4f3cae9b4254,52c7eb26-7aad-4c16-bb6a-cebc9e4c99b7,37dd8a7b-020d-4ae5-92d2-9999ba205333,1,38,38
344117bd-5e99-4822-bd3a-308a02e21e61,4b542dfa-5f4d-478d-b161-3dbb8b9935a2,f67cc9bd-ab3e-4bf5-bd07-35cca5d937de,88,17,1496
99924141-0cea-474d-92be-2418a1927803,229a0c8e-4bd1-49fe-b3a2-a122ca9e46b2,b3785777-c963-4768-bd12-2550be67b19e,54,87,4698
d6a193e1-a1fa-4290-92e7-9a9a5591645e,dd51b0a3-1903-4398-a5be-3216f9efdf0b,f3025a06-184d-4b09-88fa-51281b8a152e,52,80,4160
00fcba70-cc50-4dd2-ba82-f9ec073559e3,a2241e24-190d-4eca-92f6-a6e5142f824d,0efc0e26-eeb3-4d23-b870-49b412b93992,68,100,6800
6433cafa-a694-4daa-81b6-edf78829ba95,b5b1ac36-bdbd-4e5a-8c4b-63fa9aa10de3,ee004b52-90ea-4e91-aa81-9f8a1c80a497,4,77,308
90188655-ee9d-4341-9fe7-c3251524fe98,38865100-cd84-42aa-b7c8-1438962a8a34,eddf213c-cb9d-4155-92e9-7b40cf96451d,65,33,2145
465e145d-0721-4583-a428-d20e16390ae6,c7d13555-f8de-4e17-b3ed-0a1087daa05d,14bc6ba1-2152-4112-8e4e-bea523ba24a7,59,67,3953
efa33ffa-ef12-425e-abfa-69049a23b299,5eb9785f-29a2-4a61-b52b-354604b08a9d,51fc8c57-507a-49af-b0fd-ada221453a36,95,72,6840
bd2d1157-1f8e-496b-8f11-a7e438e5d9c4,26511c84-bfe7-432a-b64b-659ec5dd87dd,f48b1a0c-39e6-4a17-808b-5540b80c10f0,21,37,777
fa711104-b6fb-4aaa-9d1a-d9c126b7c5b4,b2662a96-7581-41d9-a86c-aefe79c3cb9a,677932da-8ac0-43f5-9260-cdb8702b7b4c,65,31,2015
b60db662-86c1-4143-b99c-2c16c0a1b074,5c2387bb-a098-48ac-97d0-1963e25096e0,d8ce00e6-089f-4973-a288-51a47d6562d7,3,96,288
259bf55a-8985-42d8-bf82-6dafaac21bff,8455c211-6f69-4b5c-aee4-9b758ef38303,985aa3f0-7298-4fb6-bd3d-dff0863156e8,42,12,504
93cfcf58-d16c-46b5-a171-2efb8516e9ce,5a92ab60-ae3e-4f57-b0a1-09d192670d6f,b07d46ad-5b94-4c44-a17f-917ed8eaf070,69,26,1794
b5fc20ca-f924-4c56-862c-0200c3b9b518,cff72f93-22bc-4664-83da-4eb117a7b777,ac7c4c70-d39e-4bc7-88f6-2ebaa64b6904,69,49,3381
6731398c-1a1d-4d90-952d-e8c3be365b26,21996166-9154-49bc-a199-4fd5327f55a7,098824a6-c1ab-491e-89fc-99022bde77b5,40,26,1040
70a7be20-a0ad-4c1e-bbfe-20ba09500c6b,389ea4d6-4964-4b13-bbb7-84edb01f9ad1,4a437e2e-c755-4f57-9769-ec07a26db9e4,69,38,2622
9016070c-e1f6-47b1-94bd-5ee2ba8e2dac,ba94de12-38a3-4ce1-a3ac-b9f0e71e797e,bfeca9e4-90cb-4f6c-aee0-0c63e8cc7224,2,18,36
7cbe5a23-b7c4-40cc-a5aa-0033044dcedd,a5b00c82-fe5d-4fa0-930b-7ee8542d3f9b,61e4fb5f-9283-4b59-89b3-ecc3f81fb0a8,24,22,528
0de042f1-9636-4db4-b342-80f6d4df8b26,e20fa016-3f78-4e01-8e44-84770046ccd9,2e1a6b3b-a42f-43e8-93c7-267f876593c7,58,79,4582
9ea09121-9241-4da3-8b05-365454c0823f,b690600a-fe74-4376-8735-a753a2954da7,cbd706b1-f7c4-45b3-b319-f7683f3f50e9,51,66,3366
fc6512db-fc57-4ae0-a55c-f4f81b236038,14dd4f3f-d877-42e4-b51c-4f85bd554cc1,de76497b-4820-434b-91cb-4194a741898c,24,83,1992
098bba2f-8e31-4c0f-aea1-0acf4d6ba99e,79450c9b-b1cb-40c1-8418-d02b7d28ae09,8baac1a7-8c60-4095-8951-57d05fa01ba6,73,61,4453
2299ef0f-fae8-4ba1-a6da-4e4b022aff1e,33434c43-3f31-4269-9331-1a0442b260c1,922729e4-a1a2-4c78-ba48-1e888577177d,29,72,2088
4e322a02-e371-426e-a1d3-94351fab176e,4ef9aa99-ed8b-4f5f-9719-a55ce2ef104f,dee8fb66-1411-4cfc-82bb-2c23b41e2d7d,76,62,4712
296133ae-cc73-4ffe-b3c2-0d847b7d63b0,18de7b04-236a-4d7b-8aa6-5e376e5775f8,0e939a7e-5d88-48a7-b744-570d216457b4,35,72,2520
495edf54-9cee-4452-8189-bc442f8a3ffd,487a0ee5-3155-4b93-8148-4a78844e387a,f5ac7af6-58f8-4cf9-b8d1-edbfbcef9a0c,64,57,3648
ffccc9c5-745f-439a-a5f9-182ca40c0a09,fd5605b5-736b-42ec-958d-163b7e90d51d,40e6b337-eb45-4b61-802c-df73788a6f6b,58,57,3306
11e95062-2d4f-413a-a8f4-4a57e881ae7b,29551dcc-9141-459a-92bb-d2c1521dc768,e94b1753-97da-42a1-82d6-8cd309a18752,5,64,320
3b05a80e-b912-46dd-8f40-45e05550f3c3,c7cb8ea6-1651-4a8c-a969-a201aa17caba,f422e9e5-8106-4888-88d8-c37aa79263bf,86,76,6536
51798ff3-d197-4b37-8d57-3a5bd4a805cf,ae1fde87-c85e-472e-9239-15e3fa5f1bd2,e64221f2-95f1-4722-864f-56aab9fea107,81,24,1944
5aee3169-7d72-4bce-bea1-150b9e63eeca,3100b962-c713-4af7-a551-7f6f125104f7,713cce20-eefc-4677-b909-43d12481a213,73,28,2044
a235c77a-2aa4-4d4b-bbe2-c8fddd90654d,7a23037a-3fab-4567-96f8-d3bf73fd0b01,3718f609-992a-4aab-ae4f-795919f30d04,80,47,3760
bec13aaf-d477-40af-b23d-d4ded23cfda7,00e0c702-aa9a-4f00-8262-6b9d683c504c,91f05715-6999-4a8c-8ec1-3de878c69abc,25,57,1425
65312a5f-e6ee-4c98-8f77-eabf341ba3ca,5fc089e2-4380-450d-bb57-72085f151d41,1c69504d-fa75-42ef-8bbd-d6408ad1f7bd,16,13,208
640e926c-01b4-40d6-83c6-e345d9b9cb2d,98f2f6c8-0877-4bcd-bcee-64dd1005ec4a,70533f47-91e5-4c2f-ad30-15b991a6491a,7,74,518
25e87daf-8087-4117-abeb-404db13e5dff,fb66f12f-1b66-4db6-b0e4-d026d6a74fb7,a8410db7-d7a8-4662-a306-82140c7fe2e3,40,83,3320
44a26f86-c5c5-4025-96b2-2464930abbfe,7d39ed6d-64b2-4e94-ac58-8c4ca3395e08,1c207034-180e-4d83-97d5-3908983b5ef5,9,50,450
049bd3b6-2305-4dbe-8e9f-e17540bfcccc,ac6db820-fb89-4061-bc7e-e169d97bb656,22cc00d5-96c7-40e4-bc98-3947e6b8b09c,93,26,2418
28f817c4-2171-45e4-8ad8-bd7610dd818d,b690600a-fe74-4376-8735-a753a2954da7,6b46482f-3d17-4320-b93a-51f716f9910a,19,93,1767
14f90b91-302d-46df-97ce-71fa9546db3d,1f4972bc-c553-4664-958c-c84739cbff86,c98f4eec-7cb7-47bb-825d-711cbfe4b759,63,83,5229
16380069-f9d8-4bac-92aa-8c9454e16104,d7d16f49-6633-40f7-8dec-63bafbfe4c2f,3789c14d-0c5c-4b7f-a045-d9ad0bfd2ca8,97,60,5820
a3002ed5-1b2a-472e-b6b4-de80ebc5ba00,5ca00c28-74d2-4c5c-98df-83a2d0039a68,8f6925c3-aea5-4312-aef5-9e1c12a437c4,66,81,5346
cd9afd77-c1e7-4a10-93f6-c96749c857a8,57974db2-4d95-49fa-adaa-abc4b0fc3135,5fce83e2-4c16-4fd0-b79a-42d99493a11f,26,30,780
cce2bf58-2d02-4588-80b0-f24e31940e7e,2209af18-9a30-4378-9758-9c5a7927e65b,c24e5a93-63b2-4f1f-9e5b-294f402dbdaf,46,76,3496
4dab7fca-1bf8-450d-9570-4b28e4212ec2,336c1eb0-3907-4be2-99f0-4d53e47f616a,16cf5f85-0881-420e-b107-61216c389e01,16,8,128
b5892929-7974-4085-944b-f38c7e6fb7e6,3b023c4d-7764-407c-b33b-7e9a1dc8395c,9c3b457a-e5a3-4173-a637-a638e36686ce,58,22,1276
259bbc84-f3a7-406a-9bdb-f8f9e4979a9e,ae7a7b1e-2081-4983-a5bc-bce86b01e39a,493e7a21-2f06-4402-8e18-57c78efbfc85,80,96,7680
b929e162-f112-486e-8b4d-d9f8e69f1a88,52c7eb26-7aad-4c16-bb6a-cebc9e4c99b7,432e9007-0380-4827-9abb-76bdbae85a2e,15,17,255
d0eb070e-7860-4731-804b-42c15b464b49,2dd3e077-ddd5-49da-8e40-d54d7ac4e385,0e15cb39-cec0-4488-9151-86461ab68319,92,29,2668
4d307ed9-a521-468e-b646-31c88346cd7a,2839ecb6-650f-4ddb-bf94-4c0d6f8c41a7,7934fc65-cc48-41d9-9d39-1a100a3140de,86,77,6622
9bd71555-d853-4810-9267-99a78fd71ea3,a872efcd-0e5d-4cf2-89d8-1f80d0bfc777,91f05715-6999-4a8c-8ec1-3de878c69abc,67,75,5025
e23f6967-76b0-439f-aeb1-2fd3d44e1bd8,f3a5cec4-2d7d-41fa-a105-289173aafdde,d7795c1e-aec3-4e90-b1c0-637ef0776ade,62,19,1178
723e34eb-c177-4b31-aba7-2fb4ad4c0d97,1aa5c08f-0a8c-46a7-8e7b-b3538b2191e0,bacda0aa-247f-4df2-92c4-839efc5b5f77,100,16,1600
97a15871-a954-4f7d-b898-e1c02c817553,eceff1e3-c7b4-4536-92e3-159f2c9665f9,9cb80405-cf41-4e69-8efc-9bd94edade2d,60,61,3660
6fd263a2-4928-4de6-acd7-c49d7579c4c0,26c4c8c8-b4ad-4d2d-9d0b-19c31651e70d,4eee93dd-7fdb-4adb-b23d-a153ab522cd9,61,71,4331
4cc393b5-b4c2-4f9f-bd6a-adee6155b00e,2e2b098f-a657-4bca-b728-8225351e3f07,b34e9314-4736-4cd3-8c27-6cf2f8841954,74,29,2146
c3b25145-f183-4951-a0b6-7c9bb444a4f9,58a266b0-ad03-408c-9df7-0f076583e478,492fe326-5d7c-40b9-be83-5dde4f42170c,82,42,3444
3f607f47-023f-4826-9c3a-536323e9ad56,20b6dca5-ad2a-442e-a56f-f93746d80796,98fab076-d059-479e-9ac1-9eaa91a00ada,30,34,1020
2ca620d1-70fa-4fb5-bd49-8a9fc10632ff,fd80b9c1-5cf8-49ab-9a10-828684b370d3,de76497b-4820-434b-91cb-4194a741898c,83,4,332
18f5cc41-6cc2-4324-83e3-af0e440dafe0,1cb9bb2f-bff6-4db0-8898-7466b7da48de,88730881-6d78-4ebb-bf5d-bcabb01a1b65,56,71,3976
303ed50e-2622-433a-9f9f-19d9cbb4b3d5,d8c9b6bc-d2c7-4286-8c6d-b0f3a2a303b3,4e292fac-6ed7-45eb-acb4-4b5a11631129,33,96,3168
03102d35-a0ed-4ad3-b5be-44ff8397a955,2ef62313-4ad5-4469-b173-2af26f2d6b80,ed968bf6-98a8-4d8e-8372-93773c7792fb,85,58,4930
1904995b-e172-4188-a074-fda9f3a30f43,23eadb99-4f68-4498-82c6-0ef30d453b5a,b3785777-c963-4768-bd12-2550be67b19e,49,49,2401
783d0068-57f9-458c-a111-749672f1ee6c,874fee2e-9ee2-402b-a29d-ba9b9130f207,e5785db9-73d2-47a8-91ed-ee78f83468d7,58,19,1102
343b1b66-479d-4698-ac88-0fe59dbd7d8c,fbd1ccab-02fb-437f-a036-51e04ce90b80,c866acb3-deaa-4cb0-8761-f6e6ab382b52,60,1,60
ea99d888-7785-4455-a0b9-f3a7f1422160,81983d5f-d54b-485b-b9d9-3039a80dcbef,a6431adc-e36c-41cf-a01f-7d13327e0220,100,21,2100
ca00dcb9-4662-41b8-aa34-5ce6da5fd0f4,0fd97f66-cddd-47c3-84a5-c198363c7ceb,f2b7fb13-5e64-477c-8d8d-51338c6bd1b5,6,60,360
332393bf-3da5-4c44-9876-f667ce704fad,a419a28f-4bef-4b33-aa4c-77198b5abf38,9f50a647-d56b-4e37-9081-324562536fb9,15,34,510
81b8189c-a4d4-4fde-a634-ba4d43ebd37f,e7a39368-8155-44aa-bdaa-219c95514e32,61ac7364-1be8-4664-b4ea-cd5fc0bdc28a,43,63,2709
5dcf1d05-7c34-480b-9d49-ac3d3b850d4f,3592c311-a59a-4e7f-b9bd-89202ca0dc64,2a669a70-2abf-4db2-91bc-6d7b3ffa7afd,61,63,3843
dd0e2833-4196-4851-a2e1-125a5126d562,32edbb34-cf85-47cb-9f57-36c8264856c6,9c6e2479-269e-4b62-aef3-f638afb94fb8,68,84,5712
80e086f9-1dbc-41c4-9f47-e8b0605292bf,ed1b07a9-050e-459a-90c2-da92836e7e5d,da8b0b83-eebb-46f0-bf93-2ef84317acda,54,40,2160
be9b2d4f-43af-4f7d-8d0a-a3843411e74b,21996166-9154-49bc-a199-4fd5327f55a7,f422e9e5-8106-4888-88d8-c37aa79263bf,92,79,7268
ca0547da-c3b2-4da3-b4f9-41091df5ca38,10bd8320-d2c7-4f9e-9565-47227b7462c6,9eb37d01-b581-42eb-b974-cffe6a487487,49,74,3626
a0e10941-a250-48fe-a299-bdb43bc49659,d0eb811c-b580-4e32-ae7e-45fb0d99ab58,11ce7ae1-d86a-4dc1-a09f-6fc05a71a2d4,57,78,4446
29ef0788-6f81-4ee4-80a3-eb69d2e3a038,9ddbcc5b-97a4-420e-b624-bb8b08c830d7,2f2491ff-be20-454b-a771-017eba8bfabe,31,54,1674
49b98583-59cc-4f04-b84c-1812112580f8,96c8249c-08cc-420a-9615-a574a023d05f,15b33f02-eee3-47d3-9e68-30a62f5ca4ed,15,22,330
8b8cf364-2185-4aca-91c5-6cd3de382f20,318ae7d9-3e2b-485c-ac44-283ef13e1620,328e2196-910d-4deb-a8dd-72507762e56d,63,94,5922
f9e6b0a5-71b4-47dc-819d-3d4c83bccc6a,e9292454-5da4-4ce0-8f58-98c706bd64ce,d32ace51-65a6-4bc3-a478-1468471c794b,32,34,1088
9f666a16-6213-4754-920d-6c449eaa2c25,b0e1497d-4afb-45c2-9e99-7eb2c80a34f0,225b2b44-7f68-4ef7-83cb-fc28cc5cbddb,53,65,3445
ebcdbd68-999b-4aa7-86d8-d6bd19bb8d70,47cd3a69-ac15-44b2-94ac-a563b5ed110d,4677350d-c8ed-483d-9d15-65c0d59d223c,92,22,2024
c4fd3844-08b7-4560-aa9b-d9442306a8a1,b0c8964e-340e-4f1b-96fa-7e6353e04108,05343141-28e6-43bf-b545-a9ca085e3b3a,79,70,5530
e94cddd8-d3c8-4a36-bbba-07a43ed46832,f2b3dc92-46c5-4897-b975-a4b629c01eed,76055e85-0ae9-4214-bc18-834a5817ad67,69,89,6141
088a7201-3f76-4b49-a52f-c806808adca2,a13cbba0-1de3-457c-b3fe-c4584d8a69bc,418133d1-2a13-498e-9527-ecd106249cde,100,2,200
8af00e7b-ab3a-49d0-b9f8-e048d4d528fb,4884cafc-2246-429d-8989-67b6f8815fcc,61e4fb5f-9283-4b59-89b3-ecc3f81fb0a8,37,34,1258
58ba7934-98c2-4c6a-b1d0-ccd7108aa093,fc3ffc30-b7a5-4bc3-a42e-336e47fcff30,f3063455-a45d-4993-a01b-2f2ed11068e0,95,71,6745
85d2a093-fbdd-45fd-850d-1ba1ebc8b5ae,dfe109c4-7b4b-4c81-88be-aca78a7f7c44,a588a2ef-53f5-428c-9ae8-44af3132444d,26,37,962
2c7af519-68ca-4698-9e7d-ba34a5463283,9df1c8fe-6a40-451d-b132-51cf2ffd9b36,9f4d5145-b0f2-4811-8457-4eb74a799462,6,73,438
86e208c9-f01b-4a62-8e2c-57d2da2de158,bc0d5074-14d8-408a-a5a3-efff94a0693d,6cdb488c-3747-4923-b24d-58066841fec1,70,32,2240
4e408460-4bc2-4721-9eff-9e888a171cf5,beefc24c-818f-4477-8c4f-84f1ea27eb13,8420f17d-623f-4f37-b8da-e09939477c3c,6,48,288
59fae17b-c86e-4d16-9664-1a6e562559e0,96f10a42-addf-4aca-9692-cf93926393eb,ac25d826-05dd-4a0a-a143-559094dd0fd8,25,43,1075
c4b612ab-98e8-4ded-8846-e32aed2a2e9b,2dd3e077-ddd5-49da-8e40-d54d7ac4e385,235391df-48ef-4f7c-88f2-36fbb9624d5a,43,77,3311
ca66c338-d895-4279-bb91-d51ba0746008,ee9540e0-6049-4b76-8f9f-e4e69ac69d12,c1f6b780-3fd2-4228-a600-d38fdba76bc4,95,41,3895
4c1640cb-d048-4c8b-86f7-bca6e6a01754,ce159a2d-72c9-47fc-9803-65f066c8d389,0e4b889e-88d2-4287-8f47-4a4e2a54c997,82,79,6478
9cf96ab2-9c78-48ac-a794-e66b80e79f49,f5c70858-93d7-4fb4-aba1-af0572361e04,687a02bf-3dd8-4f9c-a34e-df08ba5b8545,85,94,7990
4a960607-4f0a-498c-b7a3-fd44f17fb7f3,9bf64e2c-624d-4ff2-93ee-70eafb6da10c,f48b1a0c-39e6-4a17-808b-5540b80c10f0,77,81,6237
5313ed94-c907-431b-9649-02df9441919c,d8ccd8fa-6a99-4b21-af8e-6e300e507685,517b0de6-bdf8-4f51-b42a-e7f27854c85c,30,14,420
531d2acd-40d8-4903-baab-15b42a5dccc4,11133572-2ac1-4c0a-a04c-98a64d2d59b9,6e29e554-22d2-43c5-b3e1-585f67e8e54a,6,38,228
e1810c71-851f-4f59-862d-6cb15d7e3f94,cdb29705-d91a-4222-9665-e2c41fc5f957,b632dc10-79b4-4554-b1be-233c928f9ea9,48,16,768
ce20ebac-9caa-4335-bbf4-176d61e82c89,d262abb4-5c32-4b29-bd74-fe3626c98740,dc1d5d82-d90d-4f7b-9818-4b56ebaaede2,90,89,8010
48d3122b-1c38-4563-9cfb-b76f7113babd,a402a84d-eeb0-48ff-9976-21e228045869,805f00b0-3a4a-489b-a099-c3d1a31d91f3,37,49,1813
e74f4e37-81cc-454f-9299-b1109413d941,b43fef8c-83eb-4a48-8c11-29080c969ece,5782f885-5a9a-4be1-bedd-39faa2d2dcc8,88,54,4752
c632878d-1d63-4385-85f1-5dcc57648376,da3117d2-1f99-416a-a25c-6b0ad14aa421,ecd2947e-c3f5-4cdf-b2f4-5bbaf18bac83,93,61,5673
909eb061-21fa-4338-95eb-437575bd806f,79597d57-b2fa-4bf2-a7ba-50d25427333e,ef4ab3cf-59f4-44bc-931f-7f504c747fa4,82,83,6806
0e779249-3f95-444b-b1de-56e538427297,fd205e0f-a1e2-4aa9-9ec8-c19febfbc731,c866acb3-deaa-4cb0-8761-f6e6ab382b52,11,72,792
4499cfe3-a22d-40fd-90c4-0d7fc59d0e5c,96f10a42-addf-4aca-9692-cf93926393eb,3a96aad9-dee2-49ec-a331-833da2638a03,61,90,5490
7f2c70f4-f4f2-4691-afbc-03cc2facc157,fee4cda4-e4bf-4461-99dc-74d22855133d,00a8d45b-457e-40fa-afd4-8e3a6114aa15,17,75,1275
7a58fdb9-0cd6-4e39-b389-c1e4071faf6b,96c8249c-08cc-420a-9615-a574a023d05f,eab9abc4-8157-4b04-a6f5-b3526af3f69f,63,8,504
d1daa30b-0207-4085-8c8c-ec3062085e21,10bd8320-d2c7-4f9e-9565-47227b7462c6,f67526d3-ac98-4b87-ad73-6f8c0888612e,94,10,940
63be3f3a-9d03-42d2-b484-dd5863bfa5ec,57cbf303-8a93-4f99-a65b-a1107a61e9e6,b3adaa61-2c5a-4727-8db7-bf1b6b8c349f,85,94,7990
68bd5b97-683e-4b01-a790-07f6b7952217,ce159a2d-72c9-47fc-9803-65f066c8d389,c33614bc-4251-4976-bd98-b3a209f55e96,71,17,1207
6715ec9c-b7fe-4c0c-86d6-c423d01c8d98,2801ee32-07d5-4d79-9485-b2a95004ed10,e5785db9-73d2-47a8-91ed-ee78f83468d7,47,7,329
308228e9-b05e-4906-b9ae-66b770f00657,cfde623c-529e-43a5-81e3-9598e767c613,3848bea1-1916-4b9e-ba74-57365dd88e17,55,88,4840
47a87fc4-98fa-45bc-a9fc-a7789ddc806f,6132ecf3-cea2-47de-bc73-f8d45d74a292,cd85bf58-2e94-48d2-89c7-6b3115a1ccc9,52,51,2652
8fd187a9-5cbe-4ef4-939d-5a4e79bce3bf,80802f72-3d50-4ec0-a591-61ae30dc79a7,6835ea67-dba4-460a-a367-9b4ed5dceab4,34,17,578
43224357-ba30-4b98-9ced-11bda4b5177c,02eff6b7-23a7-4daf-971a-67a205220c24,125a295c-91f2-437f-aaaf-b5ece8892e53,16,84,1344
92a8cffe-dfb6-462d-aac4-3a2934ab07c8,d55607f7-fb78-4f1a-869d-eb802a3c4b9e,80ae9a91-96e2-42e1-a1cd-201afa8e5ebf,40,28,1120
f3c854a8-0017-405a-9988-59f726e2f2e8,4cc2a1f0-aea4-4b3b-871f-d7de8b206883,c336f063-21d1-4892-bab1-bd0a152b6443,8,50,400
e611cb57-37e0-4e5c-9cde-7a51fea888ad,7276a1b7-a7d6-43c1-8d4a-bffd636896fa,e33be39a-33d0-48a1-b572-da460f9844bd,28,35,980
cfa93f62-513f-4ec6-8428-f2ef4ad3e48b,1b58a2a7-5194-4c15-bcf7-7d39e118490c,346eb4cf-d0c3-4f89-b055-002aa718a21b,76,24,1824
4ef988e6-2fe0-4970-aaec-06b41ad540ab,7ea371e6-cfca-4a33-a26a-10e65d464a01,acbcd964-7a4d-4116-9865-4982d6fbc948,72,44,3168
74884c7c-2e93-415e-a611-c1e5fc7b4858,233b0906-ad89-4d07-9da2-1670be89cb44,21c7cd2d-e6fd-456d-ac75-c0f904b0d39f,41,17,697
b386a6ae-dd09-43d1-9687-ff99c25af6ed,ee1f09fc-1c72-455d-895b-4b70a65b6686,9e45123e-0e36-41e1-a235-0571f3aa2f62,19,61,1159
7bfc7051-7ba3-4921-a1ae-ac6b15ca8107,ea27b43d-3ac1-402f-be58-d6058a1841c5,e1146eaf-ccc4-476a-9277-c0959b405f9f,5,100,500
9bbd8c4f-101b-418e-8f7f-1540ba303dc4,6effbe56-0fa8-469c-9374-8b04110e3e77,00e41984-e9b7-46f5-92bb-f7656fc69716,12,69,828
dd0230de-4bf7-4840-acfa-eae8c78bdef9,3e3afb5d-8ee4-4e1c-8db1-e87b8dfe2636,defaf120-d14e-421b-9651-db618a926dd7,43,12,516
7f4890bf-5b6d-4a7e-a116-900715590072,8f71e8f8-a63b-49e2-bdd5-7e48f4bdf778,dbf29a42-9f3e-4bfc-b220-e4b08349ea44,10,14,140
67c764e9-b7b0-44c1-b0db-ef1855e456fe,32edbb34-cf85-47cb-9f57-36c8264856c6,900d3ead-1ae1-452d-b8fb-fa5349c213b5,81,55,4455
8cac0277-c19e-4033-9a82-6dd4c3563178,674b0909-4088-451d-b588-4e7331571849,84d2342a-8811-49c9-a299-874e12b76a17,22,14,308
dc341ced-e94f-4306-8a10-9991a4f4f045,2a0d5963-942d-4ade-b736-7284d2a42ac0,a588a2ef-53f5-428c-9ae8-44af3132444d,17,70,1190
79f6abb0-1928-4fa8-8e05-168f32e73c96,539f188d-02dc-4a8d-a8b7-6d8c8de2d4d6,ec061296-d305-46cb-b457-93a13aaa3c53,3,58,174
d4cfb575-af5b-4ecb-84d3-ff6ccfffebfe,453f9486-d77e-44d8-b307-aa513fbb82b3,ce104f6c-04c6-457a-9987-430440491672,34,20,680
6c7759dd-9d40-4a1f-bbab-a230d9753676,5d1549d3-3ae0-4e2b-883c-91b03a94692b,132d481b-afe8-4821-8b43-e552fbd91214,30,42,1260
aad1b3b6-dc55-4492-8e03-72b2d2576833,e74d015c-2676-4eaf-8084-dda245e94e0f,7b52581b-ef17-4f17-80d1-5f14f7781204,10,74,740
8e9db5cb-1b07-4c0c-a740-ab2edf3098f5,92c1c694-da9a-4dda-82a1-3c419ac5269c,8cdfea92-c4a9-4061-8322-fb91c6bb7ddd,80,84,6720
3fbf5d58-2065-47b7-a017-f5eb961ef542,a8a00fbf-0d74-4230-867e-805097626737,8420f17d-623f-4f37-b8da-e09939477c3c,44,91,4004
9fcd0b60-542b-47cd-aa50-101123c6b779,0cdfb29a-81a1-4a59-9b4d-96898bbdac78,e6d27b69-4796-4085-b71c-c2af4b5f6ba0,47,18,846
344f2393-3289-4f3a-b756-c1c006e7c884,658580e4-6129-4a13-8a19-20b6521d9a98,14bc6ba1-2152-4112-8e4e-bea523ba24a7,37,25,925
e194df28-4a44-4706-a589-47b7ae7de2e8,a00ec358-6120-4924-888d-4ea956a443e5,922729e4-a1a2-4c78-ba48-1e888577177d,3,79,237
81a4fed9-8853-46b9-93d4-c150dcb5345d,fb8fe3d2-1a74-4acd-99df-c9782fae8afb,4a437e2e-c755-4f57-9769-ec07a26db9e4,5,30,150
7abfc5a5-f380-4fe5-b082-4bf90e12ed83,b2c159d0-2355-47df-b7b1-b593eea2d90a,921164f1-ce8b-4756-b565-d330c8f49db4,87,82,7134
96d493cd-0517-44fc-9c5e-37c49aba5479,6d7a69d8-2e2a-41b7-a75b-c49afaddb4d9,42fdcb50-8bd2-478c-81f4-2049e044c455,7,25,175
027b742d-962c-46e0-996b-4180e55b7ce5,39a55f34-93b1-4841-ab0a-7883b76d4569,132d481b-afe8-4821-8b43-e552fbd91214,81,33,2673
15721726-3137-4f05-8a0e-239c3f421cba,92896d52-6c3a-4194-b562-d375436e0ef1,6bf0d4ae-1d7d-46b2-828d-bfd81d2f7d49,17,24,408
aacc8c3f-1dc0-41fb-a4e5-f13b9715799a,92f674bb-5d7b-466d-92de-4fabdc61e7d9,78377c0c-b3f7-49b5-b498-7c109c7cb641,36,52,1872
83f653a9-b0af-4865-99a8-e8d7ce300f5b,4dfe3b9f-aeba-4048-b146-d00db2cb8f0c,b9b85d16-7339-4143-a432-c5dc98054651,29,96,2784
aa37a95f-1840-47f1-a2a5-cc73caea697d,4d61f795-e592-4edb-bce3-8dbfd4326b78,f6af70d0-bde2-45f2-a4a5-17159f5a3668,26,44,1144
de3c4533-eec2-4fb1-a1a3-656886e8588f,e9f1730f-461b-4f3e-b640-6e2c6317313a,172864d5-55d1-4d02-9d02-0d0e82d3fd57,20,4,80
7a0c32e7-62fd-405c-a27a-89187e285d3a,6d251eb0-f887-4d4d-90ca-da0c8c96f548,8db4102f-577e-4ce3-8761-a3a0f720719e,70,84,5880
f82e41bb-28af-4b6b-91d6-acaa15d8b249,af94e81c-cad5-4297-9b4c-cdd73fc050f9,6d5275ae-4575-4acf-aacc-7eed3d76b995,89,18,1602
bcb48568-c6d8-42bd-9ddd-386ed2ae1fbb,2588d1d0-fb38-448d-90bb-efc3dc04c1bd,b3333cdc-5be6-4bf5-b18d-3cb442475792,39,91,3549
b62ff074-1a47-41d9-a287-754d9cdf797e,dfe109c4-7b4b-4c81-88be-aca78a7f7c44,d1c21a1d-d6d6-4acf-905d-92c18c7d56e1,53,24,1272
6dbdcb74-5333-4759-978c-914ccf7d60a4,45e4b53e-8cb7-4ed6-80a6-d8762c8bca1f,d9de25f2-311f-404a-a37e-decfd44459ab,14,91,1274
12cdb79c-6e02-4511-8f11-205d7422df44,d766db27-7024-4285-8755-77a6d3ffaba1,523b996f-8465-4e38-933c-209c24950ffb,87,31,2697
2153650e-c148-4120-9aaf-fd49401e9cc9,c537fb17-b024-4a02-9952-e7dde8294a46,3a61d636-70f3-465b-80eb-bd3de18e0485,52,39,2028
8601ce6f-7cc2-4d4e-9876-e9860fc9c8da,301adb5a-6801-4532-b1b5-43a68cf44bda,2fb3587c-43af-4c12-a25b-b47aff8622a0,47,19,893
1b1c7b27-587c-4094-adc0-70030c948143,a402a84d-eeb0-48ff-9976-21e228045869,7b52581b-ef17-4f17-80d1-5f14f7781204,7,83,581
a8a9f7a6-81ad-4e82-8220-3051d1a65952,72ea8d98-1f95-4768-a5f7-ff2f847f7681,05343141-28e6-43bf-b545-a9ca085e3b3a,11,25,275
e14b22e2-a487-4487-ac09-a4cda7f48063,56056b25-0f40-4457-a9e3-5532e5e8af13,eab9abc4-8157-4b04-a6f5-b3526af3f69f,76,83,6308
bea27515-a77f-44c8-89d0-e21a434e97d0,df4ea644-cfb4-4a6f-8f72-21ca5751942f,6ecb43bf-4e01-41c3-b10f-34d89e253d01,73,5,365
c393bbb2-ab07-4cf5-b44b-aef2458654ef,2b4a814c-5f17-439f-b4f2-e6a66b655d3b,14bc6ba1-2152-4112-8e4e-bea523ba24a7,4,25,100
b01fb072-42ab-4d9d-a6db-97560c28717a,178259ea-f1bc-4d46-ac45-57b2b6d82353,c41ee486-e4bc-4e0b-b6d2-2824609f4175,86,14,1204
64733913-25be-4334-8d4b-42a5b750c820,654cd7f3-00f3-4ec0-9229-fd8852c3bb98,0972219b-3b95-49dd-8140-7297bc04e970,26,23,598
c8caca7a-d995-48e4-ba5b-33b827ba2c56,c4edeb04-afef-4968-85aa-20e308ea3395,375d9985-c3b6-4c0e-8569-ff70d297e263,88,59,5192
0541112e-ad0a-4bff-974a-538f3f6a5c4d,b7c094d1-0dc1-417a-9090-b0067cf9e48d,05065948-09d1-4edf-b51c-38ec64376b53,14,58,812
b425ce11-47a7-4b9b-9cda-488419266d42,4c5daf46-ac94-4227-bc98-9844bd09e9fe,e629bab8-eda6-41ca-8ebe-d404ac51f205,7,95,665
72b540a7-d5c1-470d-9557-002390927199,8002f9fb-e5c0-4608-b7fe-cc4ecedf9c83,4e792531-7f73-4569-b0d3-9c9b4f91c318,9,78,702
a8505a13-d69b-4d44-b2fd-5c91c7c9aa0d,749208ad-625f-4e20-8e7e-44e6de1da3bd,6d89d043-f760-45a0-b2fc-7bdd5f82ee30,98,88,8624
635ddb55-6ee8-40ef-b343-f47e717c9c2d,a2241e24-190d-4eca-92f6-a6e5142f824d,489466e8-2402-4aa9-8f2c-1781be452c30,60,31,1860
94680041-b672-40d6-a930-91bee9e91663,654cd7f3-00f3-4ec0-9229-fd8852c3bb98,058cc29e-8a1f-4e9e-b743-2a8ec1b8d7e4,97,23,2231
d2a7879d-1227-4b53-a9f0-c4aef1d2cbf2,05ee923f-a78b-4a2f-a842-f3a605e7f95d,bba7dba5-b1b7-493f-a278-c9010eccc020,3,89,267
1bf1f8cf-4491-48bc-9509-0f6ab9ab352f,e8f86a2d-1002-49ef-b3cb-637ae2318edd,b7efa27b-5885-460e-9d83-7ef4b9fd1507,49,47,2303
558ba33e-f1fe-4bf6-8bd8-33c5a7193bfa,2698b6ff-75c5-4ba2-ae69-11ccbd8c83d1,d4489fb8-beaa-4419-80c6-651544bdd49e,59,33,1947
18153233-6c90-49f7-991e-3e9eaab125e7,a13cbba0-1de3-457c-b3fe-c4584d8a69bc,2cf143fa-2340-46da-a006-4e980cfadd57,80,73,5840
283d6d49-bd02-4306-803d-93e2675e7b13,fca2ba1f-bad1-4028-a672-610645e02617,5c898082-f593-40ce-8a5c-ce5e1d3801c2,38,92,3496
16dbb8d2-58dc-4248-904b-6cdcfc8838ae,9b7cb0b7-1694-4698-830b-cddad35b800b,ae01d599-e669-43bf-946b-589c236de368,53,42,2226
88763945-f326-4006-81cd-430aaca8da24,7276a1b7-a7d6-43c1-8d4a-bffd636896fa,7beda152-84a5-4244-8cd4-0c30f3a6ee27,94,60,5640
572d9dde-d0ed-49b0-99aa-0bb2750188e0,0e6b1836-c127-4b8e-b244-4a55cfe3b55e,c31fbe61-00da-403c-9e06-33e74001386c,15,53,795
6b5786f4-5d2a-482a-8195-d2190cb89520,9f484c34-18d8-4499-bdbe-46f3b0c630a7,3dacdfda-dbf0-48ba-bddf-b4157bfb4693,12,71,852
4cc50132-b108-4c61-be38-7620ddc63aa9,229a0c8e-4bd1-49fe-b3a2-a122ca9e46b2,9bb3b810-03d3-44cd-b84d-867efe687d02,45,23,1035
f446d73a-9fcc-4443-bbd6-3ca137590efb,b3cf8074-a442-440d-b415-6053b16cfe69,80ae9a91-96e2-42e1-a1cd-201afa8e5ebf,54,47,2538
6ea02c44-b988-4f6a-847f-95c99f785408,904e70c7-af3e-4f70-8964-1e7f40331245,316269c2-008a-4df9-bc96-be03754bd379,13,66,858
dbd28e1f-fa8b-47e8-a430-a075a2bf6e8b,24d242f6-5ed3-4355-82d0-4089b6ce511f,bb80b66b-f400-49ba-adfe-1cd58f7e977d,29,12,348
d0191157-64c6-4150-b08c-41632bdd7a1a,e504c746-5b09-478d-889e-396deea45e74,ef9f1944-1be7-4eae-8084-64b661611c59,17,97,1649
860e8a64-739e-4723-9ef0-c83ae8141f1c,19626af2-a8a6-49ce-a8c3-2ea10be67669,88730881-6d78-4ebb-bf5d-bcabb01a1b65,93,68,6324
a2f9e496-b5af-40cb-8cc0-498cd64c48f5,fd5605b5-736b-42ec-958d-163b7e90d51d,f9379385-0ae3-464d-b8f0-5814eab80d3e,72,54,3888
2156f24e-8218-4468-8d7a-dc21d50c815f,72d4afa1-9d51-40e2-ad46-d83cb9bcffd3,066d79f6-0e96-4116-ba07-741f38cad82a,35,80,2800
c6d94168-a609-4925-88a9-cf8284a61abc,24a06a6c-2a6f-4ccc-b987-7befb62868cf,f4bf164b-696a-451d-808f-54d45b79d5e5,74,57,4218
520d3c11-b2e3-4e1d-801f-eb9a331c65e3,3c1babf4-71a2-4526-9a30-ac31eb6cbd76,148174c3-182a-45f4-80fd-575479d6826e,53,12,636
5e46973c-92da-46b9-ab71-829396905bf4,02c8cea3-54d3-46ca-9307-1510e0387325,2727d0c8-d86e-43b7-b1f1-e76be9664c9f,66,77,5082
e03fb917-0ec6-4996-baec-886a90520335,5a92ab60-ae3e-4f57-b0a1-09d192670d6f,bcbeea39-8bae-4337-a6d7-2bb1024214c8,36,52,1872
7dca566c-b786-4f65-8d63-1010f6ee2485,865f30da-b21c-461f-a33f-449021e45b51,770e6e1d-e359-4163-b841-294820868abc,5,30,150
b15f37b4-9df2-42ff-a606-7f771192310e,606c3630-989c-4900-943b-526e4b391d9a,27db41ca-e37e-4846-9e5d-64894635a76a,27,7,189
b3e0ab0a-ee01-4674-885d-7ce62cff3eae,6adca90f-d9c4-4540-895e-3ea9bf4198f0,1aadfe37-75db-4117-9332-78d30f4015b0,23,24,552
7d0fafa2-df9a-4fc5-a7b3-45c4530fc10c,db1c8806-ddec-4d0a-91cb-058bf74762e5,f0573617-644c-4ee1-bee0-ed47169b8513,11,98,1078
ee4b0306-239f-4728-bb15-809a65ff8d56,89aebb63-f6a6-4c89-8e52-1b3b091eac88,14784935-71ca-48d8-8582-40f104e83c5e,4,63,252
21fff650-c599-437d-8846-2527dac0f76a,279003d9-5a19-4113-8989-17253eba148c,2e1a6b3b-a42f-43e8-93c7-267f876593c7,75,86,6450
08967827-7454-4df7-83cb-50ef6e1fd36b,04117be4-5f58-4b4f-a536-9b989ccbe335,16cf5f85-0881-420e-b107-61216c389e01,98,31,3038
da864eb9-cb34-43e3-b5ce-fa1d8fce9596,b690600a-fe74-4376-8735-a753a2954da7,10e23187-8ec3-417b-b6c1-269e264b3a11,56,10,560
82c9af61-8548-4781-adfe-fd6271915639,0c100290-129c-4b90-b9cf-b2f255a35c6d,7b9761a3-62c0-45f5-8c55-7152bc8895da,13,70,910
2d8beeea-c9ce-4d11-acf5-a190981fc335,9d0c23bd-70f1-44ff-a38e-d8ce392a387c,1859f46e-61f0-4dcb-af6e-e299c7cefd81,7,28,196
5bcf930f-33de-415d-b5b5-957dfb2dbdc4,cc16ccd1-e692-4a19-a3b5-b0dc12bda942,bef58879-9b4a-496e-a49b-6d98fd995dc1,10,87,870
6dbd15cb-34fd-43bd-a82e-feeebd1b7029,5b392895-2af2-4645-9d2a-71c52be85843,5bb1bb67-befe-40f3-a411-3a40d8e45fa4,22,5,110
62728583-39e5-41e8-a02d-22ace1a20ef5,ee9540e0-6049-4b76-8f9f-e4e69ac69d12,3d38da44-6c79-4be6-a05b-9679e47a4661,86,1,86
f579fab5-5e46-41ba-adbb-36f6075388c9,d3e78836-fb3d-4364-b480-256bed20b5f2,f5f8c451-5217-4d97-9dcc-a4213a53025f,75,45,3375
76b9c23c-690a-4321-b2c7-3becbade7618,6effbe56-0fa8-469c-9374-8b04110e3e77,fb036033-9e9c-425e-b62e-88eae161c5c5,67,60,4020
974febdb-53c6-4335-9f6c-40e5802c07d1,888343d6-ccfe-4500-aab8-8d12564b5aa0,316269c2-008a-4df9-bc96-be03754bd379,93,90,8370
0ce4fb4f-9fc1-4c1c-843b-b660f9289ac8,236339b0-1975-4c5f-824d-8cbbfd3d97e7,88a07d2f-86b5-40d5-a716-f4332658ba7b,71,98,6958
16ffdc9c-ce46-40a5-b4ad-13745dd8bdbd,32b3e318-6ce9-4929-815c-4d10657499fb,6529c0f5-c9c0-4c0d-ad9f-0ad5bdf9cfbb,25,46,1150
2aa07b38-4d04-4f7c-8d65-720bbc8edf4e,ffbcdd5c-c158-4652-82e5-620121799add,c4fdd855-e544-4af4-aa1b-c8f2272fa87d,98,81,7938
f4ada443-494a-4f7c-a76a-d559f55d912e,67dd9270-a55c-45ba-a1ba-c87a593778bf,0511361d-b16e-4893-8aff-34040041b1b4,12,60,720
24a9315d-7531-4fda-accc-0971fe0b8fba,a37871d3-3ed1-454a-b203-ce4060e1b95c,f9581467-67aa-4337-97c4-3b7ad54ced35,47,29,1363
33aa3dbc-5458-43da-9f0e-1137f4cd90b1,fe709cd4-d4fd-4a56-8ab5-85bbf2a83330,13b9e761-3c11-4a32-b624-bbbf030c1abe,17,61,1037
6df77470-2fa9-4b0d-bc7a-590e3e1f60f5,da7382e2-473e-4574-aeed-2932f83776cc,a9c52998-741b-47e4-bc33-6bdf24e09b57,56,88,4928
69c991be-4740-43d2-a278-37f7f48919c5,4828ac36-d5e2-45c3-bcb3-d3938f55f6c3,bbad9722-a3c5-457a-bd07-f8334ddc9b9b,80,90,7200
3d3de63c-15a2-4181-81de-ae06abd95b05,bf5e82b0-4e84-4043-b77d-5b6aa76cae63,752b2ed9-be51-4384-888a-2d406bafa187,52,93,4836
499374ca-22bb-43d7-b1ed-b483bb236f3b,d96eb8e5-95d6-4385-9759-fe326597e751,4ee84fd8-a79f-46c7-8924-193272f2afd3,94,77,7238
91d1c568-77f7-4d86-a0d5-a8b11841c561,ccf04c2a-ddde-48b6-a5c2-4b03c92efc50,9394a43a-d2cb-47e8-9d88-1d5d6a55a638,29,61,1769
1c69cf63-9e2b-4b6c-b7b9-93fa81625143,654cd7f3-00f3-4ec0-9229-fd8852c3bb98,462afc05-4531-4b46-a800-fd0238a618eb,10,7,70
2db59126-0ecb-43fb-9da1-bf907ff4bfba,b3cf8074-a442-440d-b415-6053b16cfe69,eb6e9966-e277-474f-9df3-a4aea63e06c4,38,63,2394
03a67fd6-48a0-4846-b2ae-63e7b4775bac,3c6b9f21-c5fb-44f7-9aac-5303efff9d2a,985aa3f0-7298-4fb6-bd3d-dff0863156e8,64,63,4032
64308c1e-0ae6-4133-9f37-8c5967b305d3,27d6685a-b26d-4351-8177-8f8dc481d28b,25405d01-f2ff-4d79-9da0-c12971c55715,29,27,783
f8821514-b892-43b4-b4a7-5fc1838ab209,9504d672-f87e-4f75-aa3d-3bcc3acb94b4,9b90beed-fe4e-459d-987a-2e3a18d57428,2,96,192
992e0867-d950-4ed2-a064-f4e06f1b21d5,78818e76-2027-46ef-adac-d8f901b9b78d,648df69f-dd27-4c1b-9a20-d65e96fc4441,10,34,340
29d0a204-e67b-4aea-b88c-d7d874686ad5,be4f151d-2ae7-4ee6-9361-277e944d7815,0b01d572-6677-4827-b1ec-b66cb5a27996,37,32,1184
5b3ce525-4831-4e2b-88da-f31d468e0dc6,80da2f7f-c95a-4b3e-bd90-d78702e7f3a2,93c1e54a-8ff8-49f6-a1a0-ed1de4315d52,54,64,3456
00304f5a-746a-417f-bdde-1f968e18d394,8455c211-6f69-4b5c-aee4-9b758ef38303,215594e5-1cbb-420a-8d41-8dd0f78e5e25,100,51,5100
fcd2f6d9-c3f7-4a0e-b965-5dee9153edba,4892c452-cfdc-4a09-b8d5-1897a09bdea2,93b2c181-06bc-4ab8-bd8b-bda879b83ecc,72,81,5832
9c4e7aec-3100-4ac4-9f12-b696818ab6ac,4474a5ba-0cc2-4568-a538-1c2999c5394e,5b70bf5f-56a0-4b62-bf9b-7a1815b77618,47,87,4089
eb9a4221-9428-43fa-adac-e169d6c61ddf,1f46186b-4b02-4d5f-9de7-24b02ab0764a,cc70fa17-d828-4a26-9053-e1c96415ff59,4,68,272
f800d4d4-784d-4269-beba-55d86956bb63,fe709cd4-d4fd-4a56-8ab5-85bbf2a83330,75951499-03c7-4c97-a2d5-0a89cb9cd165,84,33,2772
e4946909-db37-47a3-b486-7da4fd253e5d,deb2409c-2167-4ee6-bcec-3a0be0f0ddf0,2c8ada99-2f2e-4071-a78a-8f8a4972025e,64,8,512
5297e535-8400-4755-abde-674d7ba65eeb,f4ac2a84-a8cb-44cd-a51b-c536dcc07dc8,0511361d-b16e-4893-8aff-34040041b1b4,27,15,405
a71864b0-7275-4c02-b1a5-300a8eae454a,76bcf362-89e8-4630-bafb-3998be027d20,c3859d99-4f5c-43b2-bbae-39b5c26abf61,60,64,3840
79ad4287-5a5e-4ac6-82b5-18f370dc76de,d03bed09-7e52-415a-b465-6836fa531ee8,fa6b0037-855d-467e-b7ff-52013c024d22,93,4,372
35a603de-7845-424c-b0cf-0041167f6e0b,2e06fc7f-e0c3-43bf-97d4-1067c788a309,32cadf99-b201-4e72-99b6-d1342899e1f9,9,39,351
4bc6bfff-7dc1-4879-ae4c-a2e0fc16ddb7,5d1549d3-3ae0-4e2b-883c-91b03a94692b,a801f1ec-192d-4dc8-b200-e76392df0489,15,47,705
046b1299-c5d8-4aa7-8531-680a05b21841,bfdb0008-f51e-4969-9846-5397620bdb95,c2e0e24b-f415-4cdc-bf44-4aeb04414652,9,48,432
c029032a-28e5-47f9-bb87-def1c343cfd9,9068ef41-2f8d-41d4-a444-74243dc46adc,418133d1-2a13-498e-9527-ecd106249cde,23,30,690
ce8ae7ee-3169-484e-a059-055bdac4ff2a,f81aa091-2632-4539-9af0-869e6e64d5ee,74dcc1d6-4304-499a-b0de-914b278e531f,75,68,5100
01783567-2166-40e3-a66c-24054bfe68e6,32edbb34-cf85-47cb-9f57-36c8264856c6,725bef2c-b12d-4e8c-8680-1f689a661df6,40,89,3560
9b30582c-e32f-4eb3-9ec6-47dbbce05b02,2cfbf73d-d425-4b26-a03c-3c5f86b61030,ed5eb640-6398-4aff-90b9-5edfbce9cda6,43,18,774
bd060212-2ae7-4747-97cf-c4f13676792b,b7c094d1-0dc1-417a-9090-b0067cf9e48d,43b13ccb-e23d-4746-9856-db47788ddef1,28,54,1512
b1bf4468-a5ec-4bfd-8a21-de8ea5e53125,e8cce556-1a38-4c78-a4a6-501fe62270f1,1859f46e-61f0-4dcb-af6e-e299c7cefd81,23,46,1058
7fef5323-1a12-4969-a579-a21422d19ab9,1e93a4c1-bc04-470c-9177-c466dfe7dfc4,38d9a53f-01d1-4320-a015-8a7425fa88f7,33,9,297
b99f8a3d-41bb-4803-9215-3a3c5e76370a,62abf084-8485-495b-a81d-efa981a5d6c4,eb8d5544-35e4-4dc6-984e-80303d430264,41,62,2542
8106a7ec-fa56-482d-b477-ba45115c44a3,56f246ff-445b-4065-b2b8-4e4f9fdf17e6,a2804839-9016-4c9c-b08c-76bd01c393d0,71,80,5680
0036b0df-09b5-4fb2-9ffe-3d5d353486cd,2d1539cb-5492-4d9d-9f0e-db2b5cfeb193,bcbeea39-8bae-4337-a6d7-2bb1024214c8,2,63,126
5bcd9826-8ca8-4711-82b6-fd6239ea6513,a7e71cbc-b4fa-4e99-bb53-05e7e8350c9d,235391df-48ef-4f7c-88f2-36fbb9624d5a,26,94,2444
942e2da6-0438-4f6f-9e55-cdb3085d5e69,f2e003cf-d51b-4fd9-8ccc-f7d33b458e9f,b6984105-1d4f-4828-970e-37d25d84ec9c,43,83,3569
338146f5-cf4b-4a1c-a516-c0bbfd7e12b0,5abead2a-968d-4163-bd14-ca15bc4f8699,3e5dec7a-12fa-46c1-99be-d61feeff6929,6,35,210
272facf7-ecab-4e71-95b5-969b3a5bb985,81b2a9cf-be77-44e6-be7b-8ec1272e592b,b76fcc17-0d0b-4c45-a209-c9559cc114e9,75,17,1275
e1a03681-9cf2-4eed-ae75-a447cdfa836e,3bd355c4-a929-43b6-bec7-f2aa7cb621ba,67ff3a19-cc97-46ab-aeb7-edca69acc736,71,78,5538
a7a36437-9cdf-4489-bc99-fbc9a9999d2e,a419a28f-4bef-4b33-aa4c-77198b5abf38,bd1f7cd1-160f-4d1b-a008-48c89ac211e0,86,29,2494
548981dc-8368-4604-8a71-af4495782008,84b1d8b1-c615-49d2-9a7a-c88f01cbdf2a,e94b1753-97da-42a1-82d6-8cd309a18752,16,11,176
824b25da-a945-4fcf-a10b-e171d73102ed,10bd8320-d2c7-4f9e-9565-47227b7462c6,e9fab42e-255e-4e33-8a62-cb24850d2729,52,40,2080
c5688bba-aac9-46f5-a89f-2792f6d32511,fb8fe3d2-1a74-4acd-99df-c9782fae8afb,b4b3caba-5f58-4004-8f7f-ac920f996650,84,87,7308
d2482f81-b0ae-4167-8773-ed87abeb8293,39a55f34-93b1-4841-ab0a-7883b76d4569,517b0de6-bdf8-4f51-b42a-e7f27854c85c,87,29,2523
5a1c3096-06c0-4774-a19c-fb0f8e9d28a9,bc7d4a16-a786-4bee-804c-f62a8092a8aa,a8ca27e6-7509-4194-ad4a-c4030cb8f619,67,12,804
52ad467c-7038-4c8c-ac2e-5e610cb88b39,ef400a6d-2e97-4d7d-80a0-8802f26f15ec,ef9f1944-1be7-4eae-8084-64b661611c59,98,37,3626
450a8cfd-49ed-430c-b29d-f6e922c80f70,4ed4b63f-1449-47ee-943d-e6e492e22ba4,f649b85e-9669-496d-94ff-db6fff6282e8,10,2,20
c14be985-ae93-4b92-8856-4f8c2db78c24,96e0a617-6fff-458d-be78-6260a9006fb5,a7fcd6f6-ef87-4a96-a933-cbc14adf84d3,58,42,2436
860f0f24-ac04-4f26-8df8-2435446b5627,59e5ca78-0f22-46dd-8d50-2745c896b141,831c5bfe-0de6-4c3a-bf1e-0caf3eba8841,57,84,4788
6fc7c8c9-960d-4301-920c-e4d7d13bcae5,1e3730cf-478c-4f97-ba29-a844b830c16b,2015f145-315a-47b8-87ed-7cb96d6e81ab,50,59,2950
f2269428-e40a-4791-a1c5-4842ce7c71bf,82fb0897-0930-4fa5-a71a-2e75bb335f23,00a8d45b-457e-40fa-afd4-8e3a6114aa15,38,3,114
ac94658b-88b5-4c95-a528-3922446d1cbc,1e3730cf-478c-4f97-ba29-a844b830c16b,0e939a7e-5d88-48a7-b744-570d216457b4,17,69,1173
d78656a9-1cbc-4d77-8cfd-8b7125489724,316b2ce8-e85e-4775-943b-2142a4cf188d,f9d83226-9535-4fb4-b216-df362906a0b2,63,69,4347
d7ad1e8f-6467-43a2-b56f-2378c3d29b4f,04f18937-c801-4942-947a-1b14152533ca,bf26afb6-5e9a-4dbf-862b-344ac9ebe295,84,11,924
ca7a3417-c7ec-4441-ab03-bf97b83fb3a2,9df1c8fe-6a40-451d-b132-51cf2ffd9b36,f130611b-a1ce-4227-81f5-f58634570781,50,93,4650
91261403-36fe-4d6a-bf74-85949ce8b519,9325e260-5d7e-4cd1-be27-2fae40789546,7321dff8-2b79-4717-a7b2-e7cb80f6e968,45,3,135
1f1beec9-a806-4caf-9c10-67f29238f097,0f4fa775-2007-4a64-9d17-2e6abbdbf8ae,8a370fb5-4f79-4d62-bb7b-38468db4b62c,40,42,1680
e92049c4-b7f6-4944-a9dd-408ab138d769,ae858033-62eb-42da-aa1a-61961285504b,fafe1d7c-3f7d-4da7-a70c-26c739a8c8ca,59,26,1534
22489baa-701d-4466-90b8-b026c58a2594,59ad1554-dbbd-4e96-8d2b-e9659e079232,ccd6c184-a816-4b63-a461-dc05159e6c8b,26,99,2574
1514536a-5c12-4bc9-9f4c-481a35c50a38,b89966e1-f0e1-45db-b26a-ab89089ea808,e7911a1e-6b8e-40ff-b6ce-24590cc6a131,60,88,5280
ec5e9221-7ef7-4c85-9891-7af4dd978a1d,ee1f09fc-1c72-455d-895b-4b70a65b6686,af69a94e-43ca-450c-a425-5e9950d33ecb,97,1,97
b42dcb94-7877-4a0f-a990-4a645cb16c3a,f38103cd-17c1-4b9f-8704-f13a36e163cf,43015493-0506-422f-a805-092a579461e8,87,12,1044
258635f0-539e-4388-8a46-9d18ae26861a,fbd1ccab-02fb-437f-a036-51e04ce90b80,3ba4774b-fff1-4808-bae5-639e1524d249,4,58,232
9bd1998e-03bf-4ae4-80f4-dd9167ca7b97,df1fa2e7-1916-4ff5-acde-3ba9ac65faa7,36ee18ec-c38c-44fd-834a-57e2296b6e58,100,51,5100
25c15972-14e2-4839-9eb1-7df0a3eb64c7,59d8a091-669c-4780-97a1-6c49ffedcb5d,fa6b0037-855d-467e-b7ff-52013c024d22,20,93,1860
8a0d5b47-076d-4860-b85a-1e53e6132c5f,25c616f5-229f-46b3-9da2-575c42d17115,eea009f5-d174-4a37-bad4-429bd9e25651,37,78,2886
4ab12b8d-0359-488a-adc8-b26eedeeb584,10555431-22c5-466e-ba48-2a9d5f4c30a8,d1e639e1-ab41-4d0d-9472-47271f6f6f85,78,60,4680
4892a87b-4f96-48b1-8566-6daf0c49da8b,67dd9270-a55c-45ba-a1ba-c87a593778bf,1c09835a-f3de-4552-beab-610b881fb416,35,47,1645
d556b157-68ee-4658-9250-8b4103e0e680,1a28e3cb-3549-4a2c-9cd8-f3c3e55fac69,eb8d5544-35e4-4dc6-984e-80303d430264,9,60,540
d86f53b3-2cff-4a3c-bebf-c84fdd06a1af,e315ed2c-c25a-4c01-8508-857da4a55347,ff6dca25-6b17-4d9b-8619-4ee078db7462,6,19,114
d3ad9789-a1d5-4a48-8fad-403dca7249d3,47a0d359-e6b9-4fb7-a6e5-0a319b070ca1,dbf29a42-9f3e-4bfc-b220-e4b08349ea44,92,28,2576
39e35387-c5b3-42c4-8660-65785a6bbcd5,136ba8f7-58f6-400e-987a-3d6c4153bc56,db26014b-4a92-45f4-a8ad-b7426a27f7fa,15,81,1215
c3b778b0-5ccc-4a27-b999-f3f595fe33b2,f6a1593a-28b9-4e5a-9149-95de86ff66a0,70533f47-91e5-4c2f-ad30-15b991a6491a,95,68,6460
4eef924c-469d-44a8-971a-a85a042def7e,2e37538b-ac63-4daa-8f6e-9c263421f217,edbd659c-8158-413c-b3cd-e8b13e2a8b63,62,60,3720
54df7e63-b873-457d-9d10-b6b673064bb2,1f6faf77-d7c4-443b-8956-38ae1b97705d,9ef714ff-5bbc-410c-85e7-4e464ffc184d,44,37,1628
dbbd3313-1b9f-4df1-8d5b-96c0249678c9,9f484c34-18d8-4499-bdbe-46f3b0c630a7,bef58879-9b4a-496e-a49b-6d98fd995dc1,62,79,4898
074b6ae3-adc7-4e7f-b687-88e986ce1d49,29674d47-01fd-4600-a86a-d3c0aa002779,3c336928-e13f-465b-a330-0870789845cb,64,11,704
13504560-d914-4add-94c7-d5141cc60320,6ef82e0e-d523-48af-8525-87f74ecde052,ab0c2f2b-c272-48d7-a11b-14f804928203,69,46,3174
43151d0f-32ca-4857-b9e4-e8d38fefeb1d,26b4f3d7-9300-4e40-b9f2-68bcd11d74a2,a0766664-1e35-4ae5-850b-a7c85de5d8fa,75,45,3375
1855529c-e62b-4d44-b892-31f6a09fdef9,868f3b02-3de2-468c-ac15-ff3df7e1eac3,114836da-787c-4a54-bd6c-3c7f6e4c9861,25,95,2375
99ac1f41-bda7-47d8-bba3-8bcca7249078,961a9dd0-0d28-4e05-947b-dfadb81eef11,7d6b3ca9-9f7f-47d2-a6cb-3cbabaf5c4a0,28,84,2352
d8dd9f9a-de7b-4793-9eb2-6d8eab667aab,1dd06976-3dbb-4459-8eca-66b887a55403,00e41984-e9b7-46f5-92bb-f7656fc69716,54,28,1512
706a9270-b49b-45e3-9906-9f1ba8cd4735,66523cf5-1462-426a-96be-c5c4f66c54a0,74dcc1d6-4304-499a-b0de-914b278e531f,94,26,2444
6bd005c2-983d-416f-89ac-439f62bdc840,882f8126-54fd-45c3-8fce-d64ff990fcd0,17e3da78-968e-4d57-b0b2-ab814ed4814a,13,95,1235
f51e99ad-34b2-4aa4-a54a-fdbbea0e3e21,3cc89f22-bebf-4bef-b219-5f348cf1fbe4,bf26afb6-5e9a-4dbf-862b-344ac9ebe295,37,64,2368
fe1f16bf-0b96-4a61-b0d0-44a817fe9a92,b29c407c-0a89-4395-8e16-630edb1023c7,f875fb22-0434-4650-83c7-18d312d51338,9,32,288
1d2e92ec-c1d4-431e-869f-0edc3302d0bd,329919d9-2e44-4e9f-8a4b-87ac230b8c3e,911c1d48-db7c-44d8-9d3a-ecacf8d9e4a4,10,29,290
a0e5eeb5-4ff9-4d29-af43-6762023d5a65,236339b0-1975-4c5f-824d-8cbbfd3d97e7,2a5275ed-87d2-4bc8-a0c0-a1e831c7c0e3,22,100,2200
a72ab6b1-edd3-4486-a898-98895fe5e650,f2812d18-cdec-4126-bb0b-af4da41c614a,66a86642-e4fe-47fb-b6d8-edf9fc730ab5,13,56,728
19679cf5-127e-415d-96da-3113a2134341,23b0abb5-0d5b-40dc-90ef-dcb51731683f,1a63048b-838c-4ce7-bcd2-e3bfabe465b7,98,99,9702
a2aec847-b707-4bbb-95f9-4b456a4fa29a,21c17e3e-2070-46a8-99e4-a86632086490,3743e519-1db3-40e6-9ed4-3d0a77d909ff,42,26,1092
3925e1ef-c90a-4324-827c-998c1bddd6e9,844e7c78-2838-48b5-837d-e46a9d80896b,25a143af-b720-4732-8374-431f91775bf1,6,39,234
7627e05f-ba66-4d1b-93a2-1c60799d6470,164d2931-2f5d-4cd8-b879-a45f0a154486,4c341717-8e9b-4396-b08c-558a10a69944,16,96,1536
25100750-7131-4453-9567-29cb00571969,491bfd74-8bd5-4e9f-8bbf-02d54818aa52,9c3b457a-e5a3-4173-a637-a638e36686ce,90,37,3330
30274e69-eab2-4868-afb1-48a6569563f7,2c5d7256-86dd-4172-80df-4e8b5d46951f,346eb4cf-d0c3-4f89-b055-002aa718a21b,32,12,384
55512eb3-0cdf-4e3f-9883-95ce5acddac1,73afc006-f5d5-49be-bd27-709878badc5e,c9c51721-04b4-49e6-a122-66571a5a7416,46,72,3312
6c676fac-4fbf-46d5-9e9d-1ae5a2b7d1fd,c82121f7-6111-4efb-8c86-4f869aa50262,14784935-71ca-48d8-8582-40f104e83c5e,34,6,204
f0ddf2fe-9315-41c5-8ff6-3c05dd7bb8c0,8b588e49-57b6-4a48-8220-f28f77c2368c,c15e20e5-5e3b-48a1-b193-76d2b2eea633,72,28,2016
2edf9148-4be4-4730-89db-0731e647ab5b,4258fa5f-6d94-4ca6-968a-0f86d633b324,6e4a31ca-d13f-4a8e-9076-c531e6208b37,100,78,7800
1a4a4a89-5022-47fb-af65-a28ae7031df8,c6ffe540-949e-4196-a4f0-c9ec4410d9b8,26f60767-87b7-4d28-919d-66ea7946e243,96,59,5664
b1c7a4db-072f-4ac5-8971-a6f8cb1fed0d,3422fbad-56f0-477e-86b6-e24488a22932,73234840-8979-4008-a67c-99040aa573b8,62,74,4588
a7ea4d10-b0e0-4b3f-afb3-6b111996a299,04117be4-5f58-4b4f-a536-9b989ccbe335,77a08f26-9213-4932-b067-0141d9fff324,5,37,185
80a0899f-0866-4da9-80c0-0d1fab3f43a4,97ebb78d-3596-4550-bd2e-3cf469c82cc6,e1146eaf-ccc4-476a-9277-c0959b405f9f,74,54,3996
4b652d87-6413-412a-b38d-cdd93e1d17a7,b391fe88-abc8-413f-b6be-b91af4d386f3,faab2ab8-50a0-48b9-87e2-b15e8f6098c7,88,38,3344
8b357b6f-2dce-44f7-abe7-9118af45db86,66c1b793-040f-4c37-9a70-47febeefc069,abf429db-8067-47c4-a168-56bd7202a4fe,1,42,42
7a66040e-8e6d-41c5-944f-44d83be7c490,4a132dce-c620-4b46-be14-996cc0648a59,2463a28f-e448-48cc-8ada-44dcc20f28b5,24,71,1704
2825ef38-8023-4614-9ec2-36e2890de0a5,26163d2a-c3bf-41aa-903c-a33d9ca50954,148174c3-182a-45f4-80fd-575479d6826e,65,35,2275
71103111-b7fe-4a4f-911d-4fba98f9998b,1217011b-f544-4747-925f-f851c200133c,8b7ee34e-0d06-473e-a6a7-5206388132c2,2,21,42
2f7652bb-7cdc-42fc-9b3d-9e96b5868f24,304cffbd-1f6f-44a5-81fc-eafc6d525a6f,d48963cb-8794-48c3-821b-937d823b006e,12,57,684
590a596a-ed65-4256-8d34-e2ba7f4a4275,a6588969-a134-4517-bd0c-a896198cbe52,18d80e04-3532-4ff1-9a12-f5d1fb07133f,50,74,3700
1edc2133-c444-499f-8c98-24cfc48fa2b5,454d0053-fecc-42b6-a88b-7b2eaf41567c,c2426a28-1c93-4121-a64e-22574ee8aac4,79,24,1896
3b52b187-dc3c-4474-8ea0-e0564ffaaf29,05ee923f-a78b-4a2f-a842-f3a605e7f95d,dd2fd58f-6ecd-4804-b88b-e3521bb512c3,22,13,286
cf65e459-17a4-47c7-838e-78d2453af14c,3518be8e-2d46-422e-9496-dfa5bc325fec,1f4a076d-2ae3-4cd7-bfd3-246154d65f76,3,98,294
e6231f66-324e-4423-b656-d5605cb8de04,8d25b9ee-65b0-43f6-8f6e-d0b9c98c2258,25eaa58a-4996-45cf-8ea3-d6518d6d1913,52,3,156
c72308b2-f3df-46a7-8dbc-b0ef217b2990,b0c8964e-340e-4f1b-96fa-7e6353e04108,900d3ead-1ae1-452d-b8fb-fa5349c213b5,7,59,413
13642d77-4af9-4cb8-bf7d-721e891d79e4,e7d068e9-d6e6-47a7-8701-f1add3c41bce,d1e639e1-ab41-4d0d-9472-47271f6f6f85,19,94,1786
85b4f99e-5034-47a5-9fab-c6caa83a5c5d,edc336aa-2d34-42f3-9db5-0d7248c5b832,99477246-ac7c-41ee-9531-accf8ea3abab,75,17,1275
98936fd8-baf1-4940-8e25-34f1f75c1c87,53c6d2a8-842f-4a83-a9fb-82686ee48b19,ee79ba4b-772b-4cf5-af1e-e436c16561ff,35,41,1435
cbfb9037-43a0-4144-99b8-1bcec9f440c2,4892c452-cfdc-4a09-b8d5-1897a09bdea2,15a0100f-6b79-4b2f-83a4-4db6134ed7e0,45,51,2295
7b2f6747-832e-412a-853f-b04754419e67,6d251eb0-f887-4d4d-90ca-da0c8c96f548,d5b91b12-7bc6-40dd-ac63-ad8f7a2d1189,23,81,1863
38b1e035-5531-482f-b365-1fa03451a687,d8eac1e6-4148-422a-bb40-84bd4cd9b3a6,2ab80afb-c2fb-4439-ab90-6533fcb3c0af,42,29,1218
b3291a27-64dd-48be-b2d9-0efe10add2d6,28033cbe-51a0-46c8-a2dc-50252c744679,c1407fec-d604-47e4-a0f3-861088884618,82,31,2542
89b48e3b-98b4-4435-9756-2695ae3976b5,3616aea4-9dcc-47cf-bb61-115a311b7801,550f5697-0793-4af1-9003-cd72e92ef6c0,96,14,1344
a59b14cf-862d-452f-bf0f-991fa6a6fa48,2e2b098f-a657-4bca-b728-8225351e3f07,de64e436-97e1-42a0-a9aa-6b5723a51a81,98,57,5586
26c80b6c-81b6-40fa-96fa-db85c4889874,d96eb8e5-95d6-4385-9759-fe326597e751,e64221f2-95f1-4722-864f-56aab9fea107,67,45,3015
a167b25e-a663-4095-a130-f714e8e05e73,50ddcebf-9cb3-4f97-b58b-78e5dbf5d5f1,633e50d6-c557-4cc0-ba2b-a66173f4ecc9,82,37,3034
bf550f66-a43a-4849-9c68-3be0262e82cd,4d1dd5fd-8ab5-4658-8709-c519b40f5e19,7e4313e4-345c-4a8d-aec6-1e21d863201e,7,53,371
eba98449-fed9-4843-a832-732233fdddd5,b29c407c-0a89-4395-8e16-630edb1023c7,4e72d160-efaf-491c-9b37-d5e71bc9cb71,77,10,770
b2fc5062-5e31-457b-b290-2c99561f555d,44fe68c5-967d-4fc8-b462-01e4a6b0e052,4e292fac-6ed7-45eb-acb4-4b5a11631129,41,20,820
8c14e59b-d4cf-48bd-bc45-f05ae3e9d5bb,c7c85a7f-6d64-46e4-9179-30d92920e007,3dacdfda-dbf0-48ba-bddf-b4157bfb4693,88,14,1232
faeadc96-3789-4e47-9336-9b056e284305,7647713b-aed9-4db4-be60-af5a720be908,3789c14d-0c5c-4b7f-a045-d9ad0bfd2ca8,36,58,2088
c6d9f25a-334d-4b02-8600-8250a0ac5265,8c40a502-592a-4b9a-8d8e-15ba4b04fd36,066d79f6-0e96-4116-ba07-741f38cad82a,87,56,4872
2a4a6a79-262d-4ad0-a944-0cbd369a14fa,a0afcb92-403d-4a3c-a2b2-514619551f1d,78719247-d8a3-43e1-bb46-0e269ebeb05f,7,9,63
a889c928-7c33-461a-b6ee-22592f8e95b6,48d78704-86c2-49bb-a43e-0b114b38c114,9cdec7b0-4e61-41a5-9a10-068b4cfd18b0,82,31,2542
14c94b3c-419f-4d31-9b22-5fb7326bbb8c,156e7411-d632-4917-b4ec-d49980dd7a7e,bb1027ac-34b5-46b8-bb1b-9749237067c7,72,47,3384
e7fef7a3-a0fb-492f-ac5d-22cbc03d7f83,3c7bab32-1b72-48de-b574-6480e050fc82,aa6713f6-0db3-475f-9902-bfa4c85ac8e7,52,64,3328
f3807fe5-5fe5-418e-8039-769496ee3bdc,e7d068e9-d6e6-47a7-8701-f1add3c41bce,b34e9314-4736-4cd3-8c27-6cf2f8841954,18,61,1098
204b1abf-efa3-4d63-bc1e-39365f87993e,58a266b0-ad03-408c-9df7-0f076583e478,dea8a802-bf8c-414a-92fd-07392659b592,16,46,736
f1a56312-75d1-45f9-bb15-9655b448e454,2da8401e-06af-4687-b726-03d21a8c3be8,d4489fb8-beaa-4419-80c6-651544bdd49e,54,77,4158
48655648-4e2b-4f60-9c70-d3fee39637bb,f18ce207-7a58-4752-945f-64877d48f7b5,3a61d636-70f3-465b-80eb-bd3de18e0485,85,60,5100
17df3df8-5d0a-4859-95e5-52b03b8854db,4474a5ba-0cc2-4568-a538-1c2999c5394e,4eee93dd-7fdb-4adb-b23d-a153ab522cd9,79,10,790
16fb4a01-ff76-4406-86fa-693eaa2d9c76,5e81fddd-8ad6-4c85-b28d-46707f5a7448,7e6548f8-6b6c-4326-a5bd-6610e4d3e53b,35,7,245
14956fad-0e7a-4b6c-818a-eb4bd698398c,7a317c53-527b-46fd-87db-834dd83ff792,c3b1db21-b042-4bf1-b7a7-cf5b7559b6aa,98,74,7252
a29fc1f9-fa9e-4170-ba52-65434da9955e,316b2ce8-e85e-4775-943b-2142a4cf188d,a013b852-6a9d-4236-84e5-db46ed314a29,7,75,525
d8c1975b-07be-4d9a-8aad-708361f7709d,2a30236b-23a1-49b7-83af-4a2c3b08c739,fb01a885-93c4-45ff-8e4b-29f16ccf0d63,95,34,3230
5feb22d8-a0dc-4d0c-a8df-6ff2f0e018fd,b29c407c-0a89-4395-8e16-630edb1023c7,00ca75f9-05b3-4012-afd1-d4c02b059850,84,90,7560
ff303550-09d8-4a6f-8354-5f8262a5a290,972ae1de-25a6-4ffb-ad73-1299e905fcbe,9dc8e0ec-59e7-4e2e-bb63-64cecf7a1371,46,23,1058
0d4b201f-b5ab-444b-9504-2ea07303db66,a242914f-25e0-4c70-b89e-3b117ae5b29f,ee004b52-90ea-4e91-aa81-9f8a1c80a497,79,44,3476
698f204d-a281-432b-b884-0848080b8d0f,0d867c97-fd57-4b80-9de7-b25f204dee65,e629bab8-eda6-41ca-8ebe-d404ac51f205,46,25,1150
e0a9dec1-d1a5-4cbb-ae1e-dd50b1ea9566,c36b61c8-bf37-4250-8db0-4caa0624d1b9,8db4102f-577e-4ce3-8761-a3a0f720719e,84,41,3444
befa0eb5-76ad-49a1-925b-f67cafa51fd5,37706947-ea12-4b71-8825-78c9f32fcc87,a04a2ae6-c1a5-41f9-8cc9-728b6b30ce36,26,83,2158
a1f50503-20fb-4d87-a6d5-9383cab575bb,94828428-ec90-41fa-8783-9884017a32f7,268a50b2-aa35-47dc-9657-dabd9b3e3d4e,23,68,1564
7e668e4e-8cd5-4cec-a428-6f1c57506530,57b9f3f6-d51a-4ee5-8aad-a099e26506d0,a95683cd-6987-45f4-b23b-7880247ea3fd,15,17,255
9689975b-b0cb-43c1-8170-4c152f2f9311,040cfea3-e446-422c-9496-31bd873f67ed,773ec569-6d40-4638-a6f0-599b356bd5c6,9,4,36
cab838a0-9f34-478d-ab52-73f81beacfaa,ae858033-62eb-42da-aa1a-61961285504b,97c984d1-937a-4a66-9aa6-e113bad15a7d,31,27,837
08af7620-a19e-4613-9497-cc984b4bfa71,3c1babf4-71a2-4526-9a30-ac31eb6cbd76,9bb3b810-03d3-44cd-b84d-867efe687d02,39,99,3861
3bb834e6-fac3-4f27-a78e-e88d7f55fcc9,20522c6c-03f0-41bd-a3fc-25f1d673405e,9a0621b3-2cae-42b6-801d-094388584f1a,82,62,5084
ae94112d-bdb6-413d-b3ed-b263c4008911,164d2931-2f5d-4cd8-b879-a45f0a154486,7ed06881-319c-458c-a335-ba4a9f21174e,64,63,4032
683339b9-4578-48c6-84ce-b6d961db699f,4f443193-a24e-421e-b8fb-182b62ce45d4,fdaf2540-ee3a-49aa-ab08-07341fc0a4ac,84,27,2268
9ab09921-ddd1-4033-bfc6-785ba5b0a67e,ccf04c2a-ddde-48b6-a5c2-4b03c92efc50,837623d3-d3a1-4097-8e57-47c7b4b37199,22,31,682
15b4e025-74f5-45af-8221-d420b1673f0e,617239c8-ccc6-4461-87d0-fbec0e1895e8,bf23c4c8-f7be-4770-aab0-6bd27f362f88,68,43,2924
97aec839-1aad-4e2a-beda-f877fcf21a69,f2009a48-90d1-4703-8b5e-60ca01e91d61,172864d5-55d1-4d02-9d02-0d0e82d3fd57,5,73,365
14329c60-4094-4fda-84fe-6e8bb2855a8e,23af181c-211f-4857-b3d5-256624e369bb,fb036033-9e9c-425e-b62e-88eae161c5c5,24,84,2016
850d14f2-3f1d-4350-b82c-61563d1ff50d,8be5de40-461e-4112-b173-569096cb252f,24e560b1-9aac-466c-9296-a7f09c123b6d,17,43,731
561b8b05-966e-442e-912c-4605afc50fcb,fa36c792-2c53-476f-a393-e0d20aca9e96,4e792531-7f73-4569-b0d3-9c9b4f91c318,53,64,3392
1d1f9170-36c7-470c-9c86-9a0f5a53cff0,0c550063-3be2-4534-9e05-3a0dfc6fb897,4f4b09eb-a79f-4090-8704-c78cadf73bc5,98,9,882
cc95ba2d-06ae-4c35-9f18-83a8358568d4,cff72f93-22bc-4664-83da-4eb117a7b777,e1205fb1-dba1-4323-bf45-c05c4838cba8,6,32,192
8a3f1c6a-31eb-4673-9b8a-9e7646822dfa,1a7e64f0-6e4e-46b0-9820-3cf8725bacc0,0511361d-b16e-4893-8aff-34040041b1b4,74,96,7104
2d4852a1-708d-415c-b6cc-bd18f9506a04,010dc2fc-a4fc-465f-aeae-175ccb73fb8f,dfc260f2-8970-4922-a636-99cba881901a,60,29,1740
011eb064-4e44-4a9f-bc35-0f7f8add937a,961a9dd0-0d28-4e05-947b-dfadb81eef11,20755692-a85f-486e-bebe-8bb5820c41c7,30,82,2460
4fc04b21-23ef-4f9e-a165-7be18038876a,f6dd31d9-a6b8-450b-8fd8-a053fda30f14,2015f145-315a-47b8-87ed-7cb96d6e81ab,80,34,2720
fbb94d28-31d2-49ff-89aa-cd77f3e422f2,d0eb811c-b580-4e32-ae7e-45fb0d99ab58,46580981-5b59-4cce-ae21-e58291daf724,77,68,5236
92943bd7-5a78-41ec-96c6-5576a1cd25dd,57893860-f62d-4f58-8f25-95935a2f2837,f8f07259-a757-404f-8c92-07710d242cf9,71,19,1349
31e88a88-e947-40f8-a741-234815fcb6a5,42fc1218-6db1-468a-ad73-da63e2dba3c3,a4ea9f0d-fe4a-4a86-9729-3b80e7d6a231,100,42,4200
fe0b9774-93e2-475e-b410-56a7c08c6a17,3ffed84f-be97-4cdb-9db9-01042dfa4140,26246f41-1cd5-4935-aecb-79147e485294,68,12,816
04e6015a-672d-41be-ac65-438a89fbbb87,236339b0-1975-4c5f-824d-8cbbfd3d97e7,0af598f7-c37c-4c3e-b33e-54d35f7678f7,76,89,6764
955b89d8-f994-4852-8e85-15084fa551e0,745ed8c6-282b-46cb-a655-a325a2484d24,3da2d15a-8fbf-48a3-841f-786ddfe497ab,17,91,1547
e576929f-00ce-48e3-88ab-bf0a83f9853d,157541c8-b7d9-4ef5-b13f-6f832510cbbe,b2da655e-e602-4102-aab7-e97a6b080df8,15,84,1260
9c475cd9-11ce-4c74-a6ea-1e44ede191a4,ffbcdd5c-c158-4652-82e5-620121799add,27d39806-c813-451b-9c27-a94624751bbf,63,90,5670
523961be-2b7d-486f-abef-332cae789f73,d03bed09-7e52-415a-b465-6836fa531ee8,77bba870-ffd6-432b-aa84-b1c972c4a5f0,40,6,240
18f055dd-ec9f-4e5b-94b5-d81e96ed6f88,7ad7f4a0-1322-48d8-9443-a76e7e782ee2,13b1d6bc-d055-4644-b2d1-53d19e14f73c,46,90,4140
13622e24-7a19-4865-bb73-e87dd4b112ea,488059f1-7ce9-4fbf-810b-78a992ced028,ae23e29c-b426-444a-8865-007fb381bc2c,57,60,3420
92a57994-f4a3-43e6-b2cc-1fc43c9d6e1c,b8de0a2c-a157-42b5-9b39-5fd0f94596ea,bff56621-6113-472c-bfa3-dea40ced3905,54,28,1512
1850caba-cd94-48a7-af0d-a58cd1d16ae2,44fe68c5-967d-4fc8-b462-01e4a6b0e052,15a0100f-6b79-4b2f-83a4-4db6134ed7e0,81,60,4860
872cdb16-9598-4123-b537-f2c83a935fdc,73eb17f3-3b57-4e0c-ac31-539fd39d2a5a,9b90beed-fe4e-459d-987a-2e3a18d57428,17,57,969
5273f1fd-ec51-45f1-8ecb-c7ecd5cdbed5,258932fc-a8f8-4004-9fa3-679480074ab9,00a8d45b-457e-40fa-afd4-8e3a6114aa15,60,44,2640
710e69ab-c312-486c-9878-e823d16aa2e5,5ca86c84-9462-435e-b7e2-b1a3498a1b7d,cc09d343-ecd0-477e-b9ef-163f0c99b813,91,69,6279
95c19285-cd28-4942-8729-70aaf96547c7,2e06fc7f-e0c3-43bf-97d4-1067c788a309,d8ce00e6-089f-4973-a288-51a47d6562d7,23,45,1035
37f8d398-3580-4377-b85d-3188b533eb91,28033cbe-51a0-46c8-a2dc-50252c744679,2a5275ed-87d2-4bc8-a0c0-a1e831c7c0e3,25,28,700
1d5fcb91-8bad-4f24-9a31-35466a03deae,23af181c-211f-4857-b3d5-256624e369bb,f326ee5e-9dad-4a78-8327-cc7f2316bc9d,85,63,5355
25eaf754-1788-4ee4-9941-f536c9610655,787e5b2a-3039-42df-99f1-4113c1f61372,8316844b-2b88-4d4f-8734-564ba544d79a,16,6,96
81e5354e-2b62-40b7-8d41-ba45d54720ed,13365237-ea57-46cd-8d84-1c31cc16b028,de374c75-18d5-41f1-ab81-6118052b1aa2,80,44,3520
2a8a02ac-465b-4c15-988a-37626ae700a6,9e41aa62-8053-44c0-8ba0-18a5ce749070,148174c3-182a-45f4-80fd-575479d6826e,9,25,225
21a3dd14-225d-4a44-9ba3-84a9d80480b8,825489b3-7e69-45e5-9149-407cc792312d,7d061736-4f6f-4df8-89d7-9539f284e703,45,67,3015
95b6f293-a0c5-4558-9131-2e64786ddd44,c9d95c94-d7de-4961-a6f9-7d5d9e8c6367,57929350-df94-4d70-82f3-e2edd7ade59b,35,16,560
52803fb9-7e46-42ae-b759-2416f7781b9e,e9292454-5da4-4ce0-8f58-98c706bd64ce,1bf2abe1-fac2-4e31-862a-79aecdea1735,22,27,594
83e33643-ff17-4fe3-8e53-d7ba498a0503,bd57b605-ef15-4a3f-8c61-58c0acfb390f,37d8b136-765c-4228-9973-1b9241199d1c,11,50,550
03337bcb-094f-4020-9f34-b2bbbad18dbd,53c6d2a8-842f-4a83-a9fb-82686ee48b19,7d6b3ca9-9f7f-47d2-a6cb-3cbabaf5c4a0,77,17,1309
fed1f88a-ce11-4c1d-9f5e-ffdbcc318d9a,30fea46b-ff33-470d-b200-2ffad1c732ac,d13c8c70-16ac-4f20-8d52-b1f03eb5fa08,63,30,1890
f53242b2-4c54-49d8-a30f-63177e275b59,258932fc-a8f8-4004-9fa3-679480074ab9,14660531-7bcb-4996-9ecb-ad1b06667433,37,47,1739
7f2bbe43-525d-410a-94b0-dc1422875e50,5b941c48-392b-424c-958a-f3bd54aa0736,af69a94e-43ca-450c-a425-5e9950d33ecb,59,74,4366
cb6f7e02-901e-465b-b91d-04deaf1a33f1,af593a70-fe0e-42fd-a3f1-d789a61c55ef,e7911a1e-6b8e-40ff-b6ce-24590cc6a131,29,23,667
5d55ad44-92fa-417c-8960-54ac402481fa,5ff9e8cd-51db-4344-9775-47a4f8c55daa,235391df-48ef-4f7c-88f2-36fbb9624d5a,25,65,1625
fc38c6ac-6f74-4ec8-89cf-bf965684777c,329919d9-2e44-4e9f-8a4b-87ac230b8c3e,09884ebc-ff20-4793-8759-e652475aad3b,9,33,297
34aee117-8092-44a0-aa09-98b29e1dd697,a70f8cf7-576f-45a7-8e91-a4488a91a223,805f00b0-3a4a-489b-a099-c3d1a31d91f3,85,65,5525
1eb745b5-f531-4eda-8137-90389ce940d1,526c6bdf-f0ba-4c0d-ae8b-df82731eaa7f,3cc740d5-9bdf-46f3-9d60-6eb53c936606,64,90,5760
83cf342d-be5a-45d6-90d8-316f2e4136dc,ac3d9b3a-505b-44a4-9ef8-445e6016ff22,37f03515-3f87-41f6-89a7-f1482943e552,77,52,4004
1b1bb1eb-6508-4bfe-b45c-f4d98d6dc30c,e34105d5-b7a5-466b-a04c-74dc215ae251,14bc6ba1-2152-4112-8e4e-bea523ba24a7,82,92,7544
7fa25ed9-bb83-4060-bf8e-e2eedb653de3,5abead2a-968d-4163-bd14-ca15bc4f8699,2ed64cdc-a8e2-4c2c-a2f5-ab001b81cfc0,5,91,455
d5705a95-8877-4fdd-a1f5-b5887d1498fa,a142d01c-82d6-490e-bb75-1cdbcf02835e,953b4a92-8146-4b55-ad20-4ccce2d2286d,62,24,1488
52130470-2939-4f5f-9ab5-4caa552d24fb,3ffed84f-be97-4cdb-9db9-01042dfa4140,3e246bcc-d024-4a03-8431-827de1899d2a,90,80,7200
6c8a0ed0-25b9-4aa6-beaa-d29f4184528c,92dc223c-a7db-447e-844c-64313b3d4e29,15748801-6e7c-4c64-a8eb-90d48011abc9,17,89,1513
0c0dfebe-4f5f-4fd3-b2be-1d464f87261d,8f36a61e-4742-465b-8856-b8a1de7b668e,805f00b0-3a4a-489b-a099-c3d1a31d91f3,83,27,2241
117bca81-b431-4882-a366-c1fb26f73698,f6f428de-c988-4bbd-9ce4-07621c980512,807c0574-91f1-40ec-83c2-10ffbfc5ca5c,48,41,1968
fc3f95fa-56f6-4ef4-88aa-fc189a2c2081,38ffe759-abd6-4dc1-836a-9446f7391038,76055e85-0ae9-4214-bc18-834a5817ad67,38,66,2508
ba8ccabd-5c6d-4019-9486-4fd3c1fa407d,834a685d-2a1e-4db8-864f-138012c70dfa,9b579a48-bdc7-43e6-bad0-2b0f5cc3a85a,46,90,4140
77553bc1-cfbc-4a2e-bf64-a0dc3fc65951,29551dcc-9141-459a-92bb-d2c1521dc768,58be1800-913d-44f1-beb2-57e8a6c22203,63,52,3276
a1a99d58-814b-4ded-8574-3bfa7d1a7a62,de989ffc-2ba0-4ae0-b0d5-cafc72099d55,9830ff11-4e40-46b7-ad4e-37a1f7d22b68,80,77,6160
eac77c52-7a91-482e-827b-12fa64d43eab,ca3c9794-a963-4a7e-b981-055e2f7fe1be,e623cb4a-cc1c-477a-b6cb-9b2cb314f9df,1,93,93
690d1cd1-56a7-4c8d-9c5b-ad1aac054379,3b0a86ba-6995-4dbb-b289-b4a6b27be8b6,2e1a8f79-f72b-4782-9fa5-3ca1afb01a1c,71,67,4757
9f3d0651-3035-406a-b208-7a05e8826e39,d9125180-c5d5-483d-b170-5f6c3da6fe36,c1d473c2-550b-42f9-85df-332486868885,76,6,456
3b214163-492c-485a-9526-cbe7a22b2bab,2cfbf73d-d425-4b26-a03c-3c5f86b61030,ed5eb640-6398-4aff-90b9-5edfbce9cda6,95,62,5890
e6a2dd94-adcb-4e45-a0c8-5b884fd54680,0dc133f1-7c3c-4a08-aea9-5d7b9b3eeb35,ff6dca25-6b17-4d9b-8619-4ee078db7462,62,51,3162
582403c5-8e02-45ea-b4bd-a756b9be79b9,7c840b68-6ae6-47a0-bfd4-5640b3d21550,9b6e04a4-49da-44f5-ac30-c152592f429a,100,67,6700
578d93ff-2dae-41da-bf83-8ef216733157,0c100290-129c-4b90-b9cf-b2f255a35c6d,20001abb-bacb-42e1-9f53-70bc0492db3a,41,45,1845
e93499f4-c35e-47f1-b6c0-103ea245f921,76bcf362-89e8-4630-bafb-3998be027d20,9a42633b-56ab-4337-8754-3a5c13d6a44d,62,80,4960
0eb14253-4f97-4931-b4e2-f810f1e7245b,98f56bb6-9489-4c79-a470-3d91f83240aa,561d48f5-9b17-4612-8adc-f27542d477ad,86,93,7998
099dcee9-b162-448e-a4bb-cd91ca00d4e1,335180ed-8177-44b9-b8ea-68a54638f82e,74dcc1d6-4304-499a-b0de-914b278e531f,78,63,4914
fb657922-994e-4f05-abf7-e8ba1a7236bf,e74d015c-2676-4eaf-8084-dda245e94e0f,9bb3b810-03d3-44cd-b84d-867efe687d02,87,19,1653
b13c8405-3598-4593-b750-e77a49a9030f,91a9e8bc-e7ee-412d-876f-5c5d70bc6928,50a13bc7-c2f2-4f01-a04b-e8ae3d9adae5,49,100,4900
39a475c3-5a06-407c-871a-daece13839e4,ce87e400-434e-4752-a47e-f900a49b5dd2,d6753ddb-127b-4b43-9037-59b6c84fc524,85,75,6375
69b3f636-2141-4671-8e8c-3f6c51399568,60cea942-424f-4757-acdf-a867cf79cde2,232f72c0-98aa-466a-943d-1a25ca6f98b0,13,87,1131
ddb63dbd-0aed-42b3-8839-dc6ffe619bda,3c7bab32-1b72-48de-b574-6480e050fc82,8cbeda41-0b43-4976-9206-174f1eb2cab4,30,55,1650
89c9e71e-f3e1-4977-95e1-30369e5c0d17,7791e9aa-5713-4206-8fc3-b66bf6cef588,831c5bfe-0de6-4c3a-bf1e-0caf3eba8841,12,4,48
16777894-d652-46e4-ba9e-59da738befb9,b198fe9a-a5ed-46c3-9e18-a155976d558a,b2e98e1c-1a42-45cd-94e0-f693cd5c8a94,46,5,230
11d5a01d-01cc-4a3d-874b-1f97f4594a1b,3f4fb957-445e-47bd-82a0-e764e209e29a,b2da655e-e602-4102-aab7-e97a6b080df8,28,32,896
73108dde-1af8-49f5-a45e-35de9b9036cf,ae12eb9a-9d4a-4d70-b353-9eaaf9d6cbdc,859cc972-a6b8-4ad6-91df-a34bfa0d9694,50,54,2700
6ba1819b-83a9-4f00-8371-95ddc163d1f6,81b2a9cf-be77-44e6-be7b-8ec1272e592b,2dba3ed2-21b4-4401-b653-32d7fcbbfc78,75,8,600
8b5bfdbe-a8ed-4c45-bf20-afc3518f7e95,1d55ff89-b504-4c83-9629-2045e0ad61cc,06fc60d3-3a7a-4557-bf94-951221fad395,72,56,4032
fd361ff9-1f4c-407d-a070-db544d851d34,eb713971-3b9e-469e-b5e8-503d4d73f547,8b190e86-1c0c-48a3-a18b-808c2e7cd35c,18,7,126
882aa8fc-d6c3-429e-bd95-19efde06be1b,eafae743-2a80-4703-bbde-fba8989b311c,9947691d-aef3-44ce-b48b-efec44349170,31,43,1333
67141e40-3286-4a55-bb49-257b92a06bfb,9d337328-c0e6-4e43-ad02-ef25c4150e69,dd2fd58f-6ecd-4804-b88b-e3521bb512c3,71,39,2769
a1296719-a748-4ba6-8a3a-046a3be5bbf1,20522c6c-03f0-41bd-a3fc-25f1d673405e,bae8803d-e469-4e90-8054-cbb13977219c,24,64,1536
013b6d55-e23e-4537-baa1-c7509960f860,5a36fa76-5b32-4140-828e-4f000ddac9a1,a1704ffe-e9d9-4f19-9dff-94eca5cd1de0,100,95,9500
de4c1e01-d490-4469-a3b2-1769f2a3b88e,38ffe759-abd6-4dc1-836a-9446f7391038,ccd6c184-a816-4b63-a461-dc05159e6c8b,50,95,4750
a61063bb-10f2-4f36-9cbc-783ddb242e03,df7541fc-4a09-43f9-9ee8-4f0c16104aac,058cc29e-8a1f-4e9e-b743-2a8ec1b8d7e4,68,44,2992
4e0f2753-1904-411b-a562-6b561139c3fd,2cfbf73d-d425-4b26-a03c-3c5f86b61030,493e7a21-2f06-4402-8e18-57c78efbfc85,30,84,2520
3baaf050-bff7-40c0-abde-acc3dfe4a2e8,fbbc9817-1e6b-47b0-a400-f37dd6582888,9f4d5145-b0f2-4811-8457-4eb74a799462,46,69,3174
78e4022f-5362-4299-b0e3-f0561a721844,c47b01a6-5e61-4445-9e28-4c4a7fd00b6d,6afcf166-ef32-4fcb-b672-e60e1d484b4a,60,88,5280
246ed635-0721-40d8-9ceb-579ac67cf5c5,d96eb8e5-95d6-4385-9759-fe326597e751,5a12ca67-6172-4982-bd79-2bb2988af85c,44,97,4268
5a977ca6-dc04-4c53-96f9-89f9b9ccec1e,75d1c804-72d8-4a63-995d-f74110e7012d,bacda0aa-247f-4df2-92c4-839efc5b5f77,96,58,5568
f608d3f3-62a0-4e03-a40e-942715b231bd,f05830b9-6afe-4fb3-a6e4-3ba14abfe304,9dc8e0ec-59e7-4e2e-bb63-64cecf7a1371,26,87,2262
c9c143de-7fcc-4a1d-ab27-d3460433622f,ef400a6d-2e97-4d7d-80a0-8802f26f15ec,25405d01-f2ff-4d79-9da0-c12971c55715,70,59,4130
fd8d8894-fd82-48c9-a9c4-52de7cbdd48b,3d724234-2a46-4d89-bfab-26101869da1f,0de2774f-64ef-44f0-860b-e0eafd8835a5,14,17,238
d23860ca-c2a1-45aa-af7b-1397ef24d21e,a25c1503-f713-4436-a793-e2ef8372aa8b,c931e2ef-53c5-47c9-87fa-12769303092d,2,43,86
4b12ea79-cb94-4814-a646-be72f0baeeba,10bd8320-d2c7-4f9e-9565-47227b7462c6,6afcf166-ef32-4fcb-b672-e60e1d484b4a,67,33,2211
9470db06-a357-4589-bc8d-204f64e5c0a8,b7c094d1-0dc1-417a-9090-b0067cf9e48d,8d43d624-0081-4cec-8572-299cbdc9da9d,96,19,1824
5bb60d07-9afc-4bbb-96eb-416622368aac,58f60422-7696-440b-9bec-4743948fcb58,9dd1d97a-00b1-443c-9d23-0589b52e8df5,78,92,7176
f9052295-229e-4580-a02d-0e2e69804c08,b913ded6-9ff5-4d1e-8572-3e2b8c43c365,11ce7ae1-d86a-4dc1-a09f-6fc05a71a2d4,36,99,3564
35a6cde2-f63c-4bc5-9ecf-bc03f30cea3b,53151d3a-0e83-4296-9721-a49a2c13f9cc,9c6e2479-269e-4b62-aef3-f638afb94fb8,32,43,1376
d297dccb-43b7-4ef5-b5d7-c06efdde82c7,ae7faedb-3551-4976-bd85-e9b822cdde3c,1ecc27be-1094-4d1f-8e3a-62e9b40abf69,8,11,88
3b8c8c5f-5c01-4e0a-b9f4-5c5c398f7d32,b391fe88-abc8-413f-b6be-b91af4d386f3,232f72c0-98aa-466a-943d-1a25ca6f98b0,16,77,1232
c8554a26-b6f9-4987-a4aa-25579eaae4d7,0ae72b3d-f132-4351-83af-e0e9d2f45cfd,8b7ee34e-0d06-473e-a6a7-5206388132c2,4,63,252
e8d2d66b-413a-4ae7-b116-d3ac58e1932b,e8cce556-1a38-4c78-a4a6-501fe62270f1,e8cd2e98-2e95-437c-b42c-9eaf138b880e,13,84,1092
db6971c6-6e8f-41ce-8302-7cf48841834f,76d463be-1a66-48c2-acf0-940d325d88a9,7f581448-971b-4508-8dec-4580d34842ed,16,69,1104
bdc873db-4173-4869-b2a9-917abc1a0ddb,25c616f5-229f-46b3-9da2-575c42d17115,f421387d-8755-4a04-8c5b-89d2fa04c84d,77,69,5313
670564ab-3c16-4d65-a9d6-a6d2ff68bab8,258932fc-a8f8-4004-9fa3-679480074ab9,1a63048b-838c-4ce7-bcd2-e3bfabe465b7,34,30,1020
827c96da-7102-4d80-95d5-cb56c62a78aa,9bc59337-7572-4bad-a23c-2e4383f328a8,12776fed-da81-4cdf-9384-4fc289799585,49,66,3234
f1b97f1d-de61-40f5-b834-090ff07a317e,b881ebb6-c823-43a6-9e9c-36d8710e3608,2727d0c8-d86e-43b7-b1f1-e76be9664c9f,28,5,140
ebc26016-8115-4553-9a9f-eefd80d26ab4,4258fa5f-6d94-4ca6-968a-0f86d633b324,2727d0c8-d86e-43b7-b1f1-e76be9664c9f,98,91,8918
f4706d34-9cc4-4e66-a3d3-ace9f257e0d9,4474a5ba-0cc2-4568-a538-1c2999c5394e,9430f17d-af18-4130-8bd4-4b8be3266a6e,40,24,960
9dc5acaf-67d7-4411-b7d9-fcbf8ecb7c74,ef400a6d-2e97-4d7d-80a0-8802f26f15ec,02d62c7c-1634-4080-9a9b-e1a724787696,11,50,550
8eef3c98-b20d-4634-b0d9-f75024dd2e74,526c6bdf-f0ba-4c0d-ae8b-df82731eaa7f,b2e98e1c-1a42-45cd-94e0-f693cd5c8a94,68,82,5576
e175a605-be75-44d2-a753-e43a6d43f6a5,336c1eb0-3907-4be2-99f0-4d53e47f616a,b71d1108-ca8b-47db-8fd0-2b4700d6a17b,3,53,159
8e596c07-cafc-4751-80b8-c9b516908577,66c1b793-040f-4c37-9a70-47febeefc069,5da53e60-a6ea-4f64-b949-042af8d1f540,23,74,1702
55a0d44f-6f6d-440f-b916-da0935f8dd4c,76ce1f4f-696b-4c05-ab30-d75e1b71a969,0bfe0f78-4956-4998-b6a5-612f4e6f3453,63,62,3906
1156df5f-62e1-4e32-b344-de8ee25ff167,73eb17f3-3b57-4e0c-ac31-539fd39d2a5a,74dcc1d6-4304-499a-b0de-914b278e531f,88,22,1936
4980bd3e-bf95-4069-98f0-de5fa5c99958,4371eb65-56c4-4188-9bfc-0b0d691d4e3a,3d38da44-6c79-4be6-a05b-9679e47a4661,33,94,3102
5d2108bb-18cd-4169-9f7b-3c8ce638f0b0,ffba7c90-5219-4b30-9d9e-4e3e9d21e6ef,9d85cfa5-62c1-4cc9-9cc3-04e1c102f129,41,90,3690
9430953a-fcaa-4889-a6af-5df84c885ac4,ed4dcac0-e251-4f83-aa26-95b1e7f4486e,67eef174-5724-40d0-93c9-b3f060062b11,12,48,576
16238774-3b28-468f-b5cf-5383495840a8,7b95ab83-9dba-4343-801d-c568768e9fd9,65f65f7e-c613-4bf4-a1ea-7dca84594217,73,97,7081
442cfa3f-ddc1-4bae-ad4a-e1595fdeed86,12591b16-aee9-43e5-b8d7-a67b96e9c281,ecedf0e9-e1fb-4a88-8864-b2d4bb006a43,22,79,1738
22bad475-0962-4bc9-ae83-b07d99a10c16,904e70c7-af3e-4f70-8964-1e7f40331245,232f72c0-98aa-466a-943d-1a25ca6f98b0,24,58,1392
29b43ed5-d2e0-44b5-93ea-cd770c1d3e6e,24d242f6-5ed3-4355-82d0-4089b6ce511f,3b90ff31-1568-4fc2-88ae-09207a6f06a9,54,59,3186
a22d763e-aa71-4a31-86e4-cdb7b3b32e6d,648ffb0e-958a-426f-9b1e-8919295dfd4c,831c5bfe-0de6-4c3a-bf1e-0caf3eba8841,17,10,170
859bdeb3-b3da-4874-8030-4c6bb225c95b,880c88b0-4976-4d2d-9c9e-a10fb0385cdb,3e844551-2fbf-4cbe-b7b8-6bb3fbe67e58,92,61,5612
af111ce2-db7a-497f-856f-cd1b67cd799c,96c8249c-08cc-420a-9615-a574a023d05f,4d3bbad7-4a6e-4a71-81b6-87c5e6dfc78b,23,55,1265
6e958e7a-bdf1-4414-8057-13c9bc6fc6a2,e4091f47-9c7a-47f5-892c-f1b8edec80de,2ed64cdc-a8e2-4c2c-a2f5-ab001b81cfc0,41,52,2132
47d52d54-7d03-49e4-a054-e9cff0741ca5,a125ac01-4ec5-416a-96aa-08636d568a11,6afcf166-ef32-4fcb-b672-e60e1d484b4a,41,59,2419
8a170356-1b6a-429b-9479-be9456b1d487,50ddcebf-9cb3-4f97-b58b-78e5dbf5d5f1,a6431adc-e36c-41cf-a01f-7d13327e0220,99,41,4059
1716121a-6b68-4e29-aa71-5763871018d3,f7209742-ca37-457f-8caa-c957f1dbb03c,9dc8e0ec-59e7-4e2e-bb63-64cecf7a1371,96,72,6912
021a816c-8ba9-4ac1-8f29-1c9c394c1d52,7ea371e6-cfca-4a33-a26a-10e65d464a01,6d3edf44-54b4-41fd-82f8-f608b0261950,74,90,6660
2b6c3331-c951-402d-839b-2213eb0e0889,999d658e-88d9-4a3b-b593-9b80ba09a119,d8ce00e6-089f-4973-a288-51a47d6562d7,27,18,486
32b71462-f8e4-48da-b7a3-60f9f56a6244,0d5ffcf5-5517-467f-9d38-ecec31c58eee,24308cf9-1798-4fea-9e51-81834588abde,13,95,1235
645289d9-23a7-436a-95ff-c4cc76eb41bd,76f0c176-5489-4e49-995f-af45687fa79b,b292dcc3-1b92-42e9-ab6d-a9d664164ae2,91,54,4914
0bef2ac7-42c1-41ee-b7b0-82b16d5aebb0,ee1f09fc-1c72-455d-895b-4b70a65b6686,16cf5f85-0881-420e-b107-61216c389e01,77,73,5621
44555be4-e133-49ed-8029-07a4193b7259,358db102-746f-483c-ba4f-ab236c7a2305,57929350-df94-4d70-82f3-e2edd7ade59b,11,77,847
1a3a44ac-d194-44ac-ad4b-7eeac1c5e7a3,f7563e39-070f-46c2-a3cf-11cdb88629aa,922729e4-a1a2-4c78-ba48-1e888577177d,9,77,693
6874f7ae-6766-401c-8ef2-4a1aa2f61491,76ce1f4f-696b-4c05-ab30-d75e1b71a969,0c0293c7-e9de-40a7-9698-399cdeb84b55,41,75,3075
d302fd7b-52d7-47ab-8278-2cd4021ca548,8455c211-6f69-4b5c-aee4-9b758ef38303,048748a9-6036-42ad-938d-30c17189ccd2,23,74,1702
84ffed71-7f81-464c-8c52-589d4d780cab,0cdfb29a-81a1-4a59-9b4d-96898bbdac78,a7fcd6f6-ef87-4a96-a933-cbc14adf84d3,18,70,1260
cb91b9df-dbf2-413c-bf7c-ec5d1388204e,67dd9270-a55c-45ba-a1ba-c87a593778bf,f8269cc3-b0ec-4b7a-b4f5-c413f106754c,66,78,5148
41d7c80a-9a7c-4810-b1c1-1815bedbe003,2da8401e-06af-4687-b726-03d21a8c3be8,297a60dd-da57-448a-9c0c-01958ccc2599,45,47,2115
70096f06-dd1f-4b2e-b152-6dda3b77f8dc,f8ef0b78-1a4e-400a-876a-7bbe294bffa6,430a8822-17a1-48a7-8311-7acecbb02c0d,8,21,168
68fddaf4-7148-4af2-9113-f76420f20bb6,62abf084-8485-495b-a81d-efa981a5d6c4,b7efa27b-5885-460e-9d83-7ef4b9fd1507,72,47,3384
bbb14b59-2dff-4565-adaf-f8d1836927c6,ac6db820-fb89-4061-bc7e-e169d97bb656,61cea7a7-d405-4ccf-a3fd-7f20eede8d26,38,81,3078
0a4fbbc4-76b0-4385-83ac-46975d24264e,2da8401e-06af-4687-b726-03d21a8c3be8,a8410db7-d7a8-4662-a306-82140c7fe2e3,66,27,1782
1c8d56dc-7219-442f-b0c8-37957327754d,2b79ef74-30cf-42b1-be06-695d4c04271a,bc2fe916-9fcf-458e-982b-298e740f3ab8,30,20,600
493f51e1-6c28-4ddb-94a9-fdab46567634,9b7cb0b7-1694-4698-830b-cddad35b800b,c4da1bd3-a62f-4d95-ba2b-c73c68bba524,29,34,986
39736acd-7d5b-45e7-95e4-2d6c9787675d,1d55ff89-b504-4c83-9629-2045e0ad61cc,aee0b93c-4172-4aec-bfcd-c46cd3755f77,87,9,783
5eb9846e-6bc4-45ed-a25d-32da527d9299,8e071ea4-0e0e-405b-b5d2-418821382b8b,82f06ff6-e9e8-4fee-ac40-4f24b3e727f3,67,1,67
d7772acd-33ca-48fb-9ca1-2eb9ffefda54,de989ffc-2ba0-4ae0-b0d5-cafc72099d55,d48963cb-8794-48c3-821b-937d823b006e,23,81,1863
72c17e5c-9352-47fe-920c-d67ef8898f22,e25b995e-63f5-4a19-a808-ec41c4102c94,8d09bd71-4601-4c3a-a936-06c0d66229a4,25,39,975
3ef2f131-8072-4638-a6cc-7e4351d0ccbc,c454f249-9b0e-462e-aa25-b09eba5a36aa,b1b0de2a-2899-4437-b743-a7207387542a,66,95,6270
e000ad36-4de0-4639-8879-9da7f3a42027,e9f1730f-461b-4f3e-b640-6e2c6317313a,bb1027ac-34b5-46b8-bb1b-9749237067c7,64,95,6080
aa7df9e0-625c-49a8-b23d-d284e25d7bec,c921f8b3-373c-44e9-adab-7b652a24b704,40beeac3-cca3-44a7-a715-a344b86c1662,20,58,1160
0ae678e2-9fce-4d86-87f1-3087e3aabb9d,7b95ab83-9dba-4343-801d-c568768e9fd9,ea098ca2-4db4-45e3-8be7-2eca42c9f380,1,8,8
4dfaef7f-73b7-4b79-a8fb-2d37e5d87c59,0d31f6e5-aca6-4a77-ae77-dd86b6cd8b8b,e9fab42e-255e-4e33-8a62-cb24850d2729,7,37,259
f708d205-97b2-4750-a6b6-7fcec4eccbdd,ae7faedb-3551-4976-bd85-e9b822cdde3c,6d5275ae-4575-4acf-aacc-7eed3d76b995,50,1,50
5dd85644-5d89-4325-b07c-39b122636c30,13365237-ea57-46cd-8d84-1c31cc16b028,985aa3f0-7298-4fb6-bd3d-dff0863156e8,59,13,767
b1060c9e-2577-414a-a2f1-0ea48512f1b0,d827417b-6512-49cf-a7ad-10a2fcc29b2a,32399041-3fc2-445b-89b2-910a6e3bebdb,49,35,1715
7b748495-176d-42e9-a3d0-4b8d78ae5695,b05c5b3e-f91f-4d7e-aa45-a069dbbbdd7b,4b20131a-ed84-4753-b12e-15ddf75e5f5e,75,82,6150
2ce64457-435e-4c3f-b7ed-c1616ac43238,0bfce378-b45a-4d66-9151-4e7df26dcfb0,cc70fa17-d828-4a26-9053-e1c96415ff59,67,56,3752
19735088-4619-4af9-a575-1bdab8411ce8,38865100-cd84-42aa-b7c8-1438962a8a34,d32ace51-65a6-4bc3-a478-1468471c794b,43,62,2666
34e326c5-221c-4cb0-8020-85d2e9a7f480,cdb29705-d91a-4222-9665-e2c41fc5f957,3ba4774b-fff1-4808-bae5-639e1524d249,42,44,1848
3a9ff177-4598-43d1-a8a2-d8ef6aa45d02,73afc006-f5d5-49be-bd27-709878badc5e,03425608-3150-4528-8969-095d1acf3709,31,4,124
18d1449d-51cc-4559-8118-6bdf46c6eeb2,ac6db820-fb89-4061-bc7e-e169d97bb656,c9c51721-04b4-49e6-a122-66571a5a7416,89,69,6141
d4d1827c-38e2-482a-85d9-aa85cdb235dc,c7ec80a7-ff66-4a77-84a6-4fd3b689068e,80ae9a91-96e2-42e1-a1cd-201afa8e5ebf,90,68,6120
5f93d899-f277-43ce-91e4-7ac6aabcd1f4,e315ed2c-c25a-4c01-8508-857da4a55347,2a669a70-2abf-4db2-91bc-6d7b3ffa7afd,80,54,4320
146debd6-6d3b-434b-94bf-cacffc1a224d,de428458-b61b-490a-ac58-be8e538bf7b8,fdf73f74-a3a7-497c-83f6-2edf4239afb2,13,19,247
6f1254ec-74c9-4419-902f-a4c198fc597a,26b4f3d7-9300-4e40-b9f2-68bcd11d74a2,9d663d80-a0b7-4f3d-be5c-6a50f03f87fb,68,18,1224
dadcc28d-2094-475f-aaa8-44c44b20b525,b690600a-fe74-4376-8735-a753a2954da7,abf429db-8067-47c4-a168-56bd7202a4fe,12,70,840
ccf915b7-e933-406e-b10d-3fae46798189,0f4fa775-2007-4a64-9d17-2e6abbdbf8ae,0907fff2-8137-4139-8c6b-1d407b818dbf,29,24,696
aca0a505-bddc-4c71-a70f-b0a99e8a4b4b,ec680ce7-8b25-4c62-a3bf-60fef690618b,4f54cad5-1983-4c3c-86ff-7e10bb231a53,77,41,3157
9b79fd82-132f-4573-bcbd-c4af40ea5d0e,50973bb7-a5f1-4d45-bd3e-d1037a3e46f4,462afc05-4531-4b46-a800-fd0238a618eb,64,94,6016
eae2a431-80a3-4e82-aaec-418fe3301285,02311a98-1b52-40fc-ac56-c1328aad0548,1db16f50-50c6-4397-b508-33b22114b404,67,99,6633
9f13c92f-a2c7-4417-b987-d72b4ec60ebc,178259ea-f1bc-4d46-ac45-57b2b6d82353,67f6e3a5-6911-455e-a094-9dc4ea4be564,53,10,530
3e1899a1-b81b-49b7-8dae-a8e4763ecb7c,0e6b1836-c127-4b8e-b244-4a55cfe3b55e,085583ac-b125-49fd-99d2-80fef9dd207a,40,69,2760
ba01ba74-c9d7-4a80-8181-98ea3a51a8e4,811981f5-c953-4675-870a-277828989f1c,cd9b2f0d-0438-4606-9ba1-d96db54ec32c,89,41,3649
d1888348-ebf0-4a23-98c6-08d2d627f071,91b9456b-3234-4fee-8e2b-486fb404dc7a,4b62ec0e-26ae-4be5-b868-3b5b9e9e1bd9,65,95,6175
59ca1a70-89c8-41eb-8ae2-366164a2b184,d66e82d9-2217-4b8a-8e7c-5faa119a3e81,e38f247a-0f61-4e2b-9be1-8b5a85ecb800,43,94,4042
96f5484e-df11-4ee5-b6ef-fc9b4b324573,45e4b53e-8cb7-4ed6-80a6-d8762c8bca1f,97bd44c2-b6da-4901-a4a5-6c882faee7ee,69,94,6486
2988bfc4-77dc-4f19-91ef-977a19dcbc33,ee12442d-7655-444e-abe3-c0bfb996294d,14c8a2b7-e4b4-45c9-ba6a-02e450e13467,64,30,1920
11f89e68-a79c-4fbe-8148-f89cabda670c,a402a84d-eeb0-48ff-9976-21e228045869,4eee93dd-7fdb-4adb-b23d-a153ab522cd9,73,54,3942
36576027-9e94-43ce-b41c-c425f9010f9a,d66e82d9-2217-4b8a-8e7c-5faa119a3e81,ac25d826-05dd-4a0a-a143-559094dd0fd8,75,95,7125
7e60860e-fd3d-40dc-8382-08043a24251f,ec680ce7-8b25-4c62-a3bf-60fef690618b,b1b0de2a-2899-4437-b743-a7207387542a,27,21,567
664cba4b-e0fd-47a4-9de4-fe70ff6a6a22,5b941c48-392b-424c-958a-f3bd54aa0736,739b456d-7663-4c5c-8887-6a3af7e681e2,15,35,525
451c8e1f-f77c-4d68-a9bf-5cdb9a05d49a,e504c746-5b09-478d-889e-396deea45e74,15b33f02-eee3-47d3-9e68-30a62f5ca4ed,100,9,900
975dfd37-30de-410d-9e7a-21c002b18e90,50973bb7-a5f1-4d45-bd3e-d1037a3e46f4,9e9fa8f6-f2e9-4b82-839d-ce638be6a038,38,42,1596
f3bad974-7093-4cb6-9239-708a0eb10edc,fee4cda4-e4bf-4461-99dc-74d22855133d,ae01d599-e669-43bf-946b-589c236de368,86,78,6708
6b365ca4-0bdc-4012-8245-e272e0054adf,3100b962-c713-4af7-a551-7f6f125104f7,4b19d916-259c-44c9-aead-22eeba35f51e,73,15,1095
3caf3481-472c-47c9-9a06-ba115a8f91c8,58d0a7b1-7447-4f78-9786-c410f432588d,42273a1f-212b-45fc-9120-b3ee6e483ed9,37,86,3182
9e4235cd-0494-44e1-bc0a-8d8dc50a9ca1,50ddcebf-9cb3-4f97-b58b-78e5dbf5d5f1,52ee6ae9-2661-4450-8787-f5c48b996456,91,2,182
66f21636-9804-47f5-bc79-5dc1f6e7bcd3,01c44592-4afe-4bf3-80d4-5efcbdd65fbe,e19d4ce5-da17-4b48-8553-baaf6eeb3cbb,93,33,3069
5bb41c10-54d2-4c56-bce1-e7d0b99e860c,5c0ff553-2632-4386-a630-0c5c383e3223,f5dcd508-1af2-4c48-8213-20490102fe6b,67,84,5628
0e4f97f7-7a62-447c-b948-1023ec55d042,ffba7c90-5219-4b30-9d9e-4e3e9d21e6ef,922729e4-a1a2-4c78-ba48-1e888577177d,32,96,3072
f22d914f-eff1-4c8f-82b4-12610adb86da,a8c9c6a1-e21c-4da6-841a-c5b9858a99f6,a463148a-cb6a-4f86-bd9e-6267ce3a8f20,34,56,1904
5cbfddd6-df0f-4d18-ac78-4611f7948bf2,66fc91ec-36da-4472-b038-7dd97f2cfced,ef8f18df-519b-4383-b940-2a660455960f,99,84,8316
57eb4487-ab64-45fa-945c-ac7f2ef3115b,3d5590cb-7de0-4460-a5b5-b21177a54e2c,b6984105-1d4f-4828-970e-37d25d84ec9c,58,74,4292
fd94ed59-b0fe-46ac-942b-fbe3d8df8327,82e299a8-ae80-417f-9752-7fbf5168c982,0c70a7f1-0f79-4f60-8d6d-10536d52e16f,4,1,4
40173579-902b-4e01-90c1-ea43b1f2ee7e,b0d8f983-57be-4799-89f5-afcfed8040aa,8057b6d9-9946-43f9-8b9a-f6e2f20ef808,10,71,710
a273eab6-cbe5-4ee5-93ac-bab7942c85e9,b690600a-fe74-4376-8735-a753a2954da7,d63f471f-1a3d-4a9f-9b08-b00e8847fdf0,70,26,1820
a118a887-1f39-4acb-b374-2c6beb77627e,2cd70370-e21e-474e-8b0b-485fdbd80ff4,70533f47-91e5-4c2f-ad30-15b991a6491a,31,97,3007
8cf85ae2-bff8-4fcf-98a1-d7333e1562c4,f458de9f-1f52-4824-b34b-2d734a38c21f,e6d27b69-4796-4085-b71c-c2af4b5f6ba0,12,86,1032
5776c440-a5aa-4321-8c9a-e78b2bf5ce4f,1f0c447a-da79-4c60-81e8-c34bce3964f3,73baa115-a30a-492f-9f6f-bbbe73a58825,39,10,390
5e28a273-fb3e-4f0a-b33c-b1ce57b6b0ed,57893860-f62d-4f58-8f25-95935a2f2837,f0d11b19-b2cb-473d-b89c-b39cc271ae53,80,14,1120
bb0b3e20-11f2-47f2-baed-5030f46b5995,ae7a7b1e-2081-4983-a5bc-bce86b01e39a,15a0100f-6b79-4b2f-83a4-4db6134ed7e0,42,31,1302
6073640c-a5c1-4cf6-990d-2a04c1908bdb,617239c8-ccc6-4461-87d0-fbec0e1895e8,5fce83e2-4c16-4fd0-b79a-42d99493a11f,36,54,1944
1594a96a-eb23-47ce-bcf7-ccb4b263bcb2,39ea5c0f-b67e-4695-a915-2c93ae516394,1440cd17-d3e7-415c-923b-6d6129855372,85,11,935
9cc31e9a-6dec-45e9-ae6b-a8d6ae5362fc,6101fb6f-f7ab-4699-9f3a-d0b54c068fcc,1d98f405-b7ca-472c-9493-cef29e387284,77,68,5236
0ed93490-b587-44a7-abaa-6e1347d04fb2,8c40a502-592a-4b9a-8d8e-15ba4b04fd36,c7e04726-55e1-4d07-be68-8acd6aa42abe,69,53,3657
a2fd9c7b-c930-42cc-b983-070802053311,af8a2de5-6b89-4949-a38c-a6f408dad615,9b90beed-fe4e-459d-987a-2e3a18d57428,20,45,900
a8804214-00f4-40d9-82d5-d74a2ed69f24,62ff39e4-1f97-41ae-81b9-8e50e45e42d5,eb4f1dbd-da6c-4289-8096-0894c6c98d72,55,17,935
a44bf43b-ca7a-40a3-a74a-e996444137cb,26163d2a-c3bf-41aa-903c-a33d9ca50954,fdf5bd6f-c7fc-476b-8275-b8532dc7ae18,35,19,665
c7d76c2b-408e-44f2-ab7c-8724a0c8cd58,b3cf8074-a442-440d-b415-6053b16cfe69,4b19d916-259c-44c9-aead-22eeba35f51e,85,71,6035
c9991cc5-2033-41d3-a097-0a45dad9a0c3,8145a66e-d256-4066-ac68-1d547a0cd39a,0e15cb39-cec0-4488-9151-86461ab68319,38,58,2204
e43ef022-c938-4e4e-a039-e780663e0c80,d03bed09-7e52-415a-b465-6836fa531ee8,637d8ee0-465f-4f4d-85e5-033e84974b52,64,74,4736
b8d4b608-a9ef-4e0f-b7e3-8b6d9242090a,b391fe88-abc8-413f-b6be-b91af4d386f3,9394a43a-d2cb-47e8-9d88-1d5d6a55a638,68,65,4420
a77c3964-96f7-4af8-baa2-832ffc23f73f,26163d2a-c3bf-41aa-903c-a33d9ca50954,4b635d33-987b-48a8-8fb9-853e8e9d73fc,25,59,1475
e5c90462-ab82-4be3-b95c-37282fb56a7b,1cb9bb2f-bff6-4db0-8898-7466b7da48de,da2c0b50-67f4-46ca-90e7-12c9cd27a1a0,64,33,2112
ddbd6076-be60-4a35-8ee8-f01154557a96,8455c211-6f69-4b5c-aee4-9b758ef38303,900d3ead-1ae1-452d-b8fb-fa5349c213b5,22,100,2200
1d967f02-3e1b-4378-9b96-858d3fcc0bbc,16d123f9-541f-4aa5-a046-c008a1294b40,f8443800-96b7-489e-b7d6-dfbf11645444,5,65,325
7b6ef30c-dddb-47cc-8d86-e831b42d5c5a,74296b8f-06dd-4c9e-9d38-4565abab4a08,82f06ff6-e9e8-4fee-ac40-4f24b3e727f3,9,57,513
02521ba0-3303-4952-84d2-36c4e3be92f2,97c68066-fab6-42cc-9e67-df7256d6762d,2ee930b1-ebce-4faf-9e7d-41ab8bca4420,6,59,354
8efcad92-300c-42fe-8936-9c5d6e4e49b6,a8498623-58d2-4bbb-aa19-284114b72143,b632dc10-79b4-4554-b1be-233c928f9ea9,59,1,59
b7a8ace2-74a1-4c65-b68e-a4cf81530ce1,7ab3c639-8ce6-49a7-b5be-d13db7939b72,fbc50238-1a6a-484e-ac16-fa301b687c32,95,99,9405
1fe28a4c-6c35-421d-8599-63afc1f4ab78,6d83e150-6201-474a-9438-b5e71410dcb4,8cdfea92-c4a9-4061-8322-fb91c6bb7ddd,53,12,636
c063681d-3542-4fde-a326-991bdf3456ca,e8a0b79a-e72d-438d-b8d7-8e910c7adc63,30899dcb-14de-4de0-b1de-294917bc663a,5,14,70
37947a0c-d780-4087-bccd-0113f860e637,4206ab4a-a060-464c-9615-5bb99311f2f6,93c1e54a-8ff8-49f6-a1a0-ed1de4315d52,51,85,4335
4ff3e709-0e64-4c15-99da-11575ca00820,db720e1e-39cd-40ff-8c44-a128ac606b84,f4bf164b-696a-451d-808f-54d45b79d5e5,8,42,336
d76a2218-5fd2-4ab1-825a-bbd2a2d94289,47cd3a69-ac15-44b2-94ac-a563b5ed110d,4eee93dd-7fdb-4adb-b23d-a153ab522cd9,31,29,899
aa0d93dc-dd52-48a7-9940-2d9bcc5bde9b,beefc24c-818f-4477-8c4f-84f1ea27eb13,172864d5-55d1-4d02-9d02-0d0e82d3fd57,25,82,2050
a85d9071-6b5f-4906-8507-ba60b9993ed2,432f585c-2402-43a0-a6ab-cf953b217dc9,ec533f93-47a9-4003-8f6c-c4b1f4ae75ce,21,33,693
f156400d-a582-4ee0-bc72-5dca526f7c4e,f6dd31d9-a6b8-450b-8fd8-a053fda30f14,4f4b09eb-a79f-4090-8704-c78cadf73bc5,37,63,2331
f2a5b6e2-c879-42ec-9cc0-96a9b05fd235,47cd3a69-ac15-44b2-94ac-a563b5ed110d,3cacc7a0-ce75-489f-b9dc-34d5233799b3,46,60,2760
5772bee8-e61c-461f-9e76-0524975e56e0,904e70c7-af3e-4f70-8964-1e7f40331245,bec71f92-4abf-4c6b-8919-ad95446b8462,99,90,8910
f91b2f56-a90b-4778-8233-a6cc9e353e1f,e8e82e58-1618-4380-8387-2605d0bd676b,5983b804-1838-4a7b-b9ca-643d0472ce5a,55,6,330
ffcbe82d-a7fa-4cfe-96ae-a9801f0cf8fc,882f8126-54fd-45c3-8fce-d64ff990fcd0,ff6dca25-6b17-4d9b-8619-4ee078db7462,66,97,6402
34e72a16-091f-492b-ad35-fcaddcd05f36,d1d13252-a8c3-4cf4-af27-38cdda1a6f5e,ee3966ca-ea47-4cee-9835-2ab03f42a26d,85,58,4930
f60907b4-1273-4cdf-9563-e8f196d433d7,2801ee32-07d5-4d79-9485-b2a95004ed10,25a143af-b720-4732-8374-431f91775bf1,94,73,6862
5930f9c9-211b-41c2-92e6-3a088f292192,4cfac07e-5241-4cb0-a3b9-d5eb2f19eb60,1c69504d-fa75-42ef-8bbd-d6408ad1f7bd,44,48,2112
0a412334-9a3d-4a71-a737-525998f2a985,fff49934-73a9-4140-914a-e7be236aa9f1,b1b0de2a-2899-4437-b743-a7207387542a,22,63,1386
eafbeb9e-6763-435e-be49-f9393c1f82f8,488059f1-7ce9-4fbf-810b-78a992ced028,9e45123e-0e36-41e1-a235-0571f3aa2f62,71,81,5751
31744600-bf2d-4a50-b748-b8d6337f956c,929f4802-9ab1-4410-9367-f1b98e8c5759,462afc05-4531-4b46-a800-fd0238a618eb,42,42,1764
9325d325-1671-4f6f-aa4c-1dc77a0400da,04e3d858-e9ae-4706-bc3c-d47a520bd31e,63c40f15-0c91-4f7e-bec8-586b53e0aa27,90,18,1620
0dcaf246-2048-4309-99a7-f67126eeab82,58f906b3-6d4e-4597-9ee7-fb7db646d6e6,1169f851-8b87-4d55-8b88-e9d9e7cce32c,13,19,247
131dcf47-3f14-4323-8c54-fe5dae7cefab,38865100-cd84-42aa-b7c8-1438962a8a34,02d62c7c-1634-4080-9a9b-e1a724787696,11,7,77
83a422a8-c8db-48ea-902f-9f95b1bd6fae,9bc59337-7572-4bad-a23c-2e4383f328a8,9d85cfa5-62c1-4cc9-9cc3-04e1c102f129,13,60,780
920ae25e-6aea-498f-b0ab-0edd5cdaf233,5814c14a-cf3e-40ca-91b0-d0df955fa9e3,affdc90d-afee-4d29-8495-955412b20f2c,14,45,630
17f78692-5310-4ef7-a173-a568b39bf52c,9e41aa62-8053-44c0-8ba0-18a5ce749070,3cc740d5-9bdf-46f3-9d60-6eb53c936606,99,63,6237
0a42cd42-a651-4fa1-bee9-3c8f7bed85d8,db84ac51-bd55-45a4-b1a2-8f473bb0b5c8,e17cb350-1eb1-449a-b531-35b62c0cdef6,4,44,176
0f5542c9-33a2-448f-a773-8912dddc99d6,c82121f7-6111-4efb-8c86-4f869aa50262,6a936a98-45a0-457a-88b9-d135a014e91f,20,71,1420
af64f113-a293-44c2-a2ac-cbefd0f47970,4371eb65-56c4-4188-9bfc-0b0d691d4e3a,1dfd9dba-e423-47dd-8b7d-ae3133516ed9,46,70,3220
cb0488f4-2eee-48d9-9ca0-0530b77df05c,dbc164f8-508d-46d2-a73c-22eb365361c3,4a189d9f-b1ca-4588-ad73-29128f7f9ef2,29,96,2784
85126866-8a08-4451-829f-116b7c0fc0bb,7c840b68-6ae6-47a0-bfd4-5640b3d21550,5fce83e2-4c16-4fd0-b79a-42d99493a11f,14,9,126
cdeda95a-e02b-49f6-8d9b-2a3efad38018,2e2b098f-a657-4bca-b728-8225351e3f07,921164f1-ce8b-4756-b565-d330c8f49db4,95,58,5510
25c5517d-de59-4c49-9f88-a43744877990,e078db86-66bf-4481-ac5f-59f2be03d558,ee79ba4b-772b-4cf5-af1e-e436c16561ff,82,93,7626
67d5fce7-3c62-4dcb-ab43-8b32bfd5e96e,7647713b-aed9-4db4-be60-af5a720be908,f326ee5e-9dad-4a78-8327-cc7f2316bc9d,61,84,5124
4d21af4a-6c8a-4e17-a14a-82b0a2a65aaf,c4edeb04-afef-4968-85aa-20e308ea3395,985aa3f0-7298-4fb6-bd3d-dff0863156e8,47,41,1927
e1254443-fdbc-46b8-bce7-3d6a1f587cd5,b391fe88-abc8-413f-b6be-b91af4d386f3,232f72c0-98aa-466a-943d-1a25ca6f98b0,70,18,1260
deeb1675-daa4-42c4-a85b-a62e43742708,e49e376f-97ab-4cd7-8369-9eee52f69836,b26c1487-b0da-4434-b0cc-53eb51abb3a0,28,62,1736
fdab121d-12c0-4a6c-86a1-4008e88b5520,c6fdfc0b-3a9a-4d3e-9153-b1be26f653b9,9dc8e0ec-59e7-4e2e-bb63-64cecf7a1371,15,76,1140
161b6ea7-6806-4a2f-be4a-8dc1e406beec,f7a43f70-dca5-4d29-bb7a-0b5bf6f21381,223d8ca4-286f-4b93-9c11-cb864c02d02b,80,26,2080
f526185c-4737-471c-9523-ccb7f22013a8,301adb5a-6801-4532-b1b5-43a68cf44bda,bb80b66b-f400-49ba-adfe-1cd58f7e977d,86,32,2752
403be12b-fe35-42ee-8b28-54670a4a9c6d,329271a6-5448-4f1d-85b5-8234141094b9,e4fc0fac-721e-44e5-9875-23652f76d04c,53,59,3127
6474072a-b621-4eb9-9828-1937d57a4689,9ccfddbe-96cb-4514-81d3-ba9a3b665de6,e9bbe60a-6088-4685-8c3a-9694e0b55480,39,30,1170
03b11686-0e59-4328-9765-0168cd2349c2,cdb29705-d91a-4222-9665-e2c41fc5f957,ec563cf2-3a51-4967-91c2-53178a34aa9f,96,25,2400
e876f81d-390a-4feb-8feb-7ef37a2c02fe,ecc74b69-0f5c-4614-8d35-386c2b13446c,dee8fb66-1411-4cfc-82bb-2c23b41e2d7d,61,55,3355
ff75338d-7fc7-413d-9eac-0fe7cce3c36f,b6527919-458e-4a8f-8159-9c692800f4cd,94ff6d82-8f89-42f1-8803-044ecfd6bc21,49,75,3675
cdec3417-1443-49b7-80c0-7a1a42727dfb,c7ec80a7-ff66-4a77-84a6-4fd3b689068e,9947691d-aef3-44ce-b48b-efec44349170,43,98,4214
c3560a4a-9028-447c-8f5b-ac9a7f1275d9,59d8a091-669c-4780-97a1-6c49ffedcb5d,5984ed58-e4f2-4ade-97dc-d73caa9cc3b2,22,16,352
61c3d829-1383-40fe-8be7-295594e1005f,455a4726-146e-4320-8b3d-e16e9c6bf7cf,6d3edf44-54b4-41fd-82f8-f608b0261950,87,2,174
04961898-2013-4f7a-a4aa-5e8ea7356165,3518be8e-2d46-422e-9496-dfa5bc325fec,18520621-2425-4165-b0b2-a5edd053f626,63,31,1953
ce7538f1-2a44-418d-9529-9d4cf0aef447,9cbb112d-0b34-4142-9b67-ddb7952a53e6,d48963cb-8794-48c3-821b-937d823b006e,32,89,2848
44e4b452-d435-434d-9049-5d0ca5010add,05832e56-2630-4338-b1ec-11033c7df866,a2804839-9016-4c9c-b08c-76bd01c393d0,28,24,672
8153e5ff-509c-4e46-bf40-5381ea0796bd,e9adaa08-259b-49b3-a382-c68e35238c01,0bee947a-2090-43b1-9831-e78d21e02e9d,31,47,1457
dc387562-ff7e-41cf-8d69-351d8dc23e33,796f365c-fe5f-4408-a5a4-40489c4b5e49,ebe96ef3-2bc1-416b-8d19-30730a2f0000,51,63,3213
3534c68f-8597-42b4-a7bb-967d19b10ed2,38ffe759-abd6-4dc1-836a-9446f7391038,a48867a1-4091-422e-8dc6-2810bbfadc84,65,71,4615
28aa370a-3c82-4d36-9ad2-aad3dd5cff4d,a01993c4-6cd3-46ef-847c-a3196e6b8d21,805f00b0-3a4a-489b-a099-c3d1a31d91f3,72,69,4968
ad21e5f8-744d-4913-bdce-bc523cab4f59,b19ff350-cfba-424b-aa07-9d3535933db7,3e5dec7a-12fa-46c1-99be-d61feeff6929,20,90,1800
27dca60c-12a8-4b21-8292-66ff2a31a97f,58d35cfa-715e-4dca-8447-59b4621e6a66,c4da1bd3-a62f-4d95-ba2b-c73c68bba524,9,89,801
b213645c-8592-4e00-ba91-b86d213fb63b,3d5590cb-7de0-4460-a5b5-b21177a54e2c,bcc102e6-0b68-46c3-a764-5d90b6b7a51f,24,99,2376
174e3abe-1e41-4c8f-9af2-2aeba6b0e1a6,604a0b45-033f-4045-adb8-3acf3c8bcb17,c92fa6b8-8255-4a48-931b-25b5fe9fc717,23,32,736
0ac4d3a4-85e4-43a3-8490-bcf583652b6c,b2359767-cb87-4ee9-805b-42815b3fb29d,633e50d6-c557-4cc0-ba2b-a66173f4ecc9,22,73,1606
ebd6c663-70b5-496e-a249-a25ef22f0333,23eadb99-4f68-4498-82c6-0ef30d453b5a,0907fff2-8137-4139-8c6b-1d407b818dbf,53,94,4982
b57c6718-5231-4ffe-92fd-e77d34cdb4de,fdae8a4e-8177-46f7-91df-15f9238bbd91,831c5bfe-0de6-4c3a-bf1e-0caf3eba8841,2,52,104
0c4183af-4da9-4184-88f7-993dcb7c258f,e864dcd4-2788-40e7-8122-677f58997c63,04702e32-e2b1-4aac-a565-d0619302976b,71,3,213
f601bc5b-0bf6-4a47-b20f-65fa0f1591be,58d35cfa-715e-4dca-8447-59b4621e6a66,f9581467-67aa-4337-97c4-3b7ad54ced35,8,65,520
c2d9a4a2-0948-4930-9db4-ff6f72cdafe0,4015a754-bd96-424a-bdd8-0cd4b5da92f5,11bb76de-89b1-4c3f-b7ea-5de3964f118a,30,6,180
5a2e98f0-2340-4223-9dde-2d026c9ff9e4,e9adaa08-259b-49b3-a382-c68e35238c01,b9a6c98c-c6c9-423c-ab02-08bb858e5fd3,53,14,742
7a63d6a7-95a8-4a00-8419-de3b15df962e,b4e3538f-9e50-4371-8e6a-4e0e2b9a3322,2a669a70-2abf-4db2-91bc-6d7b3ffa7afd,49,51,2499
4d7151fc-c178-46cd-9a5c-6cd59202b9e7,488059f1-7ce9-4fbf-810b-78a992ced028,2dba3ed2-21b4-4401-b653-32d7fcbbfc78,70,23,1610
475ea1b3-c90f-41d8-85bd-542bf4c59161,10bd8320-d2c7-4f9e-9565-47227b7462c6,4c341717-8e9b-4396-b08c-558a10a69944,21,5,105
489ae364-3567-43f2-bb92-668705bdd676,0dc133f1-7c3c-4a08-aea9-5d7b9b3eeb35,ab308f7b-0416-4672-a3ea-7328651f9339,67,79,5293
a81d064d-2725-43d9-bd02-f3c1cb02dda3,ad170b11-33e8-40f1-baca-7ac4a52286c0,42273a1f-212b-45fc-9120-b3ee6e483ed9,78,17,1326
fac88c63-eb32-499e-ac03-78e3f24519dd,28033cbe-51a0-46c8-a2dc-50252c744679,11bb76de-89b1-4c3f-b7ea-5de3964f118a,60,67,4020
05246dbc-2e47-471d-9df4-8ced963afe67,6351c453-98f9-4793-ace0-c687241baf78,bff56621-6113-472c-bfa3-dea40ced3905,10,51,510
485504c1-6dc2-4ea0-a007-d3b83e09656a,58d0a7b1-7447-4f78-9786-c410f432588d,60bd55ba-7e77-45be-8a09-f2ccd890df6c,19,67,1273
9174c5e8-47f4-47d9-814b-cfe84cac14f1,0bfce378-b45a-4d66-9151-4e7df26dcfb0,36ee18ec-c38c-44fd-834a-57e2296b6e58,76,3,228
98691823-16b5-4037-8b41-41656be3f0d4,9f7dc304-648f-4dbf-92fe-5391df7d7480,f1568c34-80bc-438c-97dd-b3707e34ca96,17,71,1207
e078fa2d-8830-4dd1-b76f-3013aaba0430,da21b21e-30e2-4407-8299-09df1133560e,9430f17d-af18-4130-8bd4-4b8be3266a6e,30,60,1800
68eb64c7-a178-4adb-b49e-a8d3d1a515f7,92b99a60-b7ce-419f-9970-9f0f8e13c93d,20001abb-bacb-42e1-9f53-70bc0492db3a,6,23,138
1360a28f-d36e-4737-8e2a-0231b2e1c473,66fc91ec-36da-4472-b038-7dd97f2cfced,18520621-2425-4165-b0b2-a5edd053f626,60,38,2280
ae9faa45-5542-4805-904e-f20eeb52fa30,1183830d-1fbb-4b26-8cd5-f211205c3e39,506573db-1805-4094-a9f7-c21e0be1e411,55,33,1815
29e6ed97-a0e6-4feb-b0d4-ce84ff0dd1be,2e37538b-ac63-4daa-8f6e-9c263421f217,d8ce00e6-089f-4973-a288-51a47d6562d7,91,8,728
7ee72baa-0e6f-4a24-bfd8-bb353b45cdb3,f31e1e9e-a380-4c68-9440-8c1e39c6ac86,15748801-6e7c-4c64-a8eb-90d48011abc9,37,75,2775
747ded6f-336b-4e62-8b93-26f95e06c7b4,336c1eb0-3907-4be2-99f0-4d53e47f616a,9bf50969-e88c-4f57-9196-e15b27fcdbba,85,39,3315
2d3b8f68-825c-4f3a-b0dd-5d391754e0f3,d55607f7-fb78-4f1a-869d-eb802a3c4b9e,7ed06881-319c-458c-a335-ba4a9f21174e,47,43,2021
335cf32c-64a5-42cb-be96-df8217f8bcc9,e62a436a-4a03-44b2-8153-a34e37eaa8d9,aa6713f6-0db3-475f-9902-bfa4c85ac8e7,79,23,1817
3c2e76e5-84e8-4682-af2e-c6718413f85d,392f53d5-f029-47b8-bd64-86c1424fb7e5,752b2ed9-be51-4384-888a-2d406bafa187,53,62,3286
372c335b-b4f9-4b6f-a06a-527ff2470c4b,91a9e8bc-e7ee-412d-876f-5c5d70bc6928,1c170262-d23e-4518-9e2b-af8b59be806c,6,43,258
82a931c6-5126-4b96-be8d-10428ea74757,53c6d2a8-842f-4a83-a9fb-82686ee48b19,7e4313e4-345c-4a8d-aec6-1e21d863201e,30,88,2640
cb5ac185-e1f1-4623-ab56-01d982fa937f,5814c14a-cf3e-40ca-91b0-d0df955fa9e3,4579edc6-2e1e-4701-abf2-efc824b2aff3,41,52,2132
5db45ea7-207e-4c4c-9f9a-f9670a6204b2,4b4477ee-ba4c-4498-810b-05d9c979567b,affdc90d-afee-4d29-8495-955412b20f2c,5,73,365
d9de52d0-b74d-4f40-9c2c-4c9d8f9a159a,aa59b934-ddba-4278-af78-68669d90cfba,eea009f5-d174-4a37-bad4-429bd9e25651,18,48,864
c5d475b4-7200-4e4c-964d-d516a772d6ea,f7a43f70-dca5-4d29-bb7a-0b5bf6f21381,9250d6e1-e82c-4a82-a58b-7c399fb6ff32,3,99,297
c2d2e775-3ffa-449e-9fd3-f7816b87cc77,9ed7d9da-c151-46e5-90c2-8a95aab2f3d7,633e50d6-c557-4cc0-ba2b-a66173f4ecc9,92,98,9016
a1d042e3-4dc5-409b-92c7-1f569354fbc8,7613d609-2d8a-4a95-83ba-3f5e4698c560,97bd44c2-b6da-4901-a4a5-6c882faee7ee,44,70,3080
070fd57f-38ff-4515-a0f8-8159b8518b28,92f674bb-5d7b-466d-92de-4fabdc61e7d9,f230d1f9-d745-4373-9e58-63b475f78d1d,43,21,903
dedc6e10-be80-419c-8881-f04131b850d5,55a8af73-fc1c-49df-93e2-deafb4d0db4a,ed968bf6-98a8-4d8e-8372-93773c7792fb,11,56,616
1fd0c933-1df9-4f2b-88fd-31e4e5ec7d85,4892c452-cfdc-4a09-b8d5-1897a09bdea2,43015493-0506-422f-a805-092a579461e8,3,26,78
48d4e050-0b9a-4302-858a-094af62957e1,6101fb6f-f7ab-4699-9f3a-d0b54c068fcc,06fc60d3-3a7a-4557-bf94-951221fad395,60,27,1620
7a6d83b3-b784-496e-b1bf-b671b2f04c07,178259ea-f1bc-4d46-ac45-57b2b6d82353,c33614bc-4251-4976-bd98-b3a209f55e96,20,35,700
7d72e26a-62c3-4841-aafd-7104b9a34ec9,5eb9785f-29a2-4a61-b52b-354604b08a9d,5507a48c-e773-4ef3-8665-c196dda1a331,86,83,7138
7774d73e-a0b1-4147-82ad-fdb254992404,8e99c62f-21db-4412-b5a5-9f2aabb0ae03,d0087b0f-b409-44a4-9119-3416b17ffa3b,4,94,376
1fd70313-7942-4da1-af27-ac0a2b82c403,dbee54f2-7e0d-468d-8424-4ae9eca97974,f81419b0-52de-4173-a4e6-cc5697d678d8,14,10,140
a46809dd-76ec-41ec-8963-37c7d80e61ff,329919d9-2e44-4e9f-8a4b-87ac230b8c3e,2c8ada99-2f2e-4071-a78a-8f8a4972025e,75,10,750
581c2ee9-be95-4430-bbc7-1e119b6fd047,e504c746-5b09-478d-889e-396deea45e74,84f80ec9-0ce9-4c8e-bd36-0d196142f7f4,76,33,2508
48c27a55-a005-4a01-b601-bd9dadabcf33,80802f72-3d50-4ec0-a591-61ae30dc79a7,05343141-28e6-43bf-b545-a9ca085e3b3a,74,81,5994
97b63a71-e358-4207-b4ec-c528b1bde4ba,6101fb6f-f7ab-4699-9f3a-d0b54c068fcc,fa823ce9-d42f-4ad7-a8a2-c6917dd6c7df,85,37,3145
f7638065-865b-49eb-aa9a-395bc22756b9,ae12eb9a-9d4a-4d70-b353-9eaaf9d6cbdc,fafe1d7c-3f7d-4da7-a70c-26c739a8c8ca,1,12,12
ddf049d4-c0fc-4add-a47f-8850cfcd1b5f,3616aea4-9dcc-47cf-bb61-115a311b7801,faedca36-15a7-4bf0-8259-3eaa95390e2b,13,62,806
2e755765-34f7-4e6f-b65c-e9b30e8fc027,afcaf39d-369e-4a43-80bb-e938b77f7f54,77bba870-ffd6-432b-aa84-b1c972c4a5f0,51,54,2754
452ade9b-566f-4f79-8d0a-35ede77e2b24,373e58a2-dd81-4ecc-b9aa-c4c2a589d8b7,ab0c2f2b-c272-48d7-a11b-14f804928203,5,88,440
6c2d80bb-2e98-444a-acb7-196042e26809,342d26aa-629a-432e-ab86-7a7989d7c732,14defd80-5fb6-4e11-9cd1-1a264345a70c,80,13,1040
66c32d9e-616a-4ce6-b43c-e329a48b6198,203d0609-1544-46b7-b538-fbe278b389bb,b85c5de7-70f9-4d53-b5f6-dd441df816b9,89,27,2403
27059998-8fb8-428f-a346-ae7e93190882,c9d95c94-d7de-4961-a6f9-7d5d9e8c6367,11bb76de-89b1-4c3f-b7ea-5de3964f118a,98,78,7644
1d65d876-7b30-45b9-bc57-d0be1d32988b,358db102-746f-483c-ba4f-ab236c7a2305,f36b3f12-4afb-499a-9cf0-3b06d77be094,64,91,5824
cb188ff0-46c4-4239-bc16-a3679c40c633,26b4f3d7-9300-4e40-b9f2-68bcd11d74a2,af69a94e-43ca-450c-a425-5e9950d33ecb,31,62,1922
dd52a052-95bf-4375-966b-c8439267c2ee,2b835467-e573-4b55-9973-1ae658026879,5d0a8589-3c48-4d8d-a133-28b3a34e0695,89,86,7654
19b64775-dbf2-479b-93a8-2f00929a03fb,fff49934-73a9-4140-914a-e7be236aa9f1,3c336928-e13f-465b-a330-0870789845cb,67,21,1407
25e05b09-14ef-47a8-bef3-6370362b918a,280eafd7-f5d7-48b8-a419-d8153b07b252,ae01d599-e669-43bf-946b-589c236de368,67,98,6566
53a27e95-4438-402e-a025-f06761e0e654,02311a98-1b52-40fc-ac56-c1328aad0548,f1442638-561d-4f1d-8b55-fa9a91293800,66,68,4488
041b4cf3-5720-4bf2-9eef-9a85c1c84e80,66fc91ec-36da-4472-b038-7dd97f2cfced,f9d83226-9535-4fb4-b216-df362906a0b2,61,55,3355
4251aa26-3f9d-4359-8a9e-2190c4605511,2cd70370-e21e-474e-8b0b-485fdbd80ff4,4becc137-8bc4-4491-b684-26410c55afb6,7,62,434
edd7d4f3-a4c1-483a-893a-02c6dc9e6dc0,7c840b68-6ae6-47a0-bfd4-5640b3d21550,51fc8c57-507a-49af-b0fd-ada221453a36,24,1,24
9875b7fb-8ff6-4702-bb26-c9b5bc7724bb,1781ce07-0b35-4488-8482-71ee289d9ade,bae8803d-e469-4e90-8054-cbb13977219c,1,75,75
6261365b-8da6-4c73-9cdd-fbe0f2ab537b,d77d6403-e07f-4209-93a6-9672613fe88a,d8fb5aa8-d2fc-4b24-ab0a-3c8dd8b9c8ee,89,51,4539
8e36632c-463c-43f1-8767-eeaaf8b5a15e,0d31f6e5-aca6-4a77-ae77-dd86b6cd8b8b,923bb71a-61ab-47dc-98c9-9d391b48f988,75,23,1725
45091326-c798-42a2-a98f-b5be1c835e8e,fb0bb31e-b4d3-457a-bcfc-ed0234e3cbf3,607e7496-419c-4f4c-8fa3-d3b332fb119d,52,98,5096
3a616236-dbd3-4b86-afc4-627d6eaf793e,87549b99-86af-41be-a096-25039425c56e,1663c551-d992-48d6-a0c6-693133b75341,6,18,108
759fe76c-9220-4abf-8b87-8576b44701d9,33dc062e-e10a-43bd-b741-f1bf6f552343,3848bea1-1916-4b9e-ba74-57365dd88e17,72,41,2952
02b81346-4a74-46c2-8255-61ca2324a833,bf5e82b0-4e84-4043-b77d-5b6aa76cae63,0e15cb39-cec0-4488-9151-86461ab68319,98,65,6370
e224ec31-46d9-496e-958d-781c7ca5cfc8,1f4972bc-c553-4664-958c-c84739cbff86,523b996f-8465-4e38-933c-209c24950ffb,95,68,6460
61f11809-233d-469e-9954-091385e3feb2,54b5df48-9f02-4fb2-b257-4a07e4e88e4b,94de8b53-63d2-44d7-b39a-85f73b841874,68,72,4896
2277016f-6ef6-4eaa-a320-b00867d2d885,ce66d4e9-ba32-4a55-9edc-d888b5fc2e49,2c363c59-7261-481a-8e66-24b30a78392f,68,39,2652
584ac5b8-3d98-45e1-99d1-7e04b41ca69c,67368c1d-6254-4b4b-80ab-1ad54319cbb6,6e3d5087-e19d-4b88-ab8e-33cc8ebd87c7,33,35,1155
f902c29c-3ba3-4fe5-ac4b-dc80991e930a,14dd4f3f-d877-42e4-b51c-4f85bd554cc1,bbad9722-a3c5-457a-bd07-f8334ddc9b9b,72,88,6336
d239b337-7f69-4a6a-8748-18102de70bf3,eb713971-3b9e-469e-b5e8-503d4d73f547,7c728b59-45b4-48df-83c5-be7bedfc5695,68,46,3128
5bc05224-7a2d-4104-b56b-3050c82d4181,e74d015c-2676-4eaf-8084-dda245e94e0f,6b46482f-3d17-4320-b93a-51f716f9910a,91,35,3185
1fcdec6a-423a-42e9-9b10-c3263c07b54e,329271a6-5448-4f1d-85b5-8234141094b9,0b01d572-6677-4827-b1ec-b66cb5a27996,44,69,3036
ad069cbf-93cd-4bd6-b2ba-2a6c8b724475,05832e56-2630-4338-b1ec-11033c7df866,8578a585-9f30-4236-bf45-eeda18932c84,14,4,56
a147abaa-1731-4eec-a309-5e60df48f661,f18ce207-7a58-4752-945f-64877d48f7b5,1d98f405-b7ca-472c-9493-cef29e387284,17,30,510
b510ce23-f2fc-42e6-a985-d3a03f72fb4c,dc5522a7-9e88-4aa1-9c76-8f1046ee6029,048748a9-6036-42ad-938d-30c17189ccd2,20,80,1600
d145993b-1afb-4c59-ac1f-b92229088237,3fdcfa79-c7d3-467b-8970-836f96d49d0c,f0573617-644c-4ee1-bee0-ed47169b8513,51,40,2040
b522e51d-7e3e-4f00-abfe-b7888cb6f9b0,dc6c7e8b-c53b-405a-9b2f-484725002e96,ee79ba4b-772b-4cf5-af1e-e436c16561ff,76,24,1824
6354fc8b-e612-4c1b-a9e7-aa64e09677ad,3af4b64c-2478-4577-a98a-65b4a40755e3,5bb1bb67-befe-40f3-a411-3a40d8e45fa4,23,63,1449
2d473408-26b1-48e7-8136-bcbd88811bed,e9292454-5da4-4ce0-8f58-98c706bd64ce,bd2af57f-20c6-45d6-aef5-5bddeca887d2,34,41,1394
191fbdc3-dc56-4e59-8a27-0f7909e706d2,d78d1f65-b43d-4aaf-8361-4e6f518da4a3,76e40be4-7ce2-4e2e-8553-16e0ec881bee,97,50,4850
b3fdbe5b-57ff-47df-abba-68c9bd9467c3,ad01e20c-aab9-40cd-9663-5173033bdb99,c931e2ef-53c5-47c9-87fa-12769303092d,82,86,7052
aabfc377-ea3c-435c-a389-b75483275e00,868f3b02-3de2-468c-ac15-ff3df7e1eac3,20755692-a85f-486e-bebe-8bb5820c41c7,45,36,1620
fe636724-6bee-4531-b003-840bd9d30cd9,e0b86059-3bb1-4363-a127-e38b1c2ad1fc,3dba7319-496e-417f-8e49-86638c0a9d11,41,72,2952
25115c84-0176-47ff-afc0-243259d78747,fff8e352-0811-486c-84ee-b7af40e1d6f4,911c1d48-db7c-44d8-9d3a-ecacf8d9e4a4,54,6,324
e35f6ecf-70a8-4129-9f22-290899acdae2,b29c407c-0a89-4395-8e16-630edb1023c7,f1442638-561d-4f1d-8b55-fa9a91293800,59,41,2419
c7d336be-c179-46c4-b4be-1bcb7efb45a4,bc435eb3-7176-4a08-bf19-b762caf5468b,795ad2a6-7357-437d-b51b-dbb92683be22,34,38,1292
89d612d5-da65-493f-b111-87fd5cd12e91,ae7a7b1e-2081-4983-a5bc-bce86b01e39a,a9b0a368-5842-46e4-aed6-acaa541d6168,14,27,378
6d970c46-5093-441c-95e8-af59c6a73c3c,4c5daf46-ac94-4227-bc98-9844bd09e9fe,5b6a3532-82c4-41e2-b2f6-8d95106787c1,57,51,2907
82793e56-e314-4606-9188-a33fc2e3911a,29674d47-01fd-4600-a86a-d3c0aa002779,493e7a21-2f06-4402-8e18-57c78efbfc85,68,84,5712
feacb862-570e-493b-99cd-e5b42ec2769e,fbf0880d-2f75-4076-8d8a-8550db4c7700,4a7a1ce7-46dc-404e-ad4a-66fb2463a2dd,80,60,4800
aa590179-c77b-4cd5-9bc2-b4af9a40d5c9,3592c311-a59a-4e7f-b9bd-89202ca0dc64,8d208468-58fb-47bb-820f-68bc94ed08f2,6,72,432
126c4d2b-e5cb-4ee6-b4fe-abab6d0f332e,a2241e24-190d-4eca-92f6-a6e5142f824d,ff6dca25-6b17-4d9b-8619-4ee078db7462,82,23,1886
31cb8160-accc-4a58-a73a-8cdf80a9ad24,3bd355c4-a929-43b6-bec7-f2aa7cb621ba,99477246-ac7c-41ee-9531-accf8ea3abab,28,94,2632
15d49c65-a022-4088-b0e1-7c2269ba0baf,db422da3-f422-45d6-97ee-ab9efbc4c47b,76e40be4-7ce2-4e2e-8553-16e0ec881bee,73,5,365
2a177676-6d0b-4458-b226-ae1c43d1ef14,fdcb0ba1-40bc-4a94-8127-a5120f3d4d5d,c7e04726-55e1-4d07-be68-8acd6aa42abe,6,34,204
578ae89b-4889-42d4-96d5-b1b052af7399,f0a7e0e9-2a8e-4adf-9031-624d36586a9f,d8fb5aa8-d2fc-4b24-ab0a-3c8dd8b9c8ee,24,38,912
a4c2a0df-dc6f-4344-897d-2c40f6c10c85,9dbab93d-7807-441b-8500-2f0da29d6335,d9de25f2-311f-404a-a37e-decfd44459ab,8,86,688
3b2c6652-3824-4108-80a9-cefcb19b6daa,3f4fb957-445e-47bd-82a0-e764e209e29a,eb6e9966-e277-474f-9df3-a4aea63e06c4,37,73,2701
7f1db2dc-517b-43de-b2fc-1315943b3fbe,ae7a7b1e-2081-4983-a5bc-bce86b01e39a,8be85a15-a75f-4932-b7ae-c13c30830af4,46,36,1656
c5bd4cf1-3400-4381-8524-2c581af8fae1,6101fb6f-f7ab-4699-9f3a-d0b54c068fcc,e77229a9-dc17-4683-b6bd-f597cb42580b,60,53,3180
16d242f7-1fdb-4393-afbd-6e32dde5c3fe,cfde623c-529e-43a5-81e3-9598e767c613,e88dbd65-5ff0-48b4-8844-250eb31e0c5b,33,4,132
50cc8124-5056-4ff8-aeec-79b92b96ee42,a25c1503-f713-4436-a793-e2ef8372aa8b,2034332d-9f4e-4349-b6ec-541df6f086b2,88,70,6160
d1e57192-0683-47df-af27-88f0f0bad18a,ea27b43d-3ac1-402f-be58-d6058a1841c5,58aa522e-43db-434b-9106-4044c21a3d31,70,5,350
54bfd90c-f45d-455b-9211-d2955d4bf3e1,b3cf8074-a442-440d-b415-6053b16cfe69,2e83cf48-38aa-408b-b151-2d69c7f8306d,53,23,1219
65883c43-9756-491f-8b0f-2c4ec60bcc21,b5a98ccd-e0bd-489a-b3f6-a27130872969,1f4a076d-2ae3-4cd7-bfd3-246154d65f76,63,10,630
1bfd09ef-c13b-409a-9b5a-aa7bc67be6fd,ad68eeed-85b7-46ae-9ddd-191e557ae617,c98f4eec-7cb7-47bb-825d-711cbfe4b759,60,92,5520
42d09392-b861-4fe1-93b3-6a1abefac6a0,5fc089e2-4380-450d-bb57-72085f151d41,6d2356e8-21b4-4e91-8e55-756abeadddf7,31,17,527
366c3e47-1d67-44f7-a5ae-118a87f85edb,55a8af73-fc1c-49df-93e2-deafb4d0db4a,ef9f1944-1be7-4eae-8084-64b661611c59,94,92,8648
c15d3b85-15a1-439e-9d1f-ff128f8b79ff,eb713971-3b9e-469e-b5e8-503d4d73f547,a9b0a368-5842-46e4-aed6-acaa541d6168,93,67,6231
9c63dd24-39f0-4918-96da-fd056de6f54f,e34105d5-b7a5-466b-a04c-74dc215ae251,2288465c-af0b-4094-8e5c-08a72c8548be,17,33,561
e123b921-9487-41e4-bdde-ae4c28ba251f,1ced70ad-ac81-43d1-af04-b9ec496fe8ad,687a02bf-3dd8-4f9c-a34e-df08ba5b8545,38,100,3800
2100d603-6b31-4306-bbee-627e650becc7,c454f249-9b0e-462e-aa25-b09eba5a36aa,fa6b0037-855d-467e-b7ff-52013c024d22,78,32,2496
1aefd52b-ef7e-4071-8958-4248ccaf2a66,a13cbba0-1de3-457c-b3fe-c4584d8a69bc,f3025a06-184d-4b09-88fa-51281b8a152e,33,13,429
ca836a50-def7-4ddf-8cf5-8632859b230e,904e70c7-af3e-4f70-8964-1e7f40331245,f3063455-a45d-4993-a01b-2f2ed11068e0,68,16,1088
1df58754-67d1-4fa2-a7e2-b800dee8f552,4206ab4a-a060-464c-9615-5bb99311f2f6,42273a1f-212b-45fc-9120-b3ee6e483ed9,76,96,7296
3d178c77-6657-4c8d-b1cb-a2636547fb44,f937dfb5-3307-4489-9181-f088998598cf,03dba866-20c5-4202-98f2-44ae30738641,51,36,1836
d6021c86-2e74-4845-a1b6-081e08dba3f8,9ed7d9da-c151-46e5-90c2-8a95aab2f3d7,af465cf2-28b1-4676-9702-b6cfd1ce5116,46,18,828
8c34de49-d080-42a7-bdc8-95398d02a7f5,7ad7f4a0-1322-48d8-9443-a76e7e782ee2,0e9771fd-d337-4dd0-b9f4-f4fa102d51a6,54,11,594
4af0b451-f093-4d69-9c53-27b9d8d86e7d,0fd97f66-cddd-47c3-84a5-c198363c7ceb,a2804839-9016-4c9c-b08c-76bd01c393d0,96,42,4032
96a66331-3230-43af-b460-469ed6a31d16,2801ee32-07d5-4d79-9485-b2a95004ed10,76055e85-0ae9-4214-bc18-834a5817ad67,30,100,3000
fc952657-0885-458d-bcfd-6b696f4c8f40,c7d13555-f8de-4e17-b3ed-0a1087daa05d,dd2fd58f-6ecd-4804-b88b-e3521bb512c3,66,93,6138
24fa03b5-6af4-480d-8a2f-d7b31d42c04a,233b0906-ad89-4d07-9da2-1670be89cb44,17188b00-99cb-492f-a163-d3cc49c2cdf5,90,70,6300
7cc81673-d3a5-4362-bf9e-dcc447a8211c,1134d393-c8eb-4bec-ae74-08ab6a1374a5,ec533f93-47a9-4003-8f6c-c4b1f4ae75ce,92,3,276
87681c18-23e7-4b0f-9a07-065f0587bb60,87549b99-86af-41be-a096-25039425c56e,50a8250c-9b5d-44cb-a808-3e71bba855b3,38,14,532
8bc802c5-babf-45b1-a057-7c80b79bfc7e,8b7afdd7-d356-47aa-a627-3e1fce927bb8,8e29ddcd-a01e-43cb-8516-f93e2a0f6d3f,91,10,910
bf710495-54e1-44a9-8d90-61b033cb9cfc,d8c9b6bc-d2c7-4286-8c6d-b0f3a2a303b3,6835ea67-dba4-460a-a367-9b4ed5dceab4,85,40,3400
7528308f-52bf-4ec1-91d5-fe3196ae194f,45423d50-6c43-444c-971d-ce8bab9e90cf,58be1800-913d-44f1-beb2-57e8a6c22203,19,36,684
0d8c0bf9-ac69-4ae1-91e0-7a598a819c73,48d78704-86c2-49bb-a43e-0b114b38c114,55f9481d-542b-40cc-bcc2-e96c7a7d968d,9,39,351
fbbdceca-242d-4838-bab7-00a33bc91da0,a242914f-25e0-4c70-b89e-3b117ae5b29f,8be85a15-a75f-4932-b7ae-c13c30830af4,97,76,7372
96ee1e73-4f08-4ea2-950e-70f37ff2fd1d,1ced70ad-ac81-43d1-af04-b9ec496fe8ad,29fca3ce-8e22-4220-bbdc-eb4b0360bf74,31,87,2697
48b261f6-e084-4b3f-b8c4-36883bb32567,2c1f3d41-28b1-40f5-a56d-e512a2cddc42,2008fefe-56fb-49e8-a311-1c88a04adc68,24,65,1560
64da970c-7d12-4d93-aa09-142f3372f2a2,cac33536-6e61-4014-98ea-f86a4314c7e3,17e3da78-968e-4d57-b0b2-ab814ed4814a,70,13,910
820e1ee4-3b3d-4cfc-89c5-5e39afee1054,654cd7f3-00f3-4ec0-9229-fd8852c3bb98,8420f17d-623f-4f37-b8da-e09939477c3c,27,78,2106
d58a651e-0c20-49ff-94cb-1138655f7016,58d0a7b1-7447-4f78-9786-c410f432588d,98a44e58-1009-42d1-8aa1-9bf1dab37bec,15,70,1050
94017dd8-5ee4-4f2e-ab47-8d49e0ca3058,e3fe702e-a3ae-4d78-ad1b-3a46ccbc786a,20001abb-bacb-42e1-9f53-70bc0492db3a,82,99,8118
c3a52925-4c9a-4806-9273-3d15323ebfe7,05832e56-2630-4338-b1ec-11033c7df866,c2c004c9-bb17-49c4-93d2-86a5e4ac476f,94,94,8836
b4bc7644-a6eb-447c-bfc8-60c9866bdce1,3857d450-ac30-4edd-9ae3-44073d6b00b6,caf6de77-4fb6-4bf9-8af1-9790e184f82a,18,50,900
ac4a0b9c-a5bc-469b-9046-7c901c5c133d,b198fe9a-a5ed-46c3-9e18-a155976d558a,35a59df8-ccbc-4365-9947-a8469c0bd23b,49,37,1813
8a75c959-18ad-4cb7-8408-1dd0bdd1e5ac,f7563e39-070f-46c2-a3cf-11cdb88629aa,54345184-8e3f-4c41-8e19-c991d950fac1,70,24,1680
35378b3f-5f77-4633-a5a1-81c9cd831c73,136ba8f7-58f6-400e-987a-3d6c4153bc56,6a39b93d-647a-4685-9fcc-a04ba690c098,42,38,1596
b1e0bfe8-0ea4-4dab-b628-92dd380e9afa,76a42282-9d9b-499c-9bbb-2a6f71ebe478,c24e5a93-63b2-4f1f-9e5b-294f402dbdaf,49,41,2009
04443a5a-ba6d-48c3-8f68-0cea8428e1c9,295e1c3b-e036-4299-8af5-9c68135b3de4,e367f146-b073-49c8-b1d1-f40f6f8222a4,47,76,3572
a1b6bfc1-8ba1-4215-abd7-e8ffda4949e1,dc71180d-250f-4c6d-a7f2-92eec7677a85,a92db5a5-40bf-4e61-9ba7-2af1d113f723,79,17,1343
475949d0-01f7-4aa4-9789-3d2083b58214,80da2f7f-c95a-4b3e-bd90-d78702e7f3a2,bba7dba5-b1b7-493f-a278-c9010eccc020,89,84,7476
472e2d3b-f248-4126-91db-059d87d8c45c,a402a84d-eeb0-48ff-9976-21e228045869,16f135d8-4686-4182-bb02-10fe225f093d,6,9,54
32da67c3-7f4a-4526-944e-81e3894d8513,db422da3-f422-45d6-97ee-ab9efbc4c47b,0ef6867c-4097-42d4-9c9b-f113dc2f762c,84,45,3780
4ffa0def-370b-40ad-aefc-9054f9628af6,32aa4895-fb6b-4aa7-9e37-4f149bce4e2d,d6ce0ac1-a0ba-455b-9e22-45945dca3466,16,72,1152
00226954-fa2c-493a-b1ed-92a36da1641b,81b2a9cf-be77-44e6-be7b-8ec1272e592b,c0c53f23-92db-4f0a-90f9-406715e6c8d5,6,40,240
a3b8db2e-82c5-4937-9a1c-aa9f23469a4d,bace12d0-5c06-4326-952b-18428d4fe9b5,55608072-10da-49d0-8437-771763a4c961,90,31,2790
dc4a5f6f-e85f-47aa-a855-e05d73e3f91b,05ee923f-a78b-4a2f-a842-f3a605e7f95d,397fbbcd-cc0b-4578-88ee-cc1e830f569b,94,17,1598
6e97ce1c-3989-42e4-b691-84a4759427f0,2a41e6f2-8e38-4c8e-bd13-06fc4716d34e,e005fdc1-7387-48f5-ab57-3f0b6ea45293,76,38,2888
fcfc87cf-2c26-4125-a00f-3db83f9c3959,fb8fe3d2-1a74-4acd-99df-c9782fae8afb,cdf5a681-3769-46bf-a647-839af58aec65,19,24,456
fb5b401a-805d-4c67-a7cf-f969dcfdbaa2,fa3d46c0-ca22-4486-81f3-030ff2abbc52,9250d6e1-e82c-4a82-a58b-7c399fb6ff32,66,61,4026
86a93659-88cf-4cc1-801a-2f9801ff6c36,20d59c05-d699-4cab-9940-055f312eac8e,9d85cfa5-62c1-4cc9-9cc3-04e1c102f129,61,8,488
56952564-5d5e-4f25-a8d9-0294adf21fd6,239a13b3-6930-404b-ae76-02d3a916138a,8ccf4775-1717-4ba4-9c76-7e698f368da6,33,28,924
8505d070-8272-4611-8c3e-0bfa5173934d,c921f8b3-373c-44e9-adab-7b652a24b704,0a9f5e0c-42e3-4ccb-9c4f-d61cf3fc2c74,86,23,1978
377db997-7823-4f2c-a951-49db7f81c7b3,ebcb43da-70cc-405c-89ae-386b20658a8f,8057b6d9-9946-43f9-8b9a-f6e2f20ef808,62,72,4464
99d8161b-98d3-41f7-84cd-116d93f93c0a,7d8d12a6-d190-47c3-9f19-77154404c565,786fa989-1132-458b-bef3-07efdb20389f,80,77,6160
3eaee9a6-1b03-4031-83be-b001629f1db5,c614499e-f49a-44f5-ba69-cca32ff6463f,e5163e09-caca-475b-8c5a-7b5a4553a150,15,52,780
f43236ed-0c08-4e23-8fed-eac262832793,fdcb0ba1-40bc-4a94-8127-a5120f3d4d5d,3da2d15a-8fbf-48a3-841f-786ddfe497ab,60,14,840
3cc44441-828c-46c3-8040-2668d485515c,f81aa091-2632-4539-9af0-869e6e64d5ee,03425608-3150-4528-8969-095d1acf3709,45,38,1710
8432369f-99fa-4067-8b4c-d5383653f546,05471671-0af5-45fd-b127-75ec24312313,24308cf9-1798-4fea-9e51-81834588abde,26,38,988
25d2ecc7-0ff1-4175-a2e7-bf2bbb26bb91,e8f86a2d-1002-49ef-b3cb-637ae2318edd,afbbc666-f93c-4113-a29b-2f6af795f960,87,18,1566
3a9d5297-eab1-488f-8996-78f2c83ec29d,bcb443d8-ad75-4e97-9296-133e9830c813,bfeca9e4-90cb-4f6c-aee0-0c63e8cc7224,60,16,960
6d384d62-b81f-4872-800f-c6edd90df7c5,1ae564ec-b912-467b-9e0c-31f21c93be87,6e7c35f2-3190-41ee-979e-253ddda08895,75,15,1125
9f9c4865-37c0-4fba-ba4f-cb4cf04d5276,ae7a7b1e-2081-4983-a5bc-bce86b01e39a,2c363c59-7261-481a-8e66-24b30a78392f,31,40,1240
681a517b-d1a8-43df-9be3-49c43b4293f4,b8de0a2c-a157-42b5-9b39-5fd0f94596ea,1c69504d-fa75-42ef-8bbd-d6408ad1f7bd,83,59,4897
e9ffbb93-8cde-42ee-a3e7-105afa334ac0,228366f5-17c2-4659-aa7c-c28fb9a86a37,35e912e5-bcb8-45c3-b1a8-7020564fa0eb,44,4,176
56fb9aec-4571-44c3-b0dc-5c7e41641d1e,5e81fddd-8ad6-4c85-b28d-46707f5a7448,f67526d3-ac98-4b87-ad73-6f8c0888612e,30,85,2550
841db8e1-4039-47a4-b690-0281d5802432,85715b26-8ada-441d-8bab-a696d7102153,f36b3f12-4afb-499a-9cf0-3b06d77be094,92,45,4140
b27c19d0-eb5c-4811-82fa-acb5bf294d5d,b19ff350-cfba-424b-aa07-9d3535933db7,2c748e39-4183-4b81-99fb-1c713fc867f3,27,95,2565
08c56b10-9d0c-488b-9310-222fe81e388e,7ee765d5-3c17-4fb8-9edf-5e044399ffb4,bd1f7cd1-160f-4d1b-a008-48c89ac211e0,57,94,5358
bfabe24e-1a88-4bdc-9602-666f3b6a6539,ad2d501f-0fc3-4aef-a307-c2d5a8479209,0de2774f-64ef-44f0-860b-e0eafd8835a5,89,33,2937
8e00bae2-1339-44da-81f4-c499a9ccca96,2da8401e-06af-4687-b726-03d21a8c3be8,b8072c14-c7d3-4569-b5a8-d9d557bbb6c3,79,15,1185
676a80d0-87c0-4951-915a-e06518140a1a,ab6db3ad-13cf-49c8-8920-b9caa41d9794,e8cd2e98-2e95-437c-b42c-9eaf138b880e,24,9,216
d035acd9-a148-4fed-9ea3-00c51b2a1368,d77d6403-e07f-4209-93a6-9672613fe88a,2c8ada99-2f2e-4071-a78a-8f8a4972025e,77,20,1540
c17365bb-dea5-4c0f-b344-45f9cabed697,5ca00c28-74d2-4c5c-98df-83a2d0039a68,84f80ec9-0ce9-4c8e-bd36-0d196142f7f4,94,20,1880
2a3178e7-c9b4-43f9-8027-3f5afc0f72eb,342d26aa-629a-432e-ab86-7a7989d7c732,5a9aca21-3441-435a-8c19-79d86758c617,8,58,464
93387f2d-a2a1-4377-a510-00c942a59747,92f674bb-5d7b-466d-92de-4fabdc61e7d9,3937ffe7-31f1-4c82-932a-270b1fce8f5d,15,68,1020
abcd858d-f1a6-42e4-bf50-31d388a30848,52645e1c-fe7d-4a6e-9360-647c4ee6da36,d63f471f-1a3d-4a9f-9b08-b00e8847fdf0,6,73,438
5e6089ed-5c4a-432d-810b-3031fae1fb36,4f443193-a24e-421e-b8fb-182b62ce45d4,0fc44afe-f6d2-45e7-86e8-3b5507a99d65,86,43,3698
8c3b9647-4efb-4811-a4a2-315205c6248f,c2007c8a-9d79-43ca-8068-c660f72aab43,aa16b3e9-c651-4be4-957f-87b1665fe457,54,50,2700
524c31e4-fafb-459f-a0e3-55d1feb4c01d,54286953-4d1b-47b1-99fd-d844b6779b53,ae23e29c-b426-444a-8865-007fb381bc2c,26,97,2522
8753abd6-2ad0-4390-ae8a-df4e26419114,3b023c4d-7764-407c-b33b-7e9a1dc8395c,8316844b-2b88-4d4f-8734-564ba544d79a,49,64,3136
6aee513e-58fd-4d36-bf01-cb2e092d8beb,ec680ce7-8b25-4c62-a3bf-60fef690618b,3dba7319-496e-417f-8e49-86638c0a9d11,35,3,105
68362f32-b8cc-4fec-8a28-d02580a2b428,de320190-86a8-47a9-b7c8-03d06b94dd60,f3025a06-184d-4b09-88fa-51281b8a152e,78,94,7332
786ceb0e-5658-420c-bbe1-86b2720fa517,539f188d-02dc-4a8d-a8b7-6d8c8de2d4d6,9eb37d01-b581-42eb-b974-cffe6a487487,26,17,442
6dd34ab8-ee42-411e-bcda-362323ddcb9f,43485fb0-60af-4e3a-9cef-06b72e87eaf0,11ce7ae1-d86a-4dc1-a09f-6fc05a71a2d4,25,42,1050
359f208b-58be-446d-9050-b90fb0f54504,68e4be0a-d58c-4932-b565-f1ca2f0918e0,0bee947a-2090-43b1-9831-e78d21e02e9d,53,80,4240
a1420d5e-c55e-4559-a955-180e8b4c0036,b131d631-2ad0-4bd9-a214-b560f9a37b85,8b8fdf70-bd7f-4fe4-b955-8f769b195bfd,27,47,1269
05ca9f65-eb66-420a-a6a4-902a3331a4dd,49f64f97-2987-40f8-91db-ee74b0636c54,c6a63f7d-0642-423d-b3c6-8578d92bd02a,71,32,2272
52b817d2-52b8-4859-98e9-43e8850c868c,9068ef41-2f8d-41d4-a444-74243dc46adc,346eb4cf-d0c3-4f89-b055-002aa718a21b,9,53,477
e44b59f8-1c17-4fd2-b6c2-3d387c74b990,9f484c34-18d8-4499-bdbe-46f3b0c630a7,ac25d826-05dd-4a0a-a143-559094dd0fd8,53,78,4134
6862c682-8f5e-4219-ad1e-4d4cd7c59bc5,fcb86d36-db35-40c0-8e64-c626a373fcf6,c84925a1-c34b-43f6-bb6f-18327d87426b,78,9,702
94c641fd-4c96-49e8-bc69-3ee88c7a7e54,802c815d-958c-420b-98d6-c1dbd40fed97,fdc31c86-a6df-44f9-a37e-c8106d0a18a7,14,100,1400
9cf36b09-831f-4455-aa2f-54f8ba455c20,b2c159d0-2355-47df-b7b1-b593eea2d90a,0eebec38-4abf-492f-b6d9-95dfc9858432,13,11,143
c99e9952-683b-4e15-80f1-0d1fb922a5e0,2877bc42-3e7b-4b19-b953-4b29344cfd5f,74af0867-4d5e-47b5-b37f-253efefabb94,96,90,8640
45c470b8-6d5d-4af1-bdd0-70b6174c1d86,76f0c176-5489-4e49-995f-af45687fa79b,675d8dd0-9220-45b7-9380-3bcaac8f528e,17,84,1428
70bbe9f2-b407-421f-bc4e-d1a864c1c09b,279003d9-5a19-4113-8989-17253eba148c,3a61d636-70f3-465b-80eb-bd3de18e0485,50,99,4950
d0785490-f5ad-40b3-bf21-5a9504a1c87a,c7cb8ea6-1651-4a8c-a969-a201aa17caba,ab0c2f2b-c272-48d7-a11b-14f804928203,46,55,2530
9e4d1302-2310-4fb0-bda8-70fab0e128a7,3143abfe-9694-486f-976e-8ab22a453d50,a8410db7-d7a8-4662-a306-82140c7fe2e3,3,79,237
1c204c53-e8ab-4863-b98e-51419f019890,91b9456b-3234-4fee-8e2b-486fb404dc7a,b6af2461-836c-45ee-9902-abfe262d3080,64,29,1856
107e56d7-3837-4abd-9844-69b7569dc8de,bd373caa-600d-4d69-a5f7-07c7bec6df64,e706c286-ed98-495f-b282-73421e6ca847,50,46,2300
bc817086-50bd-41c4-912b-5627b7b4259b,39a55f34-93b1-4841-ab0a-7883b76d4569,f8269cc3-b0ec-4b7a-b4f5-c413f106754c,13,12,156
b5457ce2-bf57-462d-902c-97192520692f,fcb86d36-db35-40c0-8e64-c626a373fcf6,54345184-8e3f-4c41-8e19-c991d950fac1,70,35,2450
b72a0785-08a1-4d3a-b943-034411506d0c,2a30236b-23a1-49b7-83af-4a2c3b08c739,550f5697-0793-4af1-9003-cd72e92ef6c0,28,40,1120
e1d5529c-dde2-414d-a81a-163a4d31f3d6,9ed7d9da-c151-46e5-90c2-8a95aab2f3d7,31fe82bc-5af1-4a9e-99ba-e0a5cf02d68d,10,39,390
2317c245-ca7c-42c8-9402-5559bdc8c68f,7ea371e6-cfca-4a33-a26a-10e65d464a01,1663c551-d992-48d6-a0c6-693133b75341,96,72,6912
a9bfd73f-b85f-44b5-815d-75d0a92a1628,ec4a1325-69aa-4836-8664-3f3f1cd8e08a,3a60ae0f-e6b4-4e94-aeef-a8542c81eab0,8,32,256
f52baaac-7628-41e8-8d8f-7409da5db2ce,1cab2e23-90cb-41da-ad35-a136cab45890,e706c286-ed98-495f-b282-73421e6ca847,82,46,3772
8e211976-0ff9-4fa7-a134-86c557a0f088,0bfce378-b45a-4d66-9151-4e7df26dcfb0,fb01a885-93c4-45ff-8e4b-29f16ccf0d63,95,70,6650
c84aa581-6edf-4160-9322-10ad81098c31,586555df-a03c-420a-91d2-b2a2256c69ff,70748a0a-0afe-4188-89a4-663d162b96d0,74,9,666
c1b6e647-4061-4d78-a484-3139c3f83c5a,10a9195e-119c-4955-a45c-62c8a9fa4f3a,f8269cc3-b0ec-4b7a-b4f5-c413f106754c,59,3,177
3cceda53-27b6-4663-a658-46301c480674,75d1c804-72d8-4a63-995d-f74110e7012d,418133d1-2a13-498e-9527-ecd106249cde,51,65,3315
64203bde-9ed7-459a-a1a0-8009d2838e4d,df2a3649-4fb0-4aad-8fda-2d3bda4fb35e,845c9b6f-f8ce-497b-a07e-b5f7b8dde071,75,80,6000
ee1ce5d9-e5c3-41d9-8c0d-895efdf2653e,239a13b3-6930-404b-ae76-02d3a916138a,5782f885-5a9a-4be1-bedd-39faa2d2dcc8,30,17,510
632b329c-8c8c-496a-884f-450dca89d69b,0e6b1836-c127-4b8e-b244-4a55cfe3b55e,e5785db9-73d2-47a8-91ed-ee78f83468d7,75,31,2325
2d4bec5d-3f90-485c-9110-3315b83ad85e,8145a66e-d256-4066-ac68-1d547a0cd39a,b3785777-c963-4768-bd12-2550be67b19e,20,99,1980
cc9ac597-f37a-4bf2-91b8-59e4af7bd65b,d193a59a-f095-4ac2-9867-9dadccc40b3c,2dbb9d03-f61f-4d63-b66f-95e18c1eea00,67,33,2211
33a31a26-a2d0-4892-bf91-a9fe448621c3,2804ae12-d7aa-4ef7-ae4f-b664f4359d01,b1a0f409-b81d-49c8-9b73-6d0812748efc,18,95,1710
edb6d697-bce2-43ec-9ceb-3cbff4a90e3c,bcb443d8-ad75-4e97-9296-133e9830c813,949a5e2e-4d08-414a-9e72-29c461179cdd,3,53,159
1ab062ef-3ad5-45c3-b176-8b5b79b20d33,888343d6-ccfe-4500-aab8-8d12564b5aa0,a9f21b07-2d73-4d63-a00c-2eb76cb0e085,52,5,260
c56d0eeb-b125-4ea2-a899-a83b07a0528e,0d06e308-01c6-41da-889d-d44adac4ec5e,cc70fa17-d828-4a26-9053-e1c96415ff59,8,73,584
30d4d61a-eae4-420b-a4de-bc07dadc988e,5814c14a-cf3e-40ca-91b0-d0df955fa9e3,9cb80405-cf41-4e69-8efc-9bd94edade2d,26,64,1664
05afeec3-46c2-4ab9-92ea-9d84b8f41b19,57f4c543-0f59-4fe6-a124-807e26b70429,aa16b3e9-c651-4be4-957f-87b1665fe457,91,88,8008
14ad68a0-8fe5-4372-a1ce-f2dc0cdc3c2e,fcb86d36-db35-40c0-8e64-c626a373fcf6,93c1e54a-8ff8-49f6-a1a0-ed1de4315d52,32,55,1760
78b62ee0-ac74-4af6-8991-fe4f6c77e925,8c9d1e67-38a1-4f8d-a7c8-3c1e4c3a8b8b,e9bbe60a-6088-4685-8c3a-9694e0b55480,81,24,1944
764d3d7e-c7ae-4eb5-bd7e-75c559536e2f,06c529bd-0037-4211-a9da-efbf05a8ed8a,713cce20-eefc-4677-b909-43d12481a213,60,73,4380
a14fb948-e8c9-4ceb-be43-4c6de879e852,bf5e82b0-4e84-4043-b77d-5b6aa76cae63,e4c5374d-52a8-4848-997b-1a0b637fdb43,34,55,1870
0a5c9b9f-36de-40b6-ba6d-9cd08219dd06,dd9b3692-0ae2-41eb-8c7b-c033cb98d5fe,94de8b53-63d2-44d7-b39a-85f73b841874,48,86,4128
4e8e1894-c7aa-4ba7-b07e-e07e1d92a621,92fb7fb4-307a-4331-9032-f62c3aa591b3,8f7a4e53-df97-4e5f-bca9-70b7fde5440d,91,46,4186
ac6656e8-9765-4646-8882-1dc5a1db511a,a402a84d-eeb0-48ff-9976-21e228045869,88e8ba8f-c071-4a1f-bd03-ee1361e7e8bd,98,47,4606
6990e954-a8bb-4551-a3b3-18cbcfd9acd8,42027d73-2588-48ae-8ef0-0b6454c6c636,e629bab8-eda6-41ca-8ebe-d404ac51f205,13,20,260
0a5fb8a0-e0e2-42e9-85a3-4ae8f31b7060,aa59b934-ddba-4278-af78-68669d90cfba,60bd55ba-7e77-45be-8a09-f2ccd890df6c,91,9,819
3f05ccbc-7aea-44b2-b7f0-c6b12b1716be,5a8d8c00-85c2-4bf1-856a-42c643c7211c,ab0c2f2b-c272-48d7-a11b-14f804928203,60,39,2340
93045dd0-540d-485c-aa15-dbac75f200df,04117be4-5f58-4b4f-a536-9b989ccbe335,6722d01f-fe9f-4a24-9376-b006ea07c5ef,52,83,4316
281ac686-56d9-408e-b98e-362899cda08e,0c550063-3be2-4534-9e05-3a0dfc6fb897,66a86642-e4fe-47fb-b6d8-edf9fc730ab5,52,32,1664
e0213e12-17a0-490e-9175-1f520f2bc7a0,8d8d7fac-141f-41d4-9fb0-485337480631,d0a24cae-08c3-4b5d-9923-281aa4cd4a76,7,83,581
aab492f9-3dea-4ccb-a5a8-613a46c02ad0,f6dd31d9-a6b8-450b-8fd8-a053fda30f14,fb036033-9e9c-425e-b62e-88eae161c5c5,100,100,10000
d18ffd2e-6da4-42d5-9683-d045d7506d93,c0d177de-c8ff-4702-88b0-1b28d454ca8a,1078a977-6625-4ed0-88b5-b90e75747bf9,48,25,1200
b427f70e-8198-48a4-bc25-a85b37ee3b65,db84ac51-bd55-45a4-b1a2-8f473bb0b5c8,f9379385-0ae3-464d-b8f0-5814eab80d3e,88,61,5368
7b49736e-7e37-4f31-8dd5-c992e0727dae,32edbb34-cf85-47cb-9f57-36c8264856c6,5452dd06-295c-4fdd-b955-d9653511d286,43,80,3440
bba7acdb-4b15-4569-8af2-26c7334402e8,304cffbd-1f6f-44a5-81fc-eafc6d525a6f,dcfc2d6f-7ce3-41e3-a6f5-8a560fe547fa,92,94,8648
122a3e62-bb48-4204-9146-a877e03c9d24,b3598a1e-5d7c-4eb0-9f29-e7354f1db3e4,8cdfea92-c4a9-4061-8322-fb91c6bb7ddd,83,69,5727
14f3f8b0-97d1-41a5-a1ed-c7dfe1297783,6cf40a11-14c6-4934-bb56-e3c3223d00aa,4becc137-8bc4-4491-b684-26410c55afb6,16,48,768
3ee5b1f0-ac5c-4cd0-b67c-d3b7ad5290f3,ae7a7b1e-2081-4983-a5bc-bce86b01e39a,0ebe316a-0d6b-4989-890f-7315d95f690a,13,22,286
6e890678-acd5-4b69-9158-442864a51ab6,81ba48d7-7840-4527-829a-3851a89ff0ed,bec71f92-4abf-4c6b-8919-ad95446b8462,24,23,552
65d5cb9e-6474-4dff-b73b-4a5df19e33e3,b2359767-cb87-4ee9-805b-42815b3fb29d,bba7dba5-b1b7-493f-a278-c9010eccc020,78,74,5772
ef578c53-fe6a-42c7-9a2c-207203970c72,e9346524-f64f-49d6-85d8-81d00cf66473,14c8a2b7-e4b4-45c9-ba6a-02e450e13467,35,93,3255
9ad30bcd-46f0-4469-8f11-738694aa6087,1f6faf77-d7c4-443b-8956-38ae1b97705d,b85c5de7-70f9-4d53-b5f6-dd441df816b9,75,30,2250
78e4a80a-5902-40d2-b075-10a90858ff42,f18ce207-7a58-4752-945f-64877d48f7b5,8e5f64bb-74dd-4d74-83f0-08892168a880,30,23,690
cc1c8fd8-ddb9-4db5-a84e-6a2db5726821,57974db2-4d95-49fa-adaa-abc4b0fc3135,e474c9d7-834b-4248-afe5-6a0b5a124610,52,62,3224
269d138c-4833-4ec4-965c-b6e02f1681ee,1cab2e23-90cb-41da-ad35-a136cab45890,27933e94-e929-412c-ae74-6b2580b7cd3c,5,36,180
ff53c734-fbaa-44c4-ac5a-431e0007b205,157541c8-b7d9-4ef5-b13f-6f832510cbbe,d28a1ca5-0c25-4baf-8384-72240bc44fe7,20,65,1300
72ee4fbd-f408-445e-8a09-498eef1ff931,b29c407c-0a89-4395-8e16-630edb1023c7,8f7a4e53-df97-4e5f-bca9-70b7fde5440d,24,12,288
6102bd45-819a-4f25-a678-34504c00324b,02832cb6-f7eb-417f-a85e-f7f261f2216e,80cb2348-1264-4bb0-a407-bf9560b16672,61,32,1952
ad756fd3-32af-462f-b454-77e0278a8ca6,5ca86c84-9462-435e-b7e2-b1a3498a1b7d,4153effe-804d-4801-87ca-fe74ebcaf4dc,100,40,4000
5263abc9-3290-4137-a470-90d991a535b1,cdb29705-d91a-4222-9665-e2c41fc5f957,4b20131a-ed84-4753-b12e-15ddf75e5f5e,81,82,6642
296cb3b1-fedf-4bba-a33f-51e3fab56e40,f2009a48-90d1-4703-8b5e-60ca01e91d61,a9b0a368-5842-46e4-aed6-acaa541d6168,13,33,429
e5188e88-b734-4684-af41-05b11f41d998,35595288-660a-4b24-aa76-33dbd2621b4d,6b1435bd-9ff9-4f16-b33e-72f81ecbd676,78,66,5148
ea63191e-fe89-4381-9386-09e89e7121e1,606c3630-989c-4900-943b-526e4b391d9a,f5dcd508-1af2-4c48-8213-20490102fe6b,45,17,765
9e537c4e-a99b-49ad-b4b9-7598abc6f76d,bace12d0-5c06-4326-952b-18428d4fe9b5,a5194a5b-be06-4b67-bdaf-48361ddb2434,57,71,4047
2ca12bb0-7caf-48ec-977b-7159e90aad84,21c17e3e-2070-46a8-99e4-a86632086490,ccd6c184-a816-4b63-a461-dc05159e6c8b,95,4,380
6abbfa7b-8739-437f-a0e7-51491ffd34a8,91a9e8bc-e7ee-412d-876f-5c5d70bc6928,9ef714ff-5bbc-410c-85e7-4e464ffc184d,16,80,1280
6d196103-97eb-481f-870b-8a9f2d2dac1c,4dfe3b9f-aeba-4048-b146-d00db2cb8f0c,d5b91b12-7bc6-40dd-ac63-ad8f7a2d1189,98,69,6762
1e768a3a-e884-420b-8854-4c26fb849a76,ccbfcd6d-7d94-4a88-96b5-b6340bdd136f,eefd9774-f400-4886-b4ae-7eb456c7b00c,38,51,1938
097ab630-b1ed-4df4-8ea7-cbcff186d65e,228882e3-eb42-4c33-ae79-5e5b38265f71,98fab076-d059-479e-9ac1-9eaa91a00ada,23,32,736
aef609b3-dcaf-45dc-b2a0-9a3b01a2d2c7,05e2f87d-f692-4a75-ad8e-b3f273816703,c98f4eec-7cb7-47bb-825d-711cbfe4b759,22,84,1848
6a1193ff-3f1c-442a-ba15-a75993ace4a5,97c68066-fab6-42cc-9e67-df7256d6762d,d8fb5aa8-d2fc-4b24-ab0a-3c8dd8b9c8ee,11,92,1012
33476014-26df-417f-a779-44cafddd85a5,ffbcdd5c-c158-4652-82e5-620121799add,974e9b81-061e-47db-83d6-b03b33780a47,50,15,750
23f1ab9a-4685-4e34-87b4-896d051c878e,0fd97f66-cddd-47c3-84a5-c198363c7ceb,f6af5a52-b992-4a1a-99e6-8fcfecdaea17,75,18,1350
00d73eb2-c86d-4685-b557-0474bdd5e762,fcb86d36-db35-40c0-8e64-c626a373fcf6,20755692-a85f-486e-bebe-8bb5820c41c7,84,64,5376
91762904-1575-41b6-a26a-16294b0eac80,5a4a0d52-4be9-4013-919c-48f91cf5bffe,c4da1bd3-a62f-4d95-ba2b-c73c68bba524,22,52,1144
a273d637-e541-49bb-827b-76039347fcc6,01dc5a70-c8ad-40d0-9d2c-54986c31766e,5782f885-5a9a-4be1-bedd-39faa2d2dcc8,32,27,864
d311cf5f-2fce-40c9-bac7-c1e32ffe687a,5eb9785f-29a2-4a61-b52b-354604b08a9d,b71d1108-ca8b-47db-8fd0-2b4700d6a17b,42,57,2394
b3930835-7f54-41f8-8608-8068795bdbc3,6a2c87c0-31db-49f6-88bb-c9e8b40b99fd,d7795c1e-aec3-4e90-b1c0-637ef0776ade,16,14,224
41fbcf34-96ee-4ac6-ab71-b07ed10d60b9,deb2409c-2167-4ee6-bcec-3a0be0f0ddf0,48230361-3160-41e7-bd2c-e166ff9ec639,7,31,217
be549ea5-83b5-42c8-a6f8-b6a0d1ab557d,4cc2a1f0-aea4-4b3b-871f-d7de8b206883,223d8ca4-286f-4b93-9c11-cb864c02d02b,14,7,98
29a21e63-4bfb-4edf-82c2-56f776bde6ce,75660e11-25cc-4f0d-9824-86ee6b2adda0,375d9985-c3b6-4c0e-8569-ff70d297e263,41,9,369
8e591561-8877-41bd-8690-5b81431fcce8,888343d6-ccfe-4500-aab8-8d12564b5aa0,2d72bcc6-7ad4-441e-a58f-a781a59d42be,4,52,208
6580ad23-f29c-4ff0-b458-47cfa830a99a,e9f49e10-f49c-4efe-b900-a7bf3f9fa042,52991691-ab37-40a7-9a57-4b56d676c86f,78,83,6474
65cbf1ac-2b46-4816-ab4a-06617012004a,67368c1d-6254-4b4b-80ab-1ad54319cbb6,f9d83226-9535-4fb4-b216-df362906a0b2,8,85,680
2d0210c8-693f-4b9f-90e6-9de030ec184f,673d78ae-a587-4942-866c-0509062e2a31,61cb5163-9662-4401-ac4a-5c9a0d0cce36,62,91,5642
11022e10-f8ec-41f2-bf10-9d15bea35152,9d337328-c0e6-4e43-ad02-ef25c4150e69,5507a48c-e773-4ef3-8665-c196dda1a331,91,67,6097
69bcd50f-a902-4293-89a5-7914d84c3eb5,7ff5f266-8cfa-42c5-84ce-6cfad65cef3d,af69a94e-43ca-450c-a425-5e9950d33ecb,62,66,4092
91e691ce-0ae4-42cf-9fb9-4cd7f62b3253,c537fb17-b024-4a02-9952-e7dde8294a46,675d8dd0-9220-45b7-9380-3bcaac8f528e,48,68,3264
2c6cf05b-e2f2-4178-9ad3-a34e4a5a5ae1,5d8efda8-a5e2-4048-b984-2e4f734fc4df,b9b0fcaf-69cf-4885-b54a-21ea4d2d6726,61,42,2562
85990f6f-932a-4b25-a729-e62d0afd5bc1,48d78704-86c2-49bb-a43e-0b114b38c114,bdc00929-4354-4d3d-96e3-35ee3e458b99,23,74,1702
86f9d5ef-460b-47a1-8867-f622baa8ad4b,6adca90f-d9c4-4540-895e-3ea9bf4198f0,c4da1bd3-a62f-4d95-ba2b-c73c68bba524,81,54,4374
6f4218be-ec68-4162-9e0d-93c50387cfca,56f246ff-445b-4065-b2b8-4e4f9fdf17e6,b77af8ef-7fc5-40f8-8b1b-cda903dede74,68,77,5236
e8492a9a-3fe1-4ba3-907e-588804baf5f3,d7d16f49-6633-40f7-8dec-63bafbfe4c2f,8d98f542-bf52-4030-8adf-dddc21b88e6b,60,61,3660
623777e8-1d52-477d-9bd9-c4a53b7d2d52,f7209742-ca37-457f-8caa-c957f1dbb03c,22a4b614-5061-4e6f-a8ef-d3d4851678f3,46,100,4600
cfaebd62-c913-4e3f-9472-de9ec7f56ca7,ecc74b69-0f5c-4614-8d35-386c2b13446c,96bf82cd-14d4-4485-9fd2-6e1b38556245,55,32,1760
37159a0c-ac29-4283-9b5d-e62e49d7c286,8145a66e-d256-4066-ac68-1d547a0cd39a,ea098ca2-4db4-45e3-8be7-2eca42c9f380,14,77,1078
1568105d-f709-4bef-a9d3-1c83f75c2844,5c2387bb-a098-48ac-97d0-1963e25096e0,ab0c2f2b-c272-48d7-a11b-14f804928203,41,50,2050
8c0eda77-1c94-4865-8459-4b38071480be,f6d79acd-f7c9-4e3c-bccc-f061d0082807,3937ffe7-31f1-4c82-932a-270b1fce8f5d,73,77,5621
09da483c-f298-4c11-9b6b-7abe3171b77a,e9292454-5da4-4ce0-8f58-98c706bd64ce,aa6713f6-0db3-475f-9902-bfa4c85ac8e7,40,66,2640
f07f648a-de53-4ece-b708-1a3b61db184f,c1193739-0df6-4ef4-9b1c-bdabb09c3113,1c69504d-fa75-42ef-8bbd-d6408ad1f7bd,25,76,1900
00749df4-0584-485d-a676-ec1c345f2f1f,26163d2a-c3bf-41aa-903c-a33d9ca50954,a3ead842-708d-4999-b48a-efac77269bd0,43,83,3569
fe5f7dab-f243-4366-b470-786b1160ebc9,2a7f7790-c683-4804-9100-cff9531c6cbf,17188b00-99cb-492f-a163-d3cc49c2cdf5,62,81,5022
2910c3fe-2209-4d5b-9656-c18c39d787a1,44fe68c5-967d-4fc8-b462-01e4a6b0e052,c92fa6b8-8255-4a48-931b-25b5fe9fc717,76,12,912
43b603d7-2507-48ff-b27e-daa38781ee7a,02c8cea3-54d3-46ca-9307-1510e0387325,fb01a885-93c4-45ff-8e4b-29f16ccf0d63,74,85,6290
52aac975-d304-4795-9bf7-4c5d1c96afd6,deb2409c-2167-4ee6-bcec-3a0be0f0ddf0,48a7c083-ac5c-4df9-958b-0d73631774c9,11,98,1078
3b2ea072-0d41-4c65-9003-4cb3bc35e19d,79b4f34e-5f21-4c75-b29d-c9e34396581a,61e4fb5f-9283-4b59-89b3-ecc3f81fb0a8,74,59,4366
77c1b410-92d9-4a45-9ae1-82e1f9eac24f,2c1f3d41-28b1-40f5-a56d-e512a2cddc42,43015493-0506-422f-a805-092a579461e8,66,68,4488
5dc42a71-c981-4d1e-b5fa-13851e1d52c6,7e07b11f-ea47-402f-8f34-3dcef4caefb6,32cadf99-b201-4e72-99b6-d1342899e1f9,15,35,525
92d6a3e0-aca9-41e7-b947-f28d22fbb58c,0594f959-4c8e-44f0-aa3a-26c5e347ea85,3129bec1-1d0b-41c7-9c5e-42586ade6b3b,28,82,2296
ca07f8d2-f9b5-4565-acf3-9297746da710,26511c84-bfe7-432a-b64b-659ec5dd87dd,61e4fb5f-9283-4b59-89b3-ecc3f81fb0a8,7,66,462
4276f770-2d14-4152-9fce-703a858076c4,7ff5f266-8cfa-42c5-84ce-6cfad65cef3d,dbf29a42-9f3e-4bfc-b220-e4b08349ea44,59,94,5546
a442cc6f-3ce6-41df-8ced-fc18788f2d01,04f18937-c801-4942-947a-1b14152533ca,42745cb0-d71e-4784-8b69-f11fb6c23172,51,89,4539
9e20bdb9-a7cd-46e9-a91a-c5089d4285c0,f81aa091-2632-4539-9af0-869e6e64d5ee,a3fb7570-0d6f-4f66-afc1-b93a21734746,13,80,1040
c8c9e49a-38c7-444b-9933-411fa0d4387d,bace12d0-5c06-4326-952b-18428d4fe9b5,86502d5d-17b4-4451-b671-578b72140db9,90,88,7920
b684318f-9d2c-4387-a1bf-33935583eec9,04f18937-c801-4942-947a-1b14152533ca,0b01d572-6677-4827-b1ec-b66cb5a27996,100,20,2000
6d19725a-ba48-4653-a77c-165321d78bad,fe709cd4-d4fd-4a56-8ab5-85bbf2a83330,42273a1f-212b-45fc-9120-b3ee6e483ed9,68,39,2652
a5a4084b-1d97-4c07-ae6e-242e0fc60fbc,0e6b1836-c127-4b8e-b244-4a55cfe3b55e,f1b28633-43d1-4785-8fa9-145bd750a770,81,37,2997
029d27d8-b92b-46b2-829e-af2aed25bd44,f21647dc-c908-43d2-b7f7-57cb7336439b,e706c286-ed98-495f-b282-73421e6ca847,11,76,836
a87b8613-603b-4e15-a03c-e92f5ed25f31,fbbc9817-1e6b-47b0-a400-f37dd6582888,87c0217e-c175-4108-8ddb-03f2206128eb,17,52,884
79185730-3195-44fa-a430-13499199ba20,d52d798e-4a77-4e15-8923-cc4360bee8c0,5ca509e8-e0e1-4ab5-af90-8c1c8075b4fe,44,13,572
fc52fa51-2423-4120-a6bf-912c7cdd9075,5d1549d3-3ae0-4e2b-883c-91b03a94692b,eb4f1dbd-da6c-4289-8096-0894c6c98d72,63,18,1134
00667864-a54c-4021-bb9d-5812de6dab7a,c47e440d-09a3-4f72-acca-6cb03bdaf964,ac25d826-05dd-4a0a-a143-559094dd0fd8,24,88,2112
802dd1cf-4028-47d4-97a9-cbcbe1fe5843,ce66d4e9-ba32-4a55-9edc-d888b5fc2e49,25405d01-f2ff-4d79-9da0-c12971c55715,8,7,56
8e59f183-63ee-4ada-b8e8-fc21ba6c52d8,999d658e-88d9-4a3b-b593-9b80ba09a119,1f5a0085-3941-458f-a1cf-2a38124e13ba,48,6,288
7fcb627c-2657-4e7b-8d1e-d5d38cce65ff,b26c6575-9aaf-4083-aa0e-6158f207bf24,8e29ddcd-a01e-43cb-8516-f93e2a0f6d3f,32,40,1280
0b1e02f0-cf08-44a3-90cf-12aa4b8de174,72ea8d98-1f95-4768-a5f7-ff2f847f7681,ac02d6f7-e6f1-47b1-8862-15c2c732d62d,11,8,88
bf3de178-aed5-4abf-9851-5187908c6d12,7ad7f4a0-1322-48d8-9443-a76e7e782ee2,82900d9c-39c6-4e9a-aa8e-6c0611682f5a,16,69,1104
26ac6dd8-1325-4a92-ab0f-2781123f62cc,89aebb63-f6a6-4c89-8e52-1b3b091eac88,b2da655e-e602-4102-aab7-e97a6b080df8,14,66,924
f690be23-ff0e-45fd-b508-bf51513f1588,329271a6-5448-4f1d-85b5-8234141094b9,542a65da-0566-4f19-919a-0646ff2d6c41,63,42,2646
d4e8a8de-564d-4785-92ba-1bae32db52c1,0f806046-3ead-4342-8e87-efe29458e497,b26c1487-b0da-4434-b0cc-53eb51abb3a0,57,54,3078
258e7249-b58a-4024-94b3-34c968408b21,111201ea-a501-44b9-9f2e-a92967bfd46f,4677350d-c8ed-483d-9d15-65c0d59d223c,44,45,1980
c7a68609-a3cb-4678-abe9-1160fe0d0eeb,ac271c1c-47d3-4d03-b686-83bbd6e3b6cd,cb2579d3-75e8-4f46-a328-8e999d7097d6,79,1,79
54c60066-1e24-43f4-8de1-01699f992794,cac33536-6e61-4014-98ea-f86a4314c7e3,9249d867-a5c3-4015-8f1f-95b06c5c9896,76,4,304
ad574b73-7852-44f3-a724-5d87536efd40,c4edeb04-afef-4968-85aa-20e308ea3395,c8c04901-5ea9-44c7-9df3-3c4efc116291,9,84,756
cd837a44-c796-458d-8163-3030fdb6d436,19626af2-a8a6-49ce-a8c3-2ea10be67669,11ad969d-34a7-4056-83cf-922113f993e1,43,40,1720
a9f14c1e-0288-4e58-8970-a3e39ef53247,9a36d11f-757e-4cd5-b0ad-6c8df3cfe208,c2764443-3676-4b13-976f-e0c0cf7f1fd4,90,23,2070
a386cebd-38eb-407d-b440-9772a0e5049a,f397e080-5129-446c-b87f-3493b5f94e60,a463148a-cb6a-4f86-bd9e-6267ce3a8f20,49,6,294
fde44b93-3637-4d76-b9d6-c5556290e7a2,9dbab93d-7807-441b-8500-2f0da29d6335,f0d29e80-2a37-4936-b21a-323ab511e017,45,57,2565
cf88469c-a3b1-42b4-9ab8-4f3cae9b4254,52c7eb26-7aad-4c16-bb6a-cebc9e4c99b7,37dd8a7b-020d-4ae5-92d2-9999ba205333,1,38,38
344117bd-5e99-4822-bd3a-308a02e21e61,4b542dfa-5f4d-478d-b161-3dbb8b9935a2,f67cc9bd-ab3e-4bf5-bd07-35cca5d937de,88,17,1496
99924141-0cea-474d-92be-2418a1927803,229a0c8e-4bd1-49fe-b3a2-a122ca9e46b2,b3785777-c963-4768-bd12-2550be67b19e,54,87,4698
d6a193e1-a1fa-4290-92e7-9a9a5591645e,dd51b0a3-1903-4398-a5be-3216f9efdf0b,f3025a06-184d-4b09-88fa-51281b8a152e,52,80,4160
00fcba70-cc50-4dd2-ba82-f9ec073559e3,a2241e24-190d-4eca-92f6-a6e5142f824d,0efc0e26-eeb3-4d23-b870-49b412b93992,68,100,6800
6433cafa-a694-4daa-81b6-edf78829ba95,b5b1ac36-bdbd-4e5a-8c4b-63fa9aa10de3,ee004b52-90ea-4e91-aa81-9f8a1c80a497,4,77,308
90188655-ee9d-4341-9fe7-c3251524fe98,38865100-cd84-42aa-b7c8-1438962a8a34,eddf213c-cb9d-4155-92e9-7b40cf96451d,65,33,2145
465e145d-0721-4583-a428-d20e16390ae6,c7d13555-f8de-4e17-b3ed-0a1087daa05d,14bc6ba1-2152-4112-8e4e-bea523ba24a7,59,67,3953
efa33ffa-ef12-425e-abfa-69049a23b299,5eb9785f-29a2-4a61-b52b-354604b08a9d,51fc8c57-507a-49af-b0fd-ada221453a36,95,72,6840
bd2d1157-1f8e-496b-8f11-a7e438e5d9c4,26511c84-bfe7-432a-b64b-659ec5dd87dd,f48b1a0c-39e6-4a17-808b-5540b80c10f0,21,37,777
fa711104-b6fb-4aaa-9d1a-d9c126b7c5b4,b2662a96-7581-41d9-a86c-aefe79c3cb9a,677932da-8ac0-43f5-9260-cdb8702b7b4c,65,31,2015
b60db662-86c1-4143-b99c-2c16c0a1b074,5c2387bb-a098-48ac-97d0-1963e25096e0,d8ce00e6-089f-4973-a288-51a47d6562d7,3,96,288
259bf55a-8985-42d8-bf82-6dafaac21bff,8455c211-6f69-4b5c-aee4-9b758ef38303,985aa3f0-7298-4fb6-bd3d-dff0863156e8,42,12,504
93cfcf58-d16c-46b5-a171-2efb8516e9ce,5a92ab60-ae3e-4f57-b0a1-09d192670d6f,b07d46ad-5b94-4c44-a17f-917ed8eaf070,69,26,1794
b5fc20ca-f924-4c56-862c-0200c3b9b518,cff72f93-22bc-4664-83da-4eb117a7b777,ac7c4c70-d39e-4bc7-88f6-2ebaa64b6904,69,49,3381
6731398c-1a1d-4d90-952d-e8c3be365b26,21996166-9154-49bc-a199-4fd5327f55a7,098824a6-c1ab-491e-89fc-99022bde77b5,40,26,1040
70a7be20-a0ad-4c1e-bbfe-20ba09500c6b,389ea4d6-4964-4b13-bbb7-84edb01f9ad1,4a437e2e-c755-4f57-9769-ec07a26db9e4,69,38,2622
9016070c-e1f6-47b1-94bd-5ee2ba8e2dac,ba94de12-38a3-4ce1-a3ac-b9f0e71e797e,bfeca9e4-90cb-4f6c-aee0-0c63e8cc7224,2,18,36
7cbe5a23-b7c4-40cc-a5aa-0033044dcedd,a5b00c82-fe5d-4fa0-930b-7ee8542d3f9b,61e4fb5f-9283-4b59-89b3-ecc3f81fb0a8,24,22,528
0de042f1-9636-4db4-b342-80f6d4df8b26,e20fa016-3f78-4e01-8e44-84770046ccd9,2e1a6b3b-a42f-43e8-93c7-267f876593c7,58,79,4582
9ea09121-9241-4da3-8b05-365454c0823f,b690600a-fe74-4376-8735-a753a2954da7,cbd706b1-f7c4-45b3-b319-f7683f3f50e9,51,66,3366
fc6512db-fc57-4ae0-a55c-f4f81b236038,14dd4f3f-d877-42e4-b51c-4f85bd554cc1,de76497b-4820-434b-91cb-4194a741898c,24,83,1992
098bba2f-8e31-4c0f-aea1-0acf4d6ba99e,79450c9b-b1cb-40c1-8418-d02b7d28ae09,8baac1a7-8c60-4095-8951-57d05fa01ba6,73,61,4453
2299ef0f-fae8-4ba1-a6da-4e4b022aff1e,33434c43-3f31-4269-9331-1a0442b260c1,922729e4-a1a2-4c78-ba48-1e888577177d,29,72,2088
4e322a02-e371-426e-a1d3-94351fab176e,4ef9aa99-ed8b-4f5f-9719-a55ce2ef104f,dee8fb66-1411-4cfc-82bb-2c23b41e2d7d,76,62,4712
296133ae-cc73-4ffe-b3c2-0d847b7d63b0,18de7b04-236a-4d7b-8aa6-5e376e5775f8,0e939a7e-5d88-48a7-b744-570d216457b4,35,72,2520
495edf54-9cee-4452-8189-bc442f8a3ffd,487a0ee5-3155-4b93-8148-4a78844e387a,f5ac7af6-58f8-4cf9-b8d1-edbfbcef9a0c,64,57,3648
ffccc9c5-745f-439a-a5f9-182ca40c0a09,fd5605b5-736b-42ec-958d-163b7e90d51d,40e6b337-eb45-4b61-802c-df73788a6f6b,58,57,3306
11e95062-2d4f-413a-a8f4-4a57e881ae7b,29551dcc-9141-459a-92bb-d2c1521dc768,e94b1753-97da-42a1-82d6-8cd309a18752,5,64,320
3b05a80e-b912-46dd-8f40-45e05550f3c3,c7cb8ea6-1651-4a8c-a969-a201aa17caba,f422e9e5-8106-4888-88d8-c37aa79263bf,86,76,6536
51798ff3-d197-4b37-8d57-3a5bd4a805cf,ae1fde87-c85e-472e-9239-15e3fa5f1bd2,e64221f2-95f1-4722-864f-56aab9fea107,81,24,1944
5aee3169-7d72-4bce-bea1-150b9e63eeca,3100b962-c713-4af7-a551-7f6f125104f7,713cce20-eefc-4677-b909-43d12481a213,73,28,2044
a235c77a-2aa4-4d4b-bbe2-c8fddd90654d,7a23037a-3fab-4567-96f8-d3bf73fd0b01,3718f609-992a-4aab-ae4f-795919f30d04,80,47,3760
bec13aaf-d477-40af-b23d-d4ded23cfda7,00e0c702-aa9a-4f00-8262-6b9d683c504c,91f05715-6999-4a8c-8ec1-3de878c69abc,25,57,1425
65312a5f-e6ee-4c98-8f77-eabf341ba3ca,5fc089e2-4380-450d-bb57-72085f151d41,1c69504d-fa75-42ef-8bbd-d6408ad1f7bd,16,13,208
640e926c-01b4-40d6-83c6-e345d9b9cb2d,98f2f6c8-0877-4bcd-bcee-64dd1005ec4a,70533f47-91e5-4c2f-ad30-15b991a6491a,7,74,518
25e87daf-8087-4117-abeb-404db13e5dff,fb66f12f-1b66-4db6-b0e4-d026d6a74fb7,a8410db7-d7a8-4662-a306-82140c7fe2e3,40,83,3320
44a26f86-c5c5-4025-96b2-2464930abbfe,7d39ed6d-64b2-4e94-ac58-8c4ca3395e08,1c207034-180e-4d83-97d5-3908983b5ef5,9,50,450
049bd3b6-2305-4dbe-8e9f-e17540bfcccc,ac6db820-fb89-4061-bc7e-e169d97bb656,22cc00d5-96c7-40e4-bc98-3947e6b8b09c,93,26,2418
28f817c4-2171-45e4-8ad8-bd7610dd818d,b690600a-fe74-4376-8735-a753a2954da7,6b46482f-3d17-4320-b93a-51f716f9910a,19,93,1767
14f90b91-302d-46df-97ce-71fa9546db3d,1f4972bc-c553-4664-958c-c84739cbff86,c98f4eec-7cb7-47bb-825d-711cbfe4b759,63,83,5229
16380069-f9d8-4bac-92aa-8c9454e16104,d7d16f49-6633-40f7-8dec-63bafbfe4c2f,3789c14d-0c5c-4b7f-a045-d9ad0bfd2ca8,97,60,5820
a3002ed5-1b2a-472e-b6b4-de80ebc5ba00,5ca00c28-74d2-4c5c-98df-83a2d0039a68,8f6925c3-aea5-4312-aef5-9e1c12a437c4,66,81,5346
cd9afd77-c1e7-4a10-93f6-c96749c857a8,57974db2-4d95-49fa-adaa-abc4b0fc3135,5fce83e2-4c16-4fd0-b79a-42d99493a11f,26,30,780
cce2bf58-2d02-4588-80b0-f24e31940e7e,2209af18-9a30-4378-9758-9c5a7927e65b,c24e5a93-63b2-4f1f-9e5b-294f402dbdaf,46,76,3496
4dab7fca-1bf8-450d-9570-4b28e4212ec2,336c1eb0-3907-4be2-99f0-4d53e47f616a,16cf5f85-0881-420e-b107-61216c389e01,16,8,128
b5892929-7974-4085-944b-f38c7e6fb7e6,3b023c4d-7764-407c-b33b-7e9a1dc8395c,9c3b457a-e5a3-4173-a637-a638e36686ce,58,22,1276
259bbc84-f3a7-406a-9bdb-f8f9e4979a9e,ae7a7b1e-2081-4983-a5bc-bce86b01e39a,493e7a21-2f06-4402-8e18-57c78efbfc85,80,96,7680
b929e162-f112-486e-8b4d-d9f8e69f1a88,52c7eb26-7aad-4c16-bb6a-cebc9e4c99b7,432e9007-0380-4827-9abb-76bdbae85a2e,15,17,255
d0eb070e-7860-4731-804b-42c15b464b49,2dd3e077-ddd5-49da-8e40-d54d7ac4e385,0e15cb39-cec0-4488-9151-86461ab68319,92,29,2668
4d307ed9-a521-468e-b646-31c88346cd7a,2839ecb6-650f-4ddb-bf94-4c0d6f8c41a7,7934fc65-cc48-41d9-9d39-1a100a3140de,86,77,6622
9bd71555-d853-4810-9267-99a78fd71ea3,a872efcd-0e5d-4cf2-89d8-1f80d0bfc777,91f05715-6999-4a8c-8ec1-3de878c69abc,67,75,5025
e23f6967-76b0-439f-aeb1-2fd3d44e1bd8,f3a5cec4-2d7d-41fa-a105-289173aafdde,d7795c1e-aec3-4e90-b1c0-637ef0776ade,62,19,1178
723e34eb-c177-4b31-aba7-2fb4ad4c0d97,1aa5c08f-0a8c-46a7-8e7b-b3538b2191e0,bacda0aa-247f-4df2-92c4-839efc5b5f77,100,16,1600
97a15871-a954-4f7d-b898-e1c02c817553,eceff1e3-c7b4-4536-92e3-159f2c9665f9,9cb80405-cf41-4e69-8efc-9bd94edade2d,60,61,3660
6fd263a2-4928-4de6-acd7-c49d7579c4c0,26c4c8c8-b4ad-4d2d-9d0b-19c31651e70d,4eee93dd-7fdb-4adb-b23d-a153ab522cd9,61,71,4331
4cc393b5-b4c2-4f9f-bd6a-adee6155b00e,2e2b098f-a657-4bca-b728-8225351e3f07,b34e9314-4736-4cd3-8c27-6cf2f8841954,74,29,2146
c3b25145-f183-4951-a0b6-7c9bb444a4f9,58a266b0-ad03-408c-9df7-0f076583e478,492fe326-5d7c-40b9-be83-5dde4f42170c,82,42,3444
3f607f47-023f-4826-9c3a-536323e9ad56,20b6dca5-ad2a-442e-a56f-f93746d80796,98fab076-d059-479e-9ac1-9eaa91a00ada,30,34,1020
2ca620d1-70fa-4fb5-bd49-8a9fc10632ff,fd80b9c1-5cf8-49ab-9a10-828684b370d3,de76497b-4820-434b-91cb-4194a741898c,83,4,332
18f5cc41-6cc2-4324-83e3-af0e440dafe0,1cb9bb2f-bff6-4db0-8898-7466b7da48de,88730881-6d78-4ebb-bf5d-bcabb01a1b65,56,71,3976
303ed50e-2622-433a-9f9f-19d9cbb4b3d5,d8c9b6bc-d2c7-4286-8c6d-b0f3a2a303b3,4e292fac-6ed7-45eb-acb4-4b5a11631129,33,96,3168
03102d35-a0ed-4ad3-b5be-44ff8397a955,2ef62313-4ad5-4469-b173-2af26f2d6b80,ed968bf6-98a8-4d8e-8372-93773c7792fb,85,58,4930
1904995b-e172-4188-a074-fda9f3a30f43,23eadb99-4f68-4498-82c6-0ef30d453b5a,b3785777-c963-4768-bd12-2550be67b19e,49,49,2401
783d0068-57f9-458c-a111-749672f1ee6c,874fee2e-9ee2-402b-a29d-ba9b9130f207,e5785db9-73d2-47a8-91ed-ee78f83468d7,58,19,1102
343b1b66-479d-4698-ac88-0fe59dbd7d8c,fbd1ccab-02fb-437f-a036-51e04ce90b80,c866acb3-deaa-4cb0-8761-f6e6ab382b52,60,1,60
ea99d888-7785-4455-a0b9-f3a7f1422160,81983d5f-d54b-485b-b9d9-3039a80dcbef,a6431adc-e36c-41cf-a01f-7d13327e0220,100,21,2100
ca00dcb9-4662-41b8-aa34-5ce6da5fd0f4,0fd97f66-cddd-47c3-84a5-c198363c7ceb,f2b7fb13-5e64-477c-8d8d-51338c6bd1b5,6,60,360
332393bf-3da5-4c44-9876-f667ce704fad,a419a28f-4bef-4b33-aa4c-77198b5abf38,9f50a647-d56b-4e37-9081-324562536fb9,15,34,510
81b8189c-a4d4-4fde-a634-ba4d43ebd37f,e7a39368-8155-44aa-bdaa-219c95514e32,61ac7364-1be8-4664-b4ea-cd5fc0bdc28a,43,63,2709
5dcf1d05-7c34-480b-9d49-ac3d3b850d4f,3592c311-a59a-4e7f-b9bd-89202ca0dc64,2a669a70-2abf-4db2-91bc-6d7b3ffa7afd,61,63,3843
dd0e2833-4196-4851-a2e1-125a5126d562,32edbb34-cf85-47cb-9f57-36c8264856c6,9c6e2479-269e-4b62-aef3-f638afb94fb8,68,84,5712
80e086f9-1dbc-41c4-9f47-e8b0605292bf,ed1b07a9-050e-459a-90c2-da92836e7e5d,da8b0b83-eebb-46f0-bf93-2ef84317acda,54,40,2160
be9b2d4f-43af-4f7d-8d0a-a3843411e74b,21996166-9154-49bc-a199-4fd5327f55a7,f422e9e5-8106-4888-88d8-c37aa79263bf,92,79,7268
ca0547da-c3b2-4da3-b4f9-41091df5ca38,10bd8320-d2c7-4f9e-9565-47227b7462c6,9eb37d01-b581-42eb-b974-cffe6a487487,49,74,3626
a0e10941-a250-48fe-a299-bdb43bc49659,d0eb811c-b580-4e32-ae7e-45fb0d99ab58,11ce7ae1-d86a-4dc1-a09f-6fc05a71a2d4,57,78,4446
29ef0788-6f81-4ee4-80a3-eb69d2e3a038,9ddbcc5b-97a4-420e-b624-bb8b08c830d7,2f2491ff-be20-454b-a771-017eba8bfabe,31,54,1674
49b98583-59cc-4f04-b84c-1812112580f8,96c8249c-08cc-420a-9615-a574a023d05f,15b33f02-eee3-47d3-9e68-30a62f5ca4ed,15,22,330
8b8cf364-2185-4aca-91c5-6cd3de382f20,318ae7d9-3e2b-485c-ac44-283ef13e1620,328e2196-910d-4deb-a8dd-72507762e56d,63,94,5922
f9e6b0a5-71b4-47dc-819d-3d4c83bccc6a,e9292454-5da4-4ce0-8f58-98c706bd64ce,d32ace51-65a6-4bc3-a478-1468471c794b,32,34,1088
9f666a16-6213-4754-920d-6c449eaa2c25,b0e1497d-4afb-45c2-9e99-7eb2c80a34f0,225b2b44-7f68-4ef7-83cb-fc28cc5cbddb,53,65,3445
ebcdbd68-999b-4aa7-86d8-d6bd19bb8d70,47cd3a69-ac15-44b2-94ac-a563b5ed110d,4677350d-c8ed-483d-9d15-65c0d59d223c,92,22,2024
c4fd3844-08b7-4560-aa9b-d9442306a8a1,b0c8964e-340e-4f1b-96fa-7e6353e04108,05343141-28e6-43bf-b545-a9ca085e3b3a,79,70,5530
e94cddd8-d3c8-4a36-bbba-07a43ed46832,f2b3dc92-46c5-4897-b975-a4b629c01eed,76055e85-0ae9-4214-bc18-834a5817ad67,69,89,6141
088a7201-3f76-4b49-a52f-c806808adca2,a13cbba0-1de3-457c-b3fe-c4584d8a69bc,418133d1-2a13-498e-9527-ecd106249cde,100,2,200
8af00e7b-ab3a-49d0-b9f8-e048d4d528fb,4884cafc-2246-429d-8989-67b6f8815fcc,61e4fb5f-9283-4b59-89b3-ecc3f81fb0a8,37,34,1258
58ba7934-98c2-4c6a-b1d0-ccd7108aa093,fc3ffc30-b7a5-4bc3-a42e-336e47fcff30,f3063455-a45d-4993-a01b-2f2ed11068e0,95,71,6745
85d2a093-fbdd-45fd-850d-1ba1ebc8b5ae,dfe109c4-7b4b-4c81-88be-aca78a7f7c44,a588a2ef-53f5-428c-9ae8-44af3132444d,26,37,962
2c7af519-68ca-4698-9e7d-ba34a5463283,9df1c8fe-6a40-451d-b132-51cf2ffd9b36,9f4d5145-b0f2-4811-8457-4eb74a799462,6,73,438
86e208c9-f01b-4a62-8e2c-57d2da2de158,bc0d5074-14d8-408a-a5a3-efff94a0693d,6cdb488c-3747-4923-b24d-58066841fec1,70,32,2240
4e408460-4bc2-4721-9eff-9e888a171cf5,beefc24c-818f-4477-8c4f-84f1ea27eb13,8420f17d-623f-4f37-b8da-e09939477c3c,6,48,288
59fae17b-c86e-4d16-9664-1a6e562559e0,96f10a42-addf-4aca-9692-cf93926393eb,ac25d826-05dd-4a0a-a143-559094dd0fd8,25,43,1075
c4b612ab-98e8-4ded-8846-e32aed2a2e9b,2dd3e077-ddd5-49da-8e40-d54d7ac4e385,235391df-48ef-4f7c-88f2-36fbb9624d5a,43,77,3311
ca66c338-d895-4279-bb91-d51ba0746008,ee9540e0-6049-4b76-8f9f-e4e69ac69d12,c1f6b780-3fd2-4228-a600-d38fdba76bc4,95,41,3895
4c1640cb-d048-4c8b-86f7-bca6e6a01754,ce159a2d-72c9-47fc-9803-65f066c8d389,0e4b889e-88d2-4287-8f47-4a4e2a54c997,82,79,6478
9cf96ab2-9c78-48ac-a794-e66b80e79f49,f5c70858-93d7-4fb4-aba1-af0572361e04,687a02bf-3dd8-4f9c-a34e-df08ba5b8545,85,94,7990
4a960607-4f0a-498c-b7a3-fd44f17fb7f3,9bf64e2c-624d-4ff2-93ee-70eafb6da10c,f48b1a0c-39e6-4a17-808b-5540b80c10f0,77,81,6237
5313ed94-c907-431b-9649-02df9441919c,d8ccd8fa-6a99-4b21-af8e-6e300e507685,517b0de6-bdf8-4f51-b42a-e7f27854c85c,30,14,420
531d2acd-40d8-4903-baab-15b42a5dccc4,11133572-2ac1-4c0a-a04c-98a64d2d59b9,6e29e554-22d2-43c5-b3e1-585f67e8e54a,6,38,228
e1810c71-851f-4f59-862d-6cb15d7e3f94,cdb29705-d91a-4222-9665-e2c41fc5f957,b632dc10-79b4-4554-b1be-233c928f9ea9,48,16,768
ce20ebac-9caa-4335-bbf4-176d61e82c89,d262abb4-5c32-4b29-bd74-fe3626c98740,dc1d5d82-d90d-4f7b-9818-4b56ebaaede2,90,89,8010
48d3122b-1c38-4563-9cfb-b76f7113babd,a402a84d-eeb0-48ff-9976-21e228045869,805f00b0-3a4a-489b-a099-c3d1a31d91f3,37,49,1813
e74f4e37-81cc-454f-9299-b1109413d941,b43fef8c-83eb-4a48-8c11-29080c969ece,5782f885-5a9a-4be1-bedd-39faa2d2dcc8,88,54,4752
c632878d-1d63-4385-85f1-5dcc57648376,da3117d2-1f99-416a-a25c-6b0ad14aa421,ecd2947e-c3f5-4cdf-b2f4-5bbaf18bac83,93,61,5673
909eb061-21fa-4338-95eb-437575bd806f,79597d57-b2fa-4bf2-a7ba-50d25427333e,ef4ab3cf-59f4-44bc-931f-7f504c747fa4,82,83,6806
0e779249-3f95-444b-b1de-56e538427297,fd205e0f-a1e2-4aa9-9ec8-c19febfbc731,c866acb3-deaa-4cb0-8761-f6e6ab382b52,11,72,792
4499cfe3-a22d-40fd-90c4-0d7fc59d0e5c,96f10a42-addf-4aca-9692-cf93926393eb,3a96aad9-dee2-49ec-a331-833da2638a03,61,90,5490
7f2c70f4-f4f2-4691-afbc-03cc2facc157,fee4cda4-e4bf-4461-99dc-74d22855133d,00a8d45b-457e-40fa-afd4-8e3a6114aa15,17,75,1275
7a58fdb9-0cd6-4e39-b389-c1e4071faf6b,96c8249c-08cc-420a-9615-a574a023d05f,eab9abc4-8157-4b04-a6f5-b3526af3f69f,63,8,504
d1daa30b-0207-4085-8c8c-ec3062085e21,10bd8320-d2c7-4f9e-9565-47227b7462c6,f67526d3-ac98-4b87-ad73-6f8c0888612e,94,10,940
63be3f3a-9d03-42d2-b484-dd5863bfa5ec,57cbf303-8a93-4f99-a65b-a1107a61e9e6,b3adaa61-2c5a-4727-8db7-bf1b6b8c349f,85,94,7990
68bd5b97-683e-4b01-a790-07f6b7952217,ce159a2d-72c9-47fc-9803-65f066c8d389,c33614bc-4251-4976-bd98-b3a209f55e96,71,17,1207
6715ec9c-b7fe-4c0c-86d6-c423d01c8d98,2801ee32-07d5-4d79-9485-b2a95004ed10,e5785db9-73d2-47a8-91ed-ee78f83468d7,47,7,329
308228e9-b05e-4906-b9ae-66b770f00657,cfde623c-529e-43a5-81e3-9598e767c613,3848bea1-1916-4b9e-ba74-57365dd88e17,55,88,4840
47a87fc4-98fa-45bc-a9fc-a7789ddc806f,6132ecf3-cea2-47de-bc73-f8d45d74a292,cd85bf58-2e94-48d2-89c7-6b3115a1ccc9,52,51,2652
8fd187a9-5cbe-4ef4-939d-5a4e79bce3bf,80802f72-3d50-4ec0-a591-61ae30dc79a7,6835ea67-dba4-460a-a367-9b4ed5dceab4,34,17,578
43224357-ba30-4b98-9ced-11bda4b5177c,02eff6b7-23a7-4daf-971a-67a205220c24,125a295c-91f2-437f-aaaf-b5ece8892e53,16,84,1344
92a8cffe-dfb6-462d-aac4-3a2934ab07c8,d55607f7-fb78-4f1a-869d-eb802a3c4b9e,80ae9a91-96e2-42e1-a1cd-201afa8e5ebf,40,28,1120
f3c854a8-0017-405a-9988-59f726e2f2e8,4cc2a1f0-aea4-4b3b-871f-d7de8b206883,c336f063-21d1-4892-bab1-bd0a152b6443,8,50,400
e611cb57-37e0-4e5c-9cde-7a51fea888ad,7276a1b7-a7d6-43c1-8d4a-bffd636896fa,e33be39a-33d0-48a1-b572-da460f9844bd,28,35,980
cfa93f62-513f-4ec6-8428-f2ef4ad3e48b,1b58a2a7-5194-4c15-bcf7-7d39e118490c,346eb4cf-d0c3-4f89-b055-002aa718a21b,76,24,1824
4ef988e6-2fe0-4970-aaec-06b41ad540ab,7ea371e6-cfca-4a33-a26a-10e65d464a01,acbcd964-7a4d-4116-9865-4982d6fbc948,72,44,3168
74884c7c-2e93-415e-a611-c1e5fc7b4858,233b0906-ad89-4d07-9da2-1670be89cb44,21c7cd2d-e6fd-456d-ac75-c0f904b0d39f,41,17,697
b386a6ae-dd09-43d1-9687-ff99c25af6ed,ee1f09fc-1c72-455d-895b-4b70a65b6686,9e45123e-0e36-41e1-a235-0571f3aa2f62,19,61,1159
7bfc7051-7ba3-4921-a1ae-ac6b15ca8107,ea27b43d-3ac1-402f-be58-d6058a1841c5,e1146eaf-ccc4-476a-9277-c0959b405f9f,5,100,500
9bbd8c4f-101b-418e-8f7f-1540ba303dc4,6effbe56-0fa8-469c-9374-8b04110e3e77,00e41984-e9b7-46f5-92bb-f7656fc69716,12,69,828
dd0230de-4bf7-4840-acfa-eae8c78bdef9,3e3afb5d-8ee4-4e1c-8db1-e87b8dfe2636,defaf120-d14e-421b-9651-db618a926dd7,43,12,516
7f4890bf-5b6d-4a7e-a116-900715590072,8f71e8f8-a63b-49e2-bdd5-7e48f4bdf778,dbf29a42-9f3e-4bfc-b220-e4b08349ea44,10,14,140
67c764e9-b7b0-44c1-b0db-ef1855e456fe,32edbb34-cf85-47cb-9f57-36c8264856c6,900d3ead-1ae1-452d-b8fb-fa5349c213b5,81,55,4455
8cac0277-c19e-4033-9a82-6dd4c3563178,674b0909-4088-451d-b588-4e7331571849,84d2342a-8811-49c9-a299-874e12b76a17,22,14,308
dc341ced-e94f-4306-8a10-9991a4f4f045,2a0d5963-942d-4ade-b736-7284d2a42ac0,a588a2ef-53f5-428c-9ae8-44af3132444d,17,70,1190
79f6abb0-1928-4fa8-8e05-168f32e73c96,539f188d-02dc-4a8d-a8b7-6d8c8de2d4d6,ec061296-d305-46cb-b457-93a13aaa3c53,3,58,174
d4cfb575-af5b-4ecb-84d3-ff6ccfffebfe,453f9486-d77e-44d8-b307-aa513fbb82b3,ce104f6c-04c6-457a-9987-430440491672,34,20,680
6c7759dd-9d40-4a1f-bbab-a230d9753676,5d1549d3-3ae0-4e2b-883c-91b03a94692b,132d481b-afe8-4821-8b43-e552fbd91214,30,42,1260
aad1b3b6-dc55-4492-8e03-72b2d2576833,e74d015c-2676-4eaf-8084-dda245e94e0f,7b52581b-ef17-4f17-80d1-5f14f7781204,10,74,740
8e9db5cb-1b07-4c0c-a740-ab2edf3098f5,92c1c694-da9a-4dda-82a1-3c419ac5269c,8cdfea92-c4a9-4061-8322-fb91c6bb7ddd,80,84,6720
3fbf5d58-2065-47b7-a017-f5eb961ef542,a8a00fbf-0d74-4230-867e-805097626737,8420f17d-623f-4f37-b8da-e09939477c3c,44,91,4004
9fcd0b60-542b-47cd-aa50-101123c6b779,0cdfb29a-81a1-4a59-9b4d-96898bbdac78,e6d27b69-4796-4085-b71c-c2af4b5f6ba0,47,18,846
344f2393-3289-4f3a-b756-c1c006e7c884,658580e4-6129-4a13-8a19-20b6521d9a98,14bc6ba1-2152-4112-8e4e-bea523ba24a7,37,25,925
e194df28-4a44-4706-a589-47b7ae7de2e8,a00ec358-6120-4924-888d-4ea956a443e5,922729e4-a1a2-4c78-ba48-1e888577177d,3,79,237
81a4fed9-8853-46b9-93d4-c150dcb5345d,fb8fe3d2-1a74-4acd-99df-c9782fae8afb,4a437e2e-c755-4f57-9769-ec07a26db9e4,5,30,150
7abfc5a5-f380-4fe5-b082-4bf90e12ed83,b2c159d0-2355-47df-b7b1-b593eea2d90a,921164f1-ce8b-4756-b565-d330c8f49db4,87,82,7134
96d493cd-0517-44fc-9c5e-37c49aba5479,6d7a69d8-2e2a-41b7-a75b-c49afaddb4d9,42fdcb50-8bd2-478c-81f4-2049e044c455,7,25,175
027b742d-962c-46e0-996b-4180e55b7ce5,39a55f34-93b1-4841-ab0a-7883b76d4569,132d481b-afe8-4821-8b43-e552fbd91214,81,33,2673
15721726-3137-4f05-8a0e-239c3f421cba,92896d52-6c3a-4194-b562-d375436e0ef1,6bf0d4ae-1d7d-46b2-828d-bfd81d2f7d49,17,24,408
aacc8c3f-1dc0-41fb-a4e5-f13b9715799a,92f674bb-5d7b-466d-92de-4fabdc61e7d9,78377c0c-b3f7-49b5-b498-7c109c7cb641,36,52,1872
83f653a9-b0af-4865-99a8-e8d7ce300f5b,4dfe3b9f-aeba-4048-b146-d00db2cb8f0c,b9b85d16-7339-4143-a432-c5dc98054651,29,96,2784
aa37a95f-1840-47f1-a2a5-cc73caea697d,4d61f795-e592-4edb-bce3-8dbfd4326b78,f6af70d0-bde2-45f2-a4a5-17159f5a3668,26,44,1144
de3c4533-eec2-4fb1-a1a3-656886e8588f,e9f1730f-461b-4f3e-b640-6e2c6317313a,172864d5-55d1-4d02-9d02-0d0e82d3fd57,20,4,80
7a0c32e7-62fd-405c-a27a-89187e285d3a,6d251eb0-f887-4d4d-90ca-da0c8c96f548,8db4102f-577e-4ce3-8761-a3a0f720719e,70,84,5880
f82e41bb-28af-4b6b-91d6-acaa15d8b249,af94e81c-cad5-4297-9b4c-cdd73fc050f9,6d5275ae-4575-4acf-aacc-7eed3d76b995,89,18,1602
bcb48568-c6d8-42bd-9ddd-386ed2ae1fbb,2588d1d0-fb38-448d-90bb-efc3dc04c1bd,b3333cdc-5be6-4bf5-b18d-3cb442475792,39,91,3549
b62ff074-1a47-41d9-a287-754d9cdf797e,dfe109c4-7b4b-4c81-88be-aca78a7f7c44,d1c21a1d-d6d6-4acf-905d-92c18c7d56e1,53,24,1272
6dbdcb74-5333-4759-978c-914ccf7d60a4,45e4b53e-8cb7-4ed6-80a6-d8762c8bca1f,d9de25f2-311f-404a-a37e-decfd44459ab,14,91,1274
12cdb79c-6e02-4511-8f11-205d7422df44,d766db27-7024-4285-8755-77a6d3ffaba1,523b996f-8465-4e38-933c-209c24950ffb,87,31,2697
2153650e-c148-4120-9aaf-fd49401e9cc9,c537fb17-b024-4a02-9952-e7dde8294a46,3a61d636-70f3-465b-80eb-bd3de18e0485,52,39,2028
8601ce6f-7cc2-4d4e-9876-e9860fc9c8da,301adb5a-6801-4532-b1b5-43a68cf44bda,2fb3587c-43af-4c12-a25b-b47aff8622a0,47,19,893
1b1c7b27-587c-4094-adc0-70030c948143,a402a84d-eeb0-48ff-9976-21e228045869,7b52581b-ef17-4f17-80d1-5f14f7781204,7,83,581
a8a9f7a6-81ad-4e82-8220-3051d1a65952,72ea8d98-1f95-4768-a5f7-ff2f847f7681,05343141-28e6-43bf-b545-a9ca085e3b3a,11,25,275
e14b22e2-a487-4487-ac09-a4cda7f48063,56056b25-0f40-4457-a9e3-5532e5e8af13,eab9abc4-8157-4b04-a6f5-b3526af3f69f,76,83,6308
bea27515-a77f-44c8-89d0-e21a434e97d0,df4ea644-cfb4-4a6f-8f72-21ca5751942f,6ecb43bf-4e01-41c3-b10f-34d89e253d01,73,5,365
c393bbb2-ab07-4cf5-b44b-aef2458654ef,2b4a814c-5f17-439f-b4f2-e6a66b655d3b,14bc6ba1-2152-4112-8e4e-bea523ba24a7,4,25,100
b01fb072-42ab-4d9d-a6db-97560c28717a,178259ea-f1bc-4d46-ac45-57b2b6d82353,c41ee486-e4bc-4e0b-b6d2-2824609f4175,86,14,1204
64733913-25be-4334-8d4b-42a5b750c820,654cd7f3-00f3-4ec0-9229-fd8852c3bb98,0972219b-3b95-49dd-8140-7297bc04e970,26,23,598
c8caca7a-d995-48e4-ba5b-33b827ba2c56,c4edeb04-afef-4968-85aa-20e308ea3395,375d9985-c3b6-4c0e-8569-ff70d297e263,88,59,5192
0541112e-ad0a-4bff-974a-538f3f6a5c4d,b7c094d1-0dc1-417a-9090-b0067cf9e48d,05065948-09d1-4edf-b51c-38ec64376b53,14,58,812
b425ce11-47a7-4b9b-9cda-488419266d42,4c5daf46-ac94-4227-bc98-9844bd09e9fe,e629bab8-eda6-41ca-8ebe-d404ac51f205,7,95,665
72b540a7-d5c1-470d-9557-002390927199,8002f9fb-e5c0-4608-b7fe-cc4ecedf9c83,4e792531-7f73-4569-b0d3-9c9b4f91c318,9,78,702
a8505a13-d69b-4d44-b2fd-5c91c7c9aa0d,749208ad-625f-4e20-8e7e-44e6de1da3bd,6d89d043-f760-45a0-b2fc-7bdd5f82ee30,98,88,8624
635ddb55-6ee8-40ef-b343-f47e717c9c2d,a2241e24-190d-4eca-92f6-a6e5142f824d,489466e8-2402-4aa9-8f2c-1781be452c30,60,31,1860
94680041-b672-40d6-a930-91bee9e91663,654cd7f3-00f3-4ec0-9229-fd8852c3bb98,058cc29e-8a1f-4e9e-b743-2a8ec1b8d7e4,97,23,2231
d2a7879d-1227-4b53-a9f0-c4aef1d2cbf2,05ee923f-a78b-4a2f-a842-f3a605e7f95d,bba7dba5-b1b7-493f-a278-c9010eccc020,3,89,267
1bf1f8cf-4491-48bc-9509-0f6ab9ab352f,e8f86a2d-1002-49ef-b3cb-637ae2318edd,b7efa27b-5885-460e-9d83-7ef4b9fd1507,49,47,2303
558ba33e-f1fe-4bf6-8bd8-33c5a7193bfa,2698b6ff-75c5-4ba2-ae69-11ccbd8c83d1,d4489fb8-beaa-4419-80c6-651544bdd49e,59,33,1947
18153233-6c90-49f7-991e-3e9eaab125e7,a13cbba0-1de3-457c-b3fe-c4584d8a69bc,2cf143fa-2340-46da-a006-4e980cfadd57,80,73,5840
283d6d49-bd02-4306-803d-93e2675e7b13,fca2ba1f-bad1-4028-a672-610645e02617,5c898082-f593-40ce-8a5c-ce5e1d3801c2,38,92,3496
16dbb8d2-58dc-4248-904b-6cdcfc8838ae,9b7cb0b7-1694-4698-830b-cddad35b800b,ae01d599-e669-43bf-946b-589c236de368,53,42,2226
88763945-f326-4006-81cd-430aaca8da24,7276a1b7-a7d6-43c1-8d4a-bffd636896fa,7beda152-84a5-4244-8cd4-0c30f3a6ee27,94,60,5640
572d9dde-d0ed-49b0-99aa-0bb2750188e0,0e6b1836-c127-4b8e-b244-4a55cfe3b55e,c31fbe61-00da-403c-9e06-33e74001386c,15,53,795
6b5786f4-5d2a-482a-8195-d2190cb89520,9f484c34-18d8-4499-bdbe-46f3b0c630a7,3dacdfda-dbf0-48ba-bddf-b4157bfb4693,12,71,852
4cc50132-b108-4c61-be38-7620ddc63aa9,229a0c8e-4bd1-49fe-b3a2-a122ca9e46b2,9bb3b810-03d3-44cd-b84d-867efe687d02,45,23,1035
f446d73a-9fcc-4443-bbd6-3ca137590efb,b3cf8074-a442-440d-b415-6053b16cfe69,80ae9a91-96e2-42e1-a1cd-201afa8e5ebf,54,47,2538
6ea02c44-b988-4f6a-847f-95c99f785408,904e70c7-af3e-4f70-8964-1e7f40331245,316269c2-008a-4df9-bc96-be03754bd379,13,66,858
dbd28e1f-fa8b-47e8-a430-a075a2bf6e8b,24d242f6-5ed3-4355-82d0-4089b6ce511f,bb80b66b-f400-49ba-adfe-1cd58f7e977d,29,12,348
d0191157-64c6-4150-b08c-41632bdd7a1a,e504c746-5b09-478d-889e-396deea45e74,ef9f1944-1be7-4eae-8084-64b661611c59,17,97,1649
860e8a64-739e-4723-9ef0-c83ae8141f1c,19626af2-a8a6-49ce-a8c3-2ea10be67669,88730881-6d78-4ebb-bf5d-bcabb01a1b65,93,68,6324
a2f9e496-b5af-40cb-8cc0-498cd64c48f5,fd5605b5-736b-42ec-958d-163b7e90d51d,f9379385-0ae3-464d-b8f0-5814eab80d3e,72,54,3888
2156f24e-8218-4468-8d7a-dc21d50c815f,72d4afa1-9d51-40e2-ad46-d83cb9bcffd3,066d79f6-0e96-4116-ba07-741f38cad82a,35,80,2800
c6d94168-a609-4925-88a9-cf8284a61abc,24a06a6c-2a6f-4ccc-b987-7befb62868cf,f4bf164b-696a-451d-808f-54d45b79d5e5,74,57,4218
520d3c11-b2e3-4e1d-801f-eb9a331c65e3,3c1babf4-71a2-4526-9a30-ac31eb6cbd76,148174c3-182a-45f4-80fd-575479d6826e,53,12,636
5e46973c-92da-46b9-ab71-829396905bf4,02c8cea3-54d3-46ca-9307-1510e0387325,2727d0c8-d86e-43b7-b1f1-e76be9664c9f,66,77,5082
e03fb917-0ec6-4996-baec-886a90520335,5a92ab60-ae3e-4f57-b0a1-09d192670d6f,bcbeea39-8bae-4337-a6d7-2bb1024214c8,36,52,1872
7dca566c-b786-4f65-8d63-1010f6ee2485,865f30da-b21c-461f-a33f-449021e45b51,770e6e1d-e359-4163-b841-294820868abc,5,30,150
b15f37b4-9df2-42ff-a606-7f771192310e,606c3630-989c-4900-943b-526e4b391d9a,27db41ca-e37e-4846-9e5d-64894635a76a,27,7,189
b3e0ab0a-ee01-4674-885d-7ce62cff3eae,6adca90f-d9c4-4540-895e-3ea9bf4198f0,1aadfe37-75db-4117-9332-78d30f4015b0,23,24,552
7d0fafa2-df9a-4fc5-a7b3-45c4530fc10c,db1c8806-ddec-4d0a-91cb-058bf74762e5,f0573617-644c-4ee1-bee0-ed47169b8513,11,98,1078
ee4b0306-239f-4728-bb15-809a65ff8d56,89aebb63-f6a6-4c89-8e52-1b3b091eac88,14784935-71ca-48d8-8582-40f104e83c5e,4,63,252
21fff650-c599-437d-8846-2527dac0f76a,279003d9-5a19-4113-8989-17253eba148c,2e1a6b3b-a42f-43e8-93c7-267f876593c7,75,86,6450
08967827-7454-4df7-83cb-50ef6e1fd36b,04117be4-5f58-4b4f-a536-9b989ccbe335,16cf5f85-0881-420e-b107-61216c389e01,98,31,3038
da864eb9-cb34-43e3-b5ce-fa1d8fce9596,b690600a-fe74-4376-8735-a753a2954da7,10e23187-8ec3-417b-b6c1-269e264b3a11,56,10,560
82c9af61-8548-4781-adfe-fd6271915639,0c100290-129c-4b90-b9cf-b2f255a35c6d,7b9761a3-62c0-45f5-8c55-7152bc8895da,13,70,910
2d8beeea-c9ce-4d11-acf5-a190981fc335,9d0c23bd-70f1-44ff-a38e-d8ce392a387c,1859f46e-61f0-4dcb-af6e-e299c7cefd81,7,28,196
5bcf930f-33de-415d-b5b5-957dfb2dbdc4,cc16ccd1-e692-4a19-a3b5-b0dc12bda942,bef58879-9b4a-496e-a49b-6d98fd995dc1,10,87,870
6dbd15cb-34fd-43bd-a82e-feeebd1b7029,5b392895-2af2-4645-9d2a-71c52be85843,5bb1bb67-befe-40f3-a411-3a40d8e45fa4,22,5,110
62728583-39e5-41e8-a02d-22ace1a20ef5,ee9540e0-6049-4b76-8f9f-e4e69ac69d12,3d38da44-6c79-4be6-a05b-9679e47a4661,86,1,86
f579fab5-5e46-41ba-adbb-36f6075388c9,d3e78836-fb3d-4364-b480-256bed20b5f2,f5f8c451-5217-4d97-9dcc-a4213a53025f,75,45,3375
76b9c23c-690a-4321-b2c7-3becbade7618,6effbe56-0fa8-469c-9374-8b04110e3e77,fb036033-9e9c-425e-b62e-88eae161c5c5,67,60,4020
974febdb-53c6-4335-9f6c-40e5802c07d1,888343d6-ccfe-4500-aab8-8d12564b5aa0,316269c2-008a-4df9-bc96-be03754bd379,93,90,8370
0ce4fb4f-9fc1-4c1c-843b-b660f9289ac8,236339b0-1975-4c5f-824d-8cbbfd3d97e7,88a07d2f-86b5-40d5-a716-f4332658ba7b,71,98,6958
16ffdc9c-ce46-40a5-b4ad-13745dd8bdbd,32b3e318-6ce9-4929-815c-4d10657499fb,6529c0f5-c9c0-4c0d-ad9f-0ad5bdf9cfbb,25,46,1150
2aa07b38-4d04-4f7c-8d65-720bbc8edf4e,ffbcdd5c-c158-4652-82e5-620121799add,c4fdd855-e544-4af4-aa1b-c8f2272fa87d,98,81,7938
f4ada443-494a-4f7c-a76a-d559f55d912e,67dd9270-a55c-45ba-a1ba-c87a593778bf,0511361d-b16e-4893-8aff-34040041b1b4,12,60,720
24a9315d-7531-4fda-accc-0971fe0b8fba,a37871d3-3ed1-454a-b203-ce4060e1b95c,f9581467-67aa-4337-97c4-3b7ad54ced35,47,29,1363
33aa3dbc-5458-43da-9f0e-1137f4cd90b1,fe709cd4-d4fd-4a56-8ab5-85bbf2a83330,13b9e761-3c11-4a32-b624-bbbf030c1abe,17,61,1037
6df77470-2fa9-4b0d-bc7a-590e3e1f60f5,da7382e2-473e-4574-aeed-2932f83776cc,a9c52998-741b-47e4-bc33-6bdf24e09b57,56,88,4928
69c991be-4740-43d2-a278-37f7f48919c5,4828ac36-d5e2-45c3-bcb3-d3938f55f6c3,bbad9722-a3c5-457a-bd07-f8334ddc9b9b,80,90,7200
3d3de63c-15a2-4181-81de-ae06abd95b05,bf5e82b0-4e84-4043-b77d-5b6aa76cae63,752b2ed9-be51-4384-888a-2d406bafa187,52,93,4836
499374ca-22bb-43d7-b1ed-b483bb236f3b,d96eb8e5-95d6-4385-9759-fe326597e751,4ee84fd8-a79f-46c7-8924-193272f2afd3,94,77,7238
91d1c568-77f7-4d86-a0d5-a8b11841c561,ccf04c2a-ddde-48b6-a5c2-4b03c92efc50,9394a43a-d2cb-47e8-9d88-1d5d6a55a638,29,61,1769
1c69cf63-9e2b-4b6c-b7b9-93fa81625143,654cd7f3-00f3-4ec0-9229-fd8852c3bb98,462afc05-4531-4b46-a800-fd0238a618eb,10,7,70
2db59126-0ecb-43fb-9da1-bf907ff4bfba,b3cf8074-a442-440d-b415-6053b16cfe69,eb6e9966-e277-474f-9df3-a4aea63e06c4,38,63,2394
03a67fd6-48a0-4846-b2ae-63e7b4775bac,3c6b9f21-c5fb-44f7-9aac-5303efff9d2a,985aa3f0-7298-4fb6-bd3d-dff0863156e8,64,63,4032
64308c1e-0ae6-4133-9f37-8c5967b305d3,27d6685a-b26d-4351-8177-8f8dc481d28b,25405d01-f2ff-4d79-9da0-c12971c55715,29,27,783
f8821514-b892-43b4-b4a7-5fc1838ab209,9504d672-f87e-4f75-aa3d-3bcc3acb94b4,9b90beed-fe4e-459d-987a-2e3a18d57428,2,96,192
992e0867-d950-4ed2-a064-f4e06f1b21d5,78818e76-2027-46ef-adac-d8f901b9b78d,648df69f-dd27-4c1b-9a20-d65e96fc4441,10,34,340
29d0a204-e67b-4aea-b88c-d7d874686ad5,be4f151d-2ae7-4ee6-9361-277e944d7815,0b01d572-6677-4827-b1ec-b66cb5a27996,37,32,1184
5b3ce525-4831-4e2b-88da-f31d468e0dc6,80da2f7f-c95a-4b3e-bd90-d78702e7f3a2,93c1e54a-8ff8-49f6-a1a0-ed1de4315d52,54,64,3456
00304f5a-746a-417f-bdde-1f968e18d394,8455c211-6f69-4b5c-aee4-9b758ef38303,215594e5-1cbb-420a-8d41-8dd0f78e5e25,100,51,5100
fcd2f6d9-c3f7-4a0e-b965-5dee9153edba,4892c452-cfdc-4a09-b8d5-1897a09bdea2,93b2c181-06bc-4ab8-bd8b-bda879b83ecc,72,81,5832
9c4e7aec-3100-4ac4-9f12-b696818ab6ac,4474a5ba-0cc2-4568-a538-1c2999c5394e,5b70bf5f-56a0-4b62-bf9b-7a1815b77618,47,87,4089
eb9a4221-9428-43fa-adac-e169d6c61ddf,1f46186b-4b02-4d5f-9de7-24b02ab0764a,cc70fa17-d828-4a26-9053-e1c96415ff59,4,68,272
f800d4d4-784d-4269-beba-55d86956bb63,fe709cd4-d4fd-4a56-8ab5-85bbf2a83330,75951499-03c7-4c97-a2d5-0a89cb9cd165,84,33,2772
e4946909-db37-47a3-b486-7da4fd253e5d,deb2409c-2167-4ee6-bcec-3a0be0f0ddf0,2c8ada99-2f2e-4071-a78a-8f8a4972025e,64,8,512
5297e535-8400-4755-abde-674d7ba65eeb,f4ac2a84-a8cb-44cd-a51b-c536dcc07dc8,0511361d-b16e-4893-8aff-34040041b1b4,27,15,405
a71864b0-7275-4c02-b1a5-300a8eae454a,76bcf362-89e8-4630-bafb-3998be027d20,c3859d99-4f5c-43b2-bbae-39b5c26abf61,60,64,3840
79ad4287-5a5e-4ac6-82b5-18f370dc76de,d03bed09-7e52-415a-b465-6836fa531ee8,fa6b0037-855d-467e-b7ff-52013c024d22,93,4,372
35a603de-7845-424c-b0cf-0041167f6e0b,2e06fc7f-e0c3-43bf-97d4-1067c788a309,32cadf99-b201-4e72-99b6-d1342899e1f9,9,39,351
4bc6bfff-7dc1-4879-ae4c-a2e0fc16ddb7,5d1549d3-3ae0-4e2b-883c-91b03a94692b,a801f1ec-192d-4dc8-b200-e76392df0489,15,47,705
046b1299-c5d8-4aa7-8531-680a05b21841,bfdb0008-f51e-4969-9846-5397620bdb95,c2e0e24b-f415-4cdc-bf44-4aeb04414652,9,48,432
c029032a-28e5-47f9-bb87-def1c343cfd9,9068ef41-2f8d-41d4-a444-74243dc46adc,418133d1-2a13-498e-9527-ecd106249cde,23,30,690
ce8ae7ee-3169-484e-a059-055bdac4ff2a,f81aa091-2632-4539-9af0-869e6e64d5ee,74dcc1d6-4304-499a-b0de-914b278e531f,75,68,5100
01783567-2166-40e3-a66c-24054bfe68e6,32edbb34-cf85-47cb-9f57-36c8264856c6,725bef2c-b12d-4e8c-8680-1f689a661df6,40,89,3560
9b30582c-e32f-4eb3-9ec6-47dbbce05b02,2cfbf73d-d425-4b26-a03c-3c5f86b61030,ed5eb640-6398-4aff-90b9-5edfbce9cda6,43,18,774
bd060212-2ae7-4747-97cf-c4f13676792b,b7c094d1-0dc1-417a-9090-b0067cf9e48d,43b13ccb-e23d-4746-9856-db47788ddef1,28,54,1512
b1bf4468-a5ec-4bfd-8a21-de8ea5e53125,e8cce556-1a38-4c78-a4a6-501fe62270f1,1859f46e-61f0-4dcb-af6e-e299c7cefd81,23,46,1058
7fef5323-1a12-4969-a579-a21422d19ab9,1e93a4c1-bc04-470c-9177-c466dfe7dfc4,38d9a53f-01d1-4320-a015-8a7425fa88f7,33,9,297
b99f8a3d-41bb-4803-9215-3a3c5e76370a,62abf084-8485-495b-a81d-efa981a5d6c4,eb8d5544-35e4-4dc6-984e-80303d430264,41,62,2542
8106a7ec-fa56-482d-b477-ba45115c44a3,56f246ff-445b-4065-b2b8-4e4f9fdf17e6,a2804839-9016-4c9c-b08c-76bd01c393d0,71,80,5680
0036b0df-09b5-4fb2-9ffe-3d5d353486cd,2d1539cb-5492-4d9d-9f0e-db2b5cfeb193,bcbeea39-8bae-4337-a6d7-2bb1024214c8,2,63,126
5bcd9826-8ca8-4711-82b6-fd6239ea6513,a7e71cbc-b4fa-4e99-bb53-05e7e8350c9d,235391df-48ef-4f7c-88f2-36fbb9624d5a,26,94,2444
942e2da6-0438-4f6f-9e55-cdb3085d5e69,f2e003cf-d51b-4fd9-8ccc-f7d33b458e9f,b6984105-1d4f-4828-970e-37d25d84ec9c,43,83,3569
338146f5-cf4b-4a1c-a516-c0bbfd7e12b0,5abead2a-968d-4163-bd14-ca15bc4f8699,3e5dec7a-12fa-46c1-99be-d61feeff6929,6,35,210
272facf7-ecab-4e71-95b5-969b3a5bb985,81b2a9cf-be77-44e6-be7b-8ec1272e592b,b76fcc17-0d0b-4c45-a209-c9559cc114e9,75,17,1275
e1a03681-9cf2-4eed-ae75-a447cdfa836e,3bd355c4-a929-43b6-bec7-f2aa7cb621ba,67ff3a19-cc97-46ab-aeb7-edca69acc736,71,78,5538
a7a36437-9cdf-4489-bc99-fbc9a9999d2e,a419a28f-4bef-4b33-aa4c-77198b5abf38,bd1f7cd1-160f-4d1b-a008-48c89ac211e0,86,29,2494
548981dc-8368-4604-8a71-af4495782008,84b1d8b1-c615-49d2-9a7a-c88f01cbdf2a,e94b1753-97da-42a1-82d6-8cd309a18752,16,11,176
824b25da-a945-4fcf-a10b-e171d73102ed,10bd8320-d2c7-4f9e-9565-47227b7462c6,e9fab42e-255e-4e33-8a62-cb24850d2729,52,40,2080
c5688bba-aac9-46f5-a89f-2792f6d32511,fb8fe3d2-1a74-4acd-99df-c9782fae8afb,b4b3caba-5f58-4004-8f7f-ac920f996650,84,87,7308
d2482f81-b0ae-4167-8773-ed87abeb8293,39a55f34-93b1-4841-ab0a-7883b76d4569,517b0de6-bdf8-4f51-b42a-e7f27854c85c,87,29,2523
5a1c3096-06c0-4774-a19c-fb0f8e9d28a9,bc7d4a16-a786-4bee-804c-f62a8092a8aa,a8ca27e6-7509-4194-ad4a-c4030cb8f619,67,12,804
52ad467c-7038-4c8c-ac2e-5e610cb88b39,ef400a6d-2e97-4d7d-80a0-8802f26f15ec,ef9f1944-1be7-4eae-8084-64b661611c59,98,37,3626
450a8cfd-49ed-430c-b29d-f6e922c80f70,4ed4b63f-1449-47ee-943d-e6e492e22ba4,f649b85e-9669-496d-94ff-db6fff6282e8,10,2,20
c14be985-ae93-4b92-8856-4f8c2db78c24,96e0a617-6fff-458d-be78-6260a9006fb5,a7fcd6f6-ef87-4a96-a933-cbc14adf84d3,58,42,2436
860f0f24-ac04-4f26-8df8-2435446b5627,59e5ca78-0f22-46dd-8d50-2745c896b141,831c5bfe-0de6-4c3a-bf1e-0caf3eba8841,57,84,4788
6fc7c8c9-960d-4301-920c-e4d7d13bcae5,1e3730cf-478c-4f97-ba29-a844b830c16b,2015f145-315a-47b8-87ed-7cb96d6e81ab,50,59,2950
f2269428-e40a-4791-a1c5-4842ce7c71bf,82fb0897-0930-4fa5-a71a-2e75bb335f23,00a8d45b-457e-40fa-afd4-8e3a6114aa15,38,3,114
ac94658b-88b5-4c95-a528-3922446d1cbc,1e3730cf-478c-4f97-ba29-a844b830c16b,0e939a7e-5d88-48a7-b744-570d216457b4,17,69,1173
d78656a9-1cbc-4d77-8cfd-8b7125489724,316b2ce8-e85e-4775-943b-2142a4cf188d,f9d83226-9535-4fb4-b216-df362906a0b2,63,69,4347
d7ad1e8f-6467-43a2-b56f-2378c3d29b4f,04f18937-c801-4942-947a-1b14152533ca,bf26afb6-5e9a-4dbf-862b-344ac9ebe295,84,11,924
ca7a3417-c7ec-4441-ab03-bf97b83fb3a2,9df1c8fe-6a40-451d-b132-51cf2ffd9b36,f130611b-a1ce-4227-81f5-f58634570781,50,93,4650
91261403-36fe-4d6a-bf74-85949ce8b519,9325e260-5d7e-4cd1-be27-2fae40789546,7321dff8-2b79-4717-a7b2-e7cb80f6e968,45,3,135
1f1beec9-a806-4caf-9c10-67f29238f097,0f4fa775-2007-4a64-9d17-2e6abbdbf8ae,8a370fb5-4f79-4d62-bb7b-38468db4b62c,40,42,1680
e92049c4-b7f6-4944-a9dd-408ab138d769,ae858033-62eb-42da-aa1a-61961285504b,fafe1d7c-3f7d-4da7-a70c-26c739a8c8ca,59,26,1534
22489baa-701d-4466-90b8-b026c58a2594,59ad1554-dbbd-4e96-8d2b-e9659e079232,ccd6c184-a816-4b63-a461-dc05159e6c8b,26,99,2574
1514536a-5c12-4bc9-9f4c-481a35c50a38,b89966e1-f0e1-45db-b26a-ab89089ea808,e7911a1e-6b8e-40ff-b6ce-24590cc6a131,60,88,5280
ec5e9221-7ef7-4c85-9891-7af4dd978a1d,ee1f09fc-1c72-455d-895b-4b70a65b6686,af69a94e-43ca-450c-a425-5e9950d33ecb,97,1,97
b42dcb94-7877-4a0f-a990-4a645cb16c3a,f38103cd-17c1-4b9f-8704-f13a36e163cf,43015493-0506-422f-a805-092a579461e8,87,12,1044
258635f0-539e-4388-8a46-9d18ae26861a,fbd1ccab-02fb-437f-a036-51e04ce90b80,3ba4774b-fff1-4808-bae5-639e1524d249,4,58,232
9bd1998e-03bf-4ae4-80f4-dd9167ca7b97,df1fa2e7-1916-4ff5-acde-3ba9ac65faa7,36ee18ec-c38c-44fd-834a-57e2296b6e58,100,51,5100
25c15972-14e2-4839-9eb1-7df0a3eb64c7,59d8a091-669c-4780-97a1-6c49ffedcb5d,fa6b0037-855d-467e-b7ff-52013c024d22,20,93,1860
8a0d5b47-076d-4860-b85a-1e53e6132c5f,25c616f5-229f-46b3-9da2-575c42d17115,eea009f5-d174-4a37-bad4-429bd9e25651,37,78,2886
4ab12b8d-0359-488a-adc8-b26eedeeb584,10555431-22c5-466e-ba48-2a9d5f4c30a8,d1e639e1-ab41-4d0d-9472-47271f6f6f85,78,60,4680
4892a87b-4f96-48b1-8566-6daf0c49da8b,67dd9270-a55c-45ba-a1ba-c87a593778bf,1c09835a-f3de-4552-beab-610b881fb416,35,47,1645
d556b157-68ee-4658-9250-8b4103e0e680,1a28e3cb-3549-4a2c-9cd8-f3c3e55fac69,eb8d5544-35e4-4dc6-984e-80303d430264,9,60,540
d86f53b3-2cff-4a3c-bebf-c84fdd06a1af,e315ed2c-c25a-4c01-8508-857da4a55347,ff6dca25-6b17-4d9b-8619-4ee078db7462,6,19,114
d3ad9789-a1d5-4a48-8fad-403dca7249d3,47a0d359-e6b9-4fb7-a6e5-0a319b070ca1,dbf29a42-9f3e-4bfc-b220-e4b08349ea44,92,28,2576
39e35387-c5b3-42c4-8660-65785a6bbcd5,136ba8f7-58f6-400e-987a-3d6c4153bc56,db26014b-4a92-45f4-a8ad-b7426a27f7fa,15,81,1215
c3b778b0-5ccc-4a27-b999-f3f595fe33b2,f6a1593a-28b9-4e5a-9149-95de86ff66a0,70533f47-91e5-4c2f-ad30-15b991a6491a,95,68,6460
4eef924c-469d-44a8-971a-a85a042def7e,2e37538b-ac63-4daa-8f6e-9c263421f217,edbd659c-8158-413c-b3cd-e8b13e2a8b63,62,60,3720
54df7e63-b873-457d-9d10-b6b673064bb2,1f6faf77-d7c4-443b-8956-38ae1b97705d,9ef714ff-5bbc-410c-85e7-4e464ffc184d,44,37,1628
dbbd3313-1b9f-4df1-8d5b-96c0249678c9,9f484c34-18d8-4499-bdbe-46f3b0c630a7,bef58879-9b4a-496e-a49b-6d98fd995dc1,62,79,4898
074b6ae3-adc7-4e7f-b687-88e986ce1d49,29674d47-01fd-4600-a86a-d3c0aa002779,3c336928-e13f-465b-a330-0870789845cb,64,11,704
13504560-d914-4add-94c7-d5141cc60320,6ef82e0e-d523-48af-8525-87f74ecde052,ab0c2f2b-c272-48d7-a11b-14f804928203,69,46,3174
43151d0f-32ca-4857-b9e4-e8d38fefeb1d,26b4f3d7-9300-4e40-b9f2-68bcd11d74a2,a0766664-1e35-4ae5-850b-a7c85de5d8fa,75,45,3375
1855529c-e62b-4d44-b892-31f6a09fdef9,868f3b02-3de2-468c-ac15-ff3df7e1eac3,114836da-787c-4a54-bd6c-3c7f6e4c9861,25,95,2375
99ac1f41-bda7-47d8-bba3-8bcca7249078,961a9dd0-0d28-4e05-947b-dfadb81eef11,7d6b3ca9-9f7f-47d2-a6cb-3cbabaf5c4a0,28,84,2352
d8dd9f9a-de7b-4793-9eb2-6d8eab667aab,1dd06976-3dbb-4459-8eca-66b887a55403,00e41984-e9b7-46f5-92bb-f7656fc69716,54,28,1512
706a9270-b49b-45e3-9906-9f1ba8cd4735,66523cf5-1462-426a-96be-c5c4f66c54a0,74dcc1d6-4304-499a-b0de-914b278e531f,94,26,2444
6bd005c2-983d-416f-89ac-439f62bdc840,882f8126-54fd-45c3-8fce-d64ff990fcd0,17e3da78-968e-4d57-b0b2-ab814ed4814a,13,95,1235
f51e99ad-34b2-4aa4-a54a-fdbbea0e3e21,3cc89f22-bebf-4bef-b219-5f348cf1fbe4,bf26afb6-5e9a-4dbf-862b-344ac9ebe295,37,64,2368
fe1f16bf-0b96-4a61-b0d0-44a817fe9a92,b29c407c-0a89-4395-8e16-630edb1023c7,f875fb22-0434-4650-83c7-18d312d51338,9,32,288
1d2e92ec-c1d4-431e-869f-0edc3302d0bd,329919d9-2e44-4e9f-8a4b-87ac230b8c3e,911c1d48-db7c-44d8-9d3a-ecacf8d9e4a4,10,29,290
a0e5eeb5-4ff9-4d29-af43-6762023d5a65,236339b0-1975-4c5f-824d-8cbbfd3d97e7,2a5275ed-87d2-4bc8-a0c0-a1e831c7c0e3,22,100,2200
a72ab6b1-edd3-4486-a898-98895fe5e650,f2812d18-cdec-4126-bb0b-af4da41c614a,66a86642-e4fe-47fb-b6d8-edf9fc730ab5,13,56,728
19679cf5-127e-415d-96da-3113a2134341,23b0abb5-0d5b-40dc-90ef-dcb51731683f,1a63048b-838c-4ce7-bcd2-e3bfabe465b7,98,99,9702
a2aec847-b707-4bbb-95f9-4b456a4fa29a,21c17e3e-2070-46a8-99e4-a86632086490,3743e519-1db3-40e6-9ed4-3d0a77d909ff,42,26,1092
3925e1ef-c90a-4324-827c-998c1bddd6e9,844e7c78-2838-48b5-837d-e46a9d80896b,25a143af-b720-4732-8374-431f91775bf1,6,39,234
7627e05f-ba66-4d1b-93a2-1c60799d6470,164d2931-2f5d-4cd8-b879-a45f0a154486,4c341717-8e9b-4396-b08c-558a10a69944,16,96,1536
25100750-7131-4453-9567-29cb00571969,491bfd74-8bd5-4e9f-8bbf-02d54818aa52,9c3b457a-e5a3-4173-a637-a638e36686ce,90,37,3330
30274e69-eab2-4868-afb1-48a6569563f7,2c5d7256-86dd-4172-80df-4e8b5d46951f,346eb4cf-d0c3-4f89-b055-002aa718a21b,32,12,384
55512eb3-0cdf-4e3f-9883-95ce5acddac1,73afc006-f5d5-49be-bd27-709878badc5e,c9c51721-04b4-49e6-a122-66571a5a7416,46,72,3312
6c676fac-4fbf-46d5-9e9d-1ae5a2b7d1fd,c82121f7-6111-4efb-8c86-4f869aa50262,14784935-71ca-48d8-8582-40f104e83c5e,34,6,204
f0ddf2fe-9315-41c5-8ff6-3c05dd7bb8c0,8b588e49-57b6-4a48-8220-f28f77c2368c,c15e20e5-5e3b-48a1-b193-76d2b2eea633,72,28,2016
2edf9148-4be4-4730-89db-0731e647ab5b,4258fa5f-6d94-4ca6-968a-0f86d633b324,6e4a31ca-d13f-4a8e-9076-c531e6208b37,100,78,7800
1a4a4a89-5022-47fb-af65-a28ae7031df8,c6ffe540-949e-4196-a4f0-c9ec4410d9b8,26f60767-87b7-4d28-919d-66ea7946e243,96,59,5664
b1c7a4db-072f-4ac5-8971-a6f8cb1fed0d,3422fbad-56f0-477e-86b6-e24488a22932,73234840-8979-4008-a67c-99040aa573b8,62,74,4588
a7ea4d10-b0e0-4b3f-afb3-6b111996a299,04117be4-5f58-4b4f-a536-9b989ccbe335,77a08f26-9213-4932-b067-0141d9fff324,5,37,185
80a0899f-0866-4da9-80c0-0d1fab3f43a4,97ebb78d-3596-4550-bd2e-3cf469c82cc6,e1146eaf-ccc4-476a-9277-c0959b405f9f,74,54,3996
4b652d87-6413-412a-b38d-cdd93e1d17a7,b391fe88-abc8-413f-b6be-b91af4d386f3,faab2ab8-50a0-48b9-87e2-b15e8f6098c7,88,38,3344
8b357b6f-2dce-44f7-abe7-9118af45db86,66c1b793-040f-4c37-9a70-47febeefc069,abf429db-8067-47c4-a168-56bd7202a4fe,1,42,42
7a66040e-8e6d-41c5-944f-44d83be7c490,4a132dce-c620-4b46-be14-996cc0648a59,2463a28f-e448-48cc-8ada-44dcc20f28b5,24,71,1704
2825ef38-8023-4614-9ec2-36e2890de0a5,26163d2a-c3bf-41aa-903c-a33d9ca50954,148174c3-182a-45f4-80fd-575479d6826e,65,35,2275
71103111-b7fe-4a4f-911d-4fba98f9998b,1217011b-f544-4747-925f-f851c200133c,8b7ee34e-0d06-473e-a6a7-5206388132c2,2,21,42
2f7652bb-7cdc-42fc-9b3d-9e96b5868f24,304cffbd-1f6f-44a5-81fc-eafc6d525a6f,d48963cb-8794-48c3-821b-937d823b006e,12,57,684
590a596a-ed65-4256-8d34-e2ba7f4a4275,a6588969-a134-4517-bd0c-a896198cbe52,18d80e04-3532-4ff1-9a12-f5d1fb07133f,50,74,3700
1edc2133-c444-499f-8c98-24cfc48fa2b5,454d0053-fecc-42b6-a88b-7b2eaf41567c,c2426a28-1c93-4121-a64e-22574ee8aac4,79,24,1896
3b52b187-dc3c-4474-8ea0-e0564ffaaf29,05ee923f-a78b-4a2f-a842-f3a605e7f95d,dd2fd58f-6ecd-4804-b88b-e3521bb512c3,22,13,286
cf65e459-17a4-47c7-838e-78d2453af14c,3518be8e-2d46-422e-9496-dfa5bc325fec,1f4a076d-2ae3-4cd7-bfd3-246154d65f76,3,98,294
e6231f66-324e-4423-b656-d5605cb8de04,8d25b9ee-65b0-43f6-8f6e-d0b9c98c2258,25eaa58a-4996-45cf-8ea3-d6518d6d1913,52,3,156
c72308b2-f3df-46a7-8dbc-b0ef217b2990,b0c8964e-340e-4f1b-96fa-7e6353e04108,900d3ead-1ae1-452d-b8fb-fa5349c213b5,7,59,413
13642d77-4af9-4cb8-bf7d-721e891d79e4,e7d068e9-d6e6-47a7-8701-f1add3c41bce,d1e639e1-ab41-4d0d-9472-47271f6f6f85,19,94,1786
85b4f99e-5034-47a5-9fab-c6caa83a5c5d,edc336aa-2d34-42f3-9db5-0d7248c5b832,99477246-ac7c-41ee-9531-accf8ea3abab,75,17,1275
98936fd8-baf1-4940-8e25-34f1f75c1c87,53c6d2a8-842f-4a83-a9fb-82686ee48b19,ee79ba4b-772b-4cf5-af1e-e436c16561ff,35,41,1435
cbfb9037-43a0-4144-99b8-1bcec9f440c2,4892c452-cfdc-4a09-b8d5-1897a09bdea2,15a0100f-6b79-4b2f-83a4-4db6134ed7e0,45,51,2295
7b2f6747-832e-412a-853f-b04754419e67,6d251eb0-f887-4d4d-90ca-da0c8c96f548,d5b91b12-7bc6-40dd-ac63-ad8f7a2d1189,23,81,1863
38b1e035-5531-482f-b365-1fa03451a687,d8eac1e6-4148-422a-bb40-84bd4cd9b3a6,2ab80afb-c2fb-4439-ab90-6533fcb3c0af,42,29,1218
b3291a27-64dd-48be-b2d9-0efe10add2d6,28033cbe-51a0-46c8-a2dc-50252c744679,c1407fec-d604-47e4-a0f3-861088884618,82,31,2542
89b48e3b-98b4-4435-9756-2695ae3976b5,3616aea4-9dcc-47cf-bb61-115a311b7801,550f5697-0793-4af1-9003-cd72e92ef6c0,96,14,1344
a59b14cf-862d-452f-bf0f-991fa6a6fa48,2e2b098f-a657-4bca-b728-8225351e3f07,de64e436-97e1-42a0-a9aa-6b5723a51a81,98,57,5586
26c80b6c-81b6-40fa-96fa-db85c4889874,d96eb8e5-95d6-4385-9759-fe326597e751,e64221f2-95f1-4722-864f-56aab9fea107,67,45,3015
a167b25e-a663-4095-a130-f714e8e05e73,50ddcebf-9cb3-4f97-b58b-78e5dbf5d5f1,633e50d6-c557-4cc0-ba2b-a66173f4ecc9,82,37,3034
bf550f66-a43a-4849-9c68-3be0262e82cd,4d1dd5fd-8ab5-4658-8709-c519b40f5e19,7e4313e4-345c-4a8d-aec6-1e21d863201e,7,53,371
eba98449-fed9-4843-a832-732233fdddd5,b29c407c-0a89-4395-8e16-630edb1023c7,4e72d160-efaf-491c-9b37-d5e71bc9cb71,77,10,770
b2fc5062-5e31-457b-b290-2c99561f555d,44fe68c5-967d-4fc8-b462-01e4a6b0e052,4e292fac-6ed7-45eb-acb4-4b5a11631129,41,20,820
8c14e59b-d4cf-48bd-bc45-f05ae3e9d5bb,c7c85a7f-6d64-46e4-9179-30d92920e007,3dacdfda-dbf0-48ba-bddf-b4157bfb4693,88,14,1232
faeadc96-3789-4e47-9336-9b056e284305,7647713b-aed9-4db4-be60-af5a720be908,3789c14d-0c5c-4b7f-a045-d9ad0bfd2ca8,36,58,2088
c6d9f25a-334d-4b02-8600-8250a0ac5265,8c40a502-592a-4b9a-8d8e-15ba4b04fd36,066d79f6-0e96-4116-ba07-741f38cad82a,87,56,4872
2a4a6a79-262d-4ad0-a944-0cbd369a14fa,a0afcb92-403d-4a3c-a2b2-514619551f1d,78719247-d8a3-43e1-bb46-0e269ebeb05f,7,9,63
a889c928-7c33-461a-b6ee-22592f8e95b6,48d78704-86c2-49bb-a43e-0b114b38c114,9cdec7b0-4e61-41a5-9a10-068b4cfd18b0,82,31,2542
14c94b3c-419f-4d31-9b22-5fb7326bbb8c,156e7411-d632-4917-b4ec-d49980dd7a7e,bb1027ac-34b5-46b8-bb1b-9749237067c7,72,47,3384
e7fef7a3-a0fb-492f-ac5d-22cbc03d7f83,3c7bab32-1b72-48de-b574-6480e050fc82,aa6713f6-0db3-475f-9902-bfa4c85ac8e7,52,64,3328
f3807fe5-5fe5-418e-8039-769496ee3bdc,e7d068e9-d6e6-47a7-8701-f1add3c41bce,b34e9314-4736-4cd3-8c27-6cf2f8841954,18,61,1098
204b1abf-efa3-4d63-bc1e-39365f87993e,58a266b0-ad03-408c-9df7-0f076583e478,dea8a802-bf8c-414a-92fd-07392659b592,16,46,736
f1a56312-75d1-45f9-bb15-9655b448e454,2da8401e-06af-4687-b726-03d21a8c3be8,d4489fb8-beaa-4419-80c6-651544bdd49e,54,77,4158
48655648-4e2b-4f60-9c70-d3fee39637bb,f18ce207-7a58-4752-945f-64877d48f7b5,3a61d636-70f3-465b-80eb-bd3de18e0485,85,60,5100
17df3df8-5d0a-4859-95e5-52b03b8854db,4474a5ba-0cc2-4568-a538-1c2999c5394e,4eee93dd-7fdb-4adb-b23d-a153ab522cd9,79,10,790
16fb4a01-ff76-4406-86fa-693eaa2d9c76,5e81fddd-8ad6-4c85-b28d-46707f5a7448,7e6548f8-6b6c-4326-a5bd-6610e4d3e53b,35,7,245
14956fad-0e7a-4b6c-818a-eb4bd698398c,7a317c53-527b-46fd-87db-834dd83ff792,c3b1db21-b042-4bf1-b7a7-cf5b7559b6aa,98,74,7252
a29fc1f9-fa9e-4170-ba52-65434da9955e,316b2ce8-e85e-4775-943b-2142a4cf188d,a013b852-6a9d-4236-84e5-db46ed314a29,7,75,525
d8c1975b-07be-4d9a-8aad-708361f7709d,2a30236b-23a1-49b7-83af-4a2c3b08c739,fb01a885-93c4-45ff-8e4b-29f16ccf0d63,95,34,3230
5feb22d8-a0dc-4d0c-a8df-6ff2f0e018fd,b29c407c-0a89-4395-8e16-630edb1023c7,00ca75f9-05b3-4012-afd1-d4c02b059850,84,90,7560
ff303550-09d8-4a6f-8354-5f8262a5a290,972ae1de-25a6-4ffb-ad73-1299e905fcbe,9dc8e0ec-59e7-4e2e-bb63-64cecf7a1371,46,23,1058
0d4b201f-b5ab-444b-9504-2ea07303db66,a242914f-25e0-4c70-b89e-3b117ae5b29f,ee004b52-90ea-4e91-aa81-9f8a1c80a497,79,44,3476
698f204d-a281-432b-b884-0848080b8d0f,0d867c97-fd57-4b80-9de7-b25f204dee65,e629bab8-eda6-41ca-8ebe-d404ac51f205,46,25,1150
e0a9dec1-d1a5-4cbb-ae1e-dd50b1ea9566,c36b61c8-bf37-4250-8db0-4caa0624d1b9,8db4102f-577e-4ce3-8761-a3a0f720719e,84,41,3444
befa0eb5-76ad-49a1-925b-f67cafa51fd5,37706947-ea12-4b71-8825-78c9f32fcc87,a04a2ae6-c1a5-41f9-8cc9-728b6b30ce36,26,83,2158
a1f50503-20fb-4d87-a6d5-9383cab575bb,94828428-ec90-41fa-8783-9884017a32f7,268a50b2-aa35-47dc-9657-dabd9b3e3d4e,23,68,1564
7e668e4e-8cd5-4cec-a428-6f1c57506530,57b9f3f6-d51a-4ee5-8aad-a099e26506d0,a95683cd-6987-45f4-b23b-7880247ea3fd,15,17,255
9689975b-b0cb-43c1-8170-4c152f2f9311,040cfea3-e446-422c-9496-31bd873f67ed,773ec569-6d40-4638-a6f0-599b356bd5c6,9,4,36
cab838a0-9f34-478d-ab52-73f81beacfaa,ae858033-62eb-42da-aa1a-61961285504b,97c984d1-937a-4a66-9aa6-e113bad15a7d,31,27,837
08af7620-a19e-4613-9497-cc984b4bfa71,3c1babf4-71a2-4526-9a30-ac31eb6cbd76,9bb3b810-03d3-44cd-b84d-867efe687d02,39,99,3861
3bb834e6-fac3-4f27-a78e-e88d7f55fcc9,20522c6c-03f0-41bd-a3fc-25f1d673405e,9a0621b3-2cae-42b6-801d-094388584f1a,82,62,5084
ae94112d-bdb6-413d-b3ed-b263c4008911,164d2931-2f5d-4cd8-b879-a45f0a154486,7ed06881-319c-458c-a335-ba4a9f21174e,64,63,4032
683339b9-4578-48c6-84ce-b6d961db699f,4f443193-a24e-421e-b8fb-182b62ce45d4,fdaf2540-ee3a-49aa-ab08-07341fc0a4ac,84,27,2268
9ab09921-ddd1-4033-bfc6-785ba5b0a67e,ccf04c2a-ddde-48b6-a5c2-4b03c92efc50,837623d3-d3a1-4097-8e57-47c7b4b37199,22,31,682
15b4e025-74f5-45af-8221-d420b1673f0e,617239c8-ccc6-4461-87d0-fbec0e1895e8,bf23c4c8-f7be-4770-aab0-6bd27f362f88,68,43,2924
97aec839-1aad-4e2a-beda-f877fcf21a69,f2009a48-90d1-4703-8b5e-60ca01e91d61,172864d5-55d1-4d02-9d02-0d0e82d3fd57,5,73,365
14329c60-4094-4fda-84fe-6e8bb2855a8e,23af181c-211f-4857-b3d5-256624e369bb,fb036033-9e9c-425e-b62e-88eae161c5c5,24,84,2016
850d14f2-3f1d-4350-b82c-61563d1ff50d,8be5de40-461e-4112-b173-569096cb252f,24e560b1-9aac-466c-9296-a7f09c123b6d,17,43,731
561b8b05-966e-442e-912c-4605afc50fcb,fa36c792-2c53-476f-a393-e0d20aca9e96,4e792531-7f73-4569-b0d3-9c9b4f91c318,53,64,3392
1d1f9170-36c7-470c-9c86-9a0f5a53cff0,0c550063-3be2-4534-9e05-3a0dfc6fb897,4f4b09eb-a79f-4090-8704-c78cadf73bc5,98,9,882
cc95ba2d-06ae-4c35-9f18-83a8358568d4,cff72f93-22bc-4664-83da-4eb117a7b777,e1205fb1-dba1-4323-bf45-c05c4838cba8,6,32,192
8a3f1c6a-31eb-4673-9b8a-9e7646822dfa,1a7e64f0-6e4e-46b0-9820-3cf8725bacc0,0511361d-b16e-4893-8aff-34040041b1b4,74,96,7104
2d4852a1-708d-415c-b6cc-bd18f9506a04,010dc2fc-a4fc-465f-aeae-175ccb73fb8f,dfc260f2-8970-4922-a636-99cba881901a,60,29,1740
011eb064-4e44-4a9f-bc35-0f7f8add937a,961a9dd0-0d28-4e05-947b-dfadb81eef11,20755692-a85f-486e-bebe-8bb5820c41c7,30,82,2460
4fc04b21-23ef-4f9e-a165-7be18038876a,f6dd31d9-a6b8-450b-8fd8-a053fda30f14,2015f145-315a-47b8-87ed-7cb96d6e81ab,80,34,2720
fbb94d28-31d2-49ff-89aa-cd77f3e422f2,d0eb811c-b580-4e32-ae7e-45fb0d99ab58,46580981-5b59-4cce-ae21-e58291daf724,77,68,5236
92943bd7-5a78-41ec-96c6-5576a1cd25dd,57893860-f62d-4f58-8f25-95935a2f2837,f8f07259-a757-404f-8c92-07710d242cf9,71,19,1349
31e88a88-e947-40f8-a741-234815fcb6a5,42fc1218-6db1-468a-ad73-da63e2dba3c3,a4ea9f0d-fe4a-4a86-9729-3b80e7d6a231,100,42,4200
fe0b9774-93e2-475e-b410-56a7c08c6a17,3ffed84f-be97-4cdb-9db9-01042dfa4140,26246f41-1cd5-4935-aecb-79147e485294,68,12,816
04e6015a-672d-41be-ac65-438a89fbbb87,236339b0-1975-4c5f-824d-8cbbfd3d97e7,0af598f7-c37c-4c3e-b33e-54d35f7678f7,76,89,6764
955b89d8-f994-4852-8e85-15084fa551e0,745ed8c6-282b-46cb-a655-a325a2484d24,3da2d15a-8fbf-48a3-841f-786ddfe497ab,17,91,1547
e576929f-00ce-48e3-88ab-bf0a83f9853d,157541c8-b7d9-4ef5-b13f-6f832510cbbe,b2da655e-e602-4102-aab7-e97a6b080df8,15,84,1260
9c475cd9-11ce-4c74-a6ea-1e44ede191a4,ffbcdd5c-c158-4652-82e5-620121799add,27d39806-c813-451b-9c27-a94624751bbf,63,90,5670
523961be-2b7d-486f-abef-332cae789f73,d03bed09-7e52-415a-b465-6836fa531ee8,77bba870-ffd6-432b-aa84-b1c972c4a5f0,40,6,240
18f055dd-ec9f-4e5b-94b5-d81e96ed6f88,7ad7f4a0-1322-48d8-9443-a76e7e782ee2,13b1d6bc-d055-4644-b2d1-53d19e14f73c,46,90,4140
13622e24-7a19-4865-bb73-e87dd4b112ea,488059f1-7ce9-4fbf-810b-78a992ced028,ae23e29c-b426-444a-8865-007fb381bc2c,57,60,3420
92a57994-f4a3-43e6-b2cc-1fc43c9d6e1c,b8de0a2c-a157-42b5-9b39-5fd0f94596ea,bff56621-6113-472c-bfa3-dea40ced3905,54,28,1512
1850caba-cd94-48a7-af0d-a58cd1d16ae2,44fe68c5-967d-4fc8-b462-01e4a6b0e052,15a0100f-6b79-4b2f-83a4-4db6134ed7e0,81,60,4860
872cdb16-9598-4123-b537-f2c83a935fdc,73eb17f3-3b57-4e0c-ac31-539fd39d2a5a,9b90beed-fe4e-459d-987a-2e3a18d57428,17,57,969
5273f1fd-ec51-45f1-8ecb-c7ecd5cdbed5,258932fc-a8f8-4004-9fa3-679480074ab9,00a8d45b-457e-40fa-afd4-8e3a6114aa15,60,44,2640
710e69ab-c312-486c-9878-e823d16aa2e5,5ca86c84-9462-435e-b7e2-b1a3498a1b7d,cc09d343-ecd0-477e-b9ef-163f0c99b813,91,69,6279
95c19285-cd28-4942-8729-70aaf96547c7,2e06fc7f-e0c3-43bf-97d4-1067c788a309,d8ce00e6-089f-4973-a288-51a47d6562d7,23,45,1035
37f8d398-3580-4377-b85d-3188b533eb91,28033cbe-51a0-46c8-a2dc-50252c744679,2a5275ed-87d2-4bc8-a0c0-a1e831c7c0e3,25,28,700
1d5fcb91-8bad-4f24-9a31-35466a03deae,23af181c-211f-4857-b3d5-256624e369bb,f326ee5e-9dad-4a78-8327-cc7f2316bc9d,85,63,5355
25eaf754-1788-4ee4-9941-f536c9610655,787e5b2a-3039-42df-99f1-4113c1f61372,8316844b-2b88-4d4f-8734-564ba544d79a,16,6,96
81e5354e-2b62-40b7-8d41-ba45d54720ed,13365237-ea57-46cd-8d84-1c31cc16b028,de374c75-18d5-41f1-ab81-6118052b1aa2,80,44,3520
2a8a02ac-465b-4c15-988a-37626ae700a6,9e41aa62-8053-44c0-8ba0-18a5ce749070,148174c3-182a-45f4-80fd-575479d6826e,9,25,225
21a3dd14-225d-4a44-9ba3-84a9d80480b8,825489b3-7e69-45e5-9149-407cc792312d,7d061736-4f6f-4df8-89d7-9539f284e703,45,67,3015
95b6f293-a0c5-4558-9131-2e64786ddd44,c9d95c94-d7de-4961-a6f9-7d5d9e8c6367,57929350-df94-4d70-82f3-e2edd7ade59b,35,16,560
52803fb9-7e46-42ae-b759-2416f7781b9e,e9292454-5da4-4ce0-8f58-98c706bd64ce,1bf2abe1-fac2-4e31-862a-79aecdea1735,22,27,594
83e33643-ff17-4fe3-8e53-d7ba498a0503,bd57b605-ef15-4a3f-8c61-58c0acfb390f,37d8b136-765c-4228-9973-1b9241199d1c,11,50,550
03337bcb-094f-4020-9f34-b2bbbad18dbd,53c6d2a8-842f-4a83-a9fb-82686ee48b19,7d6b3ca9-9f7f-47d2-a6cb-3cbabaf5c4a0,77,17,1309
fed1f88a-ce11-4c1d-9f5e-ffdbcc318d9a,30fea46b-ff33-470d-b200-2ffad1c732ac,d13c8c70-16ac-4f20-8d52-b1f03eb5fa08,63,30,1890
f53242b2-4c54-49d8-a30f-63177e275b59,258932fc-a8f8-4004-9fa3-679480074ab9,14660531-7bcb-4996-9ecb-ad1b06667433,37,47,1739
7f2bbe43-525d-410a-94b0-dc1422875e50,5b941c48-392b-424c-958a-f3bd54aa0736,af69a94e-43ca-450c-a425-5e9950d33ecb,59,74,4366
cb6f7e02-901e-465b-b91d-04deaf1a33f1,af593a70-fe0e-42fd-a3f1-d789a61c55ef,e7911a1e-6b8e-40ff-b6ce-24590cc6a131,29,23,667
5d55ad44-92fa-417c-8960-54ac402481fa,5ff9e8cd-51db-4344-9775-47a4f8c55daa,235391df-48ef-4f7c-88f2-36fbb9624d5a,25,65,1625
fc38c6ac-6f74-4ec8-89cf-bf965684777c,329919d9-2e44-4e9f-8a4b-87ac230b8c3e,09884ebc-ff20-4793-8759-e652475aad3b,9,33,297
34aee117-8092-44a0-aa09-98b29e1dd697,a70f8cf7-576f-45a7-8e91-a4488a91a223,805f00b0-3a4a-489b-a099-c3d1a31d91f3,85,65,5525
1eb745b5-f531-4eda-8137-90389ce940d1,526c6bdf-f0ba-4c0d-ae8b-df82731eaa7f,3cc740d5-9bdf-46f3-9d60-6eb53c936606,64,90,5760
83cf342d-be5a-45d6-90d8-316f2e4136dc,ac3d9b3a-505b-44a4-9ef8-445e6016ff22,37f03515-3f87-41f6-89a7-f1482943e552,77,52,4004
1b1bb1eb-6508-4bfe-b45c-f4d98d6dc30c,e34105d5-b7a5-466b-a04c-74dc215ae251,14bc6ba1-2152-4112-8e4e-bea523ba24a7,82,92,7544
7fa25ed9-bb83-4060-bf8e-e2eedb653de3,5abead2a-968d-4163-bd14-ca15bc4f8699,2ed64cdc-a8e2-4c2c-a2f5-ab001b81cfc0,5,91,455
d5705a95-8877-4fdd-a1f5-b5887d1498fa,a142d01c-82d6-490e-bb75-1cdbcf02835e,953b4a92-8146-4b55-ad20-4ccce2d2286d,62,24,1488
52130470-2939-4f5f-9ab5-4caa552d24fb,3ffed84f-be97-4cdb-9db9-01042dfa4140,3e246bcc-d024-4a03-8431-827de1899d2a,90,80,7200
6c8a0ed0-25b9-4aa6-beaa-d29f4184528c,92dc223c-a7db-447e-844c-64313b3d4e29,15748801-6e7c-4c64-a8eb-90d48011abc9,17,89,1513
0c0dfebe-4f5f-4fd3-b2be-1d464f87261d,8f36a61e-4742-465b-8856-b8a1de7b668e,805f00b0-3a4a-489b-a099-c3d1a31d91f3,83,27,2241
117bca81-b431-4882-a366-c1fb26f73698,f6f428de-c988-4bbd-9ce4-07621c980512,807c0574-91f1-40ec-83c2-10ffbfc5ca5c,48,41,1968
fc3f95fa-56f6-4ef4-88aa-fc189a2c2081,38ffe759-abd6-4dc1-836a-9446f7391038,76055e85-0ae9-4214-bc18-834a5817ad67,38,66,2508
ba8ccabd-5c6d-4019-9486-4fd3c1fa407d,834a685d-2a1e-4db8-864f-138012c70dfa,9b579a48-bdc7-43e6-bad0-2b0f5cc3a85a,46,90,4140
77553bc1-cfbc-4a2e-bf64-a0dc3fc65951,29551dcc-9141-459a-92bb-d2c1521dc768,58be1800-913d-44f1-beb2-57e8a6c22203,63,52,3276
a1a99d58-814b-4ded-8574-3bfa7d1a7a62,de989ffc-2ba0-4ae0-b0d5-cafc72099d55,9830ff11-4e40-46b7-ad4e-37a1f7d22b68,80,77,6160
eac77c52-7a91-482e-827b-12fa64d43eab,ca3c9794-a963-4a7e-b981-055e2f7fe1be,e623cb4a-cc1c-477a-b6cb-9b2cb314f9df,1,93,93
690d1cd1-56a7-4c8d-9c5b-ad1aac054379,3b0a86ba-6995-4dbb-b289-b4a6b27be8b6,2e1a8f79-f72b-4782-9fa5-3ca1afb01a1c,71,67,4757
9f3d0651-3035-406a-b208-7a05e8826e39,d9125180-c5d5-483d-b170-5f6c3da6fe36,c1d473c2-550b-42f9-85df-332486868885,76,6,456
3b214163-492c-485a-9526-cbe7a22b2bab,2cfbf73d-d425-4b26-a03c-3c5f86b61030,ed5eb640-6398-4aff-90b9-5edfbce9cda6,95,62,5890
e6a2dd94-adcb-4e45-a0c8-5b884fd54680,0dc133f1-7c3c-4a08-aea9-5d7b9b3eeb35,ff6dca25-6b17-4d9b-8619-4ee078db7462,62,51,3162
582403c5-8e02-45ea-b4bd-a756b9be79b9,7c840b68-6ae6-47a0-bfd4-5640b3d21550,9b6e04a4-49da-44f5-ac30-c152592f429a,100,67,6700
578d93ff-2dae-41da-bf83-8ef216733157,0c100290-129c-4b90-b9cf-b2f255a35c6d,20001abb-bacb-42e1-9f53-70bc0492db3a,41,45,1845
e93499f4-c35e-47f1-b6c0-103ea245f921,76bcf362-89e8-4630-bafb-3998be027d20,9a42633b-56ab-4337-8754-3a5c13d6a44d,62,80,4960
0eb14253-4f97-4931-b4e2-f810f1e7245b,98f56bb6-9489-4c79-a470-3d91f83240aa,561d48f5-9b17-4612-8adc-f27542d477ad,86,93,7998
099dcee9-b162-448e-a4bb-cd91ca00d4e1,335180ed-8177-44b9-b8ea-68a54638f82e,74dcc1d6-4304-499a-b0de-914b278e531f,78,63,4914
fb657922-994e-4f05-abf7-e8ba1a7236bf,e74d015c-2676-4eaf-8084-dda245e94e0f,9bb3b810-03d3-44cd-b84d-867efe687d02,87,19,1653
b13c8405-3598-4593-b750-e77a49a9030f,91a9e8bc-e7ee-412d-876f-5c5d70bc6928,50a13bc7-c2f2-4f01-a04b-e8ae3d9adae5,49,100,4900
39a475c3-5a06-407c-871a-daece13839e4,ce87e400-434e-4752-a47e-f900a49b5dd2,d6753ddb-127b-4b43-9037-59b6c84fc524,85,75,6375
69b3f636-2141-4671-8e8c-3f6c51399568,60cea942-424f-4757-acdf-a867cf79cde2,232f72c0-98aa-466a-943d-1a25ca6f98b0,13,87,1131
ddb63dbd-0aed-42b3-8839-dc6ffe619bda,3c7bab32-1b72-48de-b574-6480e050fc82,8cbeda41-0b43-4976-9206-174f1eb2cab4,30,55,1650
89c9e71e-f3e1-4977-95e1-30369e5c0d17,7791e9aa-5713-4206-8fc3-b66bf6cef588,831c5bfe-0de6-4c3a-bf1e-0caf3eba8841,12,4,48
16777894-d652-46e4-ba9e-59da738befb9,b198fe9a-a5ed-46c3-9e18-a155976d558a,b2e98e1c-1a42-45cd-94e0-f693cd5c8a94,46,5,230
11d5a01d-01cc-4a3d-874b-1f97f4594a1b,3f4fb957-445e-47bd-82a0-e764e209e29a,b2da655e-e602-4102-aab7-e97a6b080df8,28,32,896
73108dde-1af8-49f5-a45e-35de9b9036cf,ae12eb9a-9d4a-4d70-b353-9eaaf9d6cbdc,859cc972-a6b8-4ad6-91df-a34bfa0d9694,50,54,2700
6ba1819b-83a9-4f00-8371-95ddc163d1f6,81b2a9cf-be77-44e6-be7b-8ec1272e592b,2dba3ed2-21b4-4401-b653-32d7fcbbfc78,75,8,600
8b5bfdbe-a8ed-4c45-bf20-afc3518f7e95,1d55ff89-b504-4c83-9629-2045e0ad61cc,06fc60d3-3a7a-4557-bf94-951221fad395,72,56,4032
fd361ff9-1f4c-407d-a070-db544d851d34,eb713971-3b9e-469e-b5e8-503d4d73f547,8b190e86-1c0c-48a3-a18b-808c2e7cd35c,18,7,126
882aa8fc-d6c3-429e-bd95-19efde06be1b,eafae743-2a80-4703-bbde-fba8989b311c,9947691d-aef3-44ce-b48b-efec44349170,31,43,1333
67141e40-3286-4a55-bb49-257b92a06bfb,9d337328-c0e6-4e43-ad02-ef25c4150e69,dd2fd58f-6ecd-4804-b88b-e3521bb512c3,71,39,2769
a1296719-a748-4ba6-8a3a-046a3be5bbf1,20522c6c-03f0-41bd-a3fc-25f1d673405e,bae8803d-e469-4e90-8054-cbb13977219c,24,64,1536
013b6d55-e23e-4537-baa1-c7509960f860,5a36fa76-5b32-4140-828e-4f000ddac9a1,a1704ffe-e9d9-4f19-9dff-94eca5cd1de0,100,95,9500
de4c1e01-d490-4469-a3b2-1769f2a3b88e,38ffe759-abd6-4dc1-836a-9446f7391038,ccd6c184-a816-4b63-a461-dc05159e6c8b,50,95,4750
a61063bb-10f2-4f36-9cbc-783ddb242e03,df7541fc-4a09-43f9-9ee8-4f0c16104aac,058cc29e-8a1f-4e9e-b743-2a8ec1b8d7e4,68,44,2992
4e0f2753-1904-411b-a562-6b561139c3fd,2cfbf73d-d425-4b26-a03c-3c5f86b61030,493e7a21-2f06-4402-8e18-57c78efbfc85,30,84,2520
3baaf050-bff7-40c0-abde-acc3dfe4a2e8,fbbc9817-1e6b-47b0-a400-f37dd6582888,9f4d5145-b0f2-4811-8457-4eb74a799462,46,69,3174
78e4022f-5362-4299-b0e3-f0561a721844,c47b01a6-5e61-4445-9e28-4c4a7fd00b6d,6afcf166-ef32-4fcb-b672-e60e1d484b4a,60,88,5280
246ed635-0721-40d8-9ceb-579ac67cf5c5,d96eb8e5-95d6-4385-9759-fe326597e751,5a12ca67-6172-4982-bd79-2bb2988af85c,44,97,4268
5a977ca6-dc04-4c53-96f9-89f9b9ccec1e,75d1c804-72d8-4a63-995d-f74110e7012d,bacda0aa-247f-4df2-92c4-839efc5b5f77,96,58,5568
f608d3f3-62a0-4e03-a40e-942715b231bd,f05830b9-6afe-4fb3-a6e4-3ba14abfe304,9dc8e0ec-59e7-4e2e-bb63-64cecf7a1371,26,87,2262
c9c143de-7fcc-4a1d-ab27-d3460433622f,ef400a6d-2e97-4d7d-80a0-8802f26f15ec,25405d01-f2ff-4d79-9da0-c12971c55715,70,59,4130
fd8d8894-fd82-48c9-a9c4-52de7cbdd48b,3d724234-2a46-4d89-bfab-26101869da1f,0de2774f-64ef-44f0-860b-e0eafd8835a5,14,17,238
d23860ca-c2a1-45aa-af7b-1397ef24d21e,a25c1503-f713-4436-a793-e2ef8372aa8b,c931e2ef-53c5-47c9-87fa-12769303092d,2,43,86
4b12ea79-cb94-4814-a646-be72f0baeeba,10bd8320-d2c7-4f9e-9565-47227b7462c6,6afcf166-ef32-4fcb-b672-e60e1d484b4a,67,33,2211
9470db06-a357-4589-bc8d-204f64e5c0a8,b7c094d1-0dc1-417a-9090-b0067cf9e48d,8d43d624-0081-4cec-8572-299cbdc9da9d,96,19,1824
5bb60d07-9afc-4bbb-96eb-416622368aac,58f60422-7696-440b-9bec-4743948fcb58,9dd1d97a-00b1-443c-9d23-0589b52e8df5,78,92,7176
f9052295-229e-4580-a02d-0e2e69804c08,b913ded6-9ff5-4d1e-8572-3e2b8c43c365,11ce7ae1-d86a-4dc1-a09f-6fc05a71a2d4,36,99,3564
35a6cde2-f63c-4bc5-9ecf-bc03f30cea3b,53151d3a-0e83-4296-9721-a49a2c13f9cc,9c6e2479-269e-4b62-aef3-f638afb94fb8,32,43,1376
d297dccb-43b7-4ef5-b5d7-c06efdde82c7,ae7faedb-3551-4976-bd85-e9b822cdde3c,1ecc27be-1094-4d1f-8e3a-62e9b40abf69,8,11,88
3b8c8c5f-5c01-4e0a-b9f4-5c5c398f7d32,b391fe88-abc8-413f-b6be-b91af4d386f3,232f72c0-98aa-466a-943d-1a25ca6f98b0,16,77,1232
c8554a26-b6f9-4987-a4aa-25579eaae4d7,0ae72b3d-f132-4351-83af-e0e9d2f45cfd,8b7ee34e-0d06-473e-a6a7-5206388132c2,4,63,252
e8d2d66b-413a-4ae7-b116-d3ac58e1932b,e8cce556-1a38-4c78-a4a6-501fe62270f1,e8cd2e98-2e95-437c-b42c-9eaf138b880e,13,84,1092
db6971c6-6e8f-41ce-8302-7cf48841834f,76d463be-1a66-48c2-acf0-940d325d88a9,7f581448-971b-4508-8dec-4580d34842ed,16,69,1104
bdc873db-4173-4869-b2a9-917abc1a0ddb,25c616f5-229f-46b3-9da2-575c42d17115,f421387d-8755-4a04-8c5b-89d2fa04c84d,77,69,5313
670564ab-3c16-4d65-a9d6-a6d2ff68bab8,258932fc-a8f8-4004-9fa3-679480074ab9,1a63048b-838c-4ce7-bcd2-e3bfabe465b7,34,30,1020
827c96da-7102-4d80-95d5-cb56c62a78aa,9bc59337-7572-4bad-a23c-2e4383f328a8,12776fed-da81-4cdf-9384-4fc289799585,49,66,3234
f1b97f1d-de61-40f5-b834-090ff07a317e,b881ebb6-c823-43a6-9e9c-36d8710e3608,2727d0c8-d86e-43b7-b1f1-e76be9664c9f,28,5,140
ebc26016-8115-4553-9a9f-eefd80d26ab4,4258fa5f-6d94-4ca6-968a-0f86d633b324,2727d0c8-d86e-43b7-b1f1-e76be9664c9f,98,91,8918
f4706d34-9cc4-4e66-a3d3-ace9f257e0d9,4474a5ba-0cc2-4568-a538-1c2999c5394e,9430f17d-af18-4130-8bd4-4b8be3266a6e,40,24,960
9dc5acaf-67d7-4411-b7d9-fcbf8ecb7c74,ef400a6d-2e97-4d7d-80a0-8802f26f15ec,02d62c7c-1634-4080-9a9b-e1a724787696,11,50,550
8eef3c98-b20d-4634-b0d9-f75024dd2e74,526c6bdf-f0ba-4c0d-ae8b-df82731eaa7f,b2e98e1c-1a42-45cd-94e0-f693cd5c8a94,68,82,5576
e175a605-be75-44d2-a753-e43a6d43f6a5,336c1eb0-3907-4be2-99f0-4d53e47f616a,b71d1108-ca8b-47db-8fd0-2b4700d6a17b,3,53,159
8e596c07-cafc-4751-80b8-c9b516908577,66c1b793-040f-4c37-9a70-47febeefc069,5da53e60-a6ea-4f64-b949-042af8d1f540,23,74,1702
55a0d44f-6f6d-440f-b916-da0935f8dd4c,76ce1f4f-696b-4c05-ab30-d75e1b71a969,0bfe0f78-4956-4998-b6a5-612f4e6f3453,63,62,3906
1156df5f-62e1-4e32-b344-de8ee25ff167,73eb17f3-3b57-4e0c-ac31-539fd39d2a5a,74dcc1d6-4304-499a-b0de-914b278e531f,88,22,1936
4980bd3e-bf95-4069-98f0-de5fa5c99958,4371eb65-56c4-4188-9bfc-0b0d691d4e3a,3d38da44-6c79-4be6-a05b-9679e47a4661,33,94,3102
5d2108bb-18cd-4169-9f7b-3c8ce638f0b0,ffba7c90-5219-4b30-9d9e-4e3e9d21e6ef,9d85cfa5-62c1-4cc9-9cc3-04e1c102f129,41,90,3690
9430953a-fcaa-4889-a6af-5df84c885ac4,ed4dcac0-e251-4f83-aa26-95b1e7f4486e,67eef174-5724-40d0-93c9-b3f060062b11,12,48,576
16238774-3b28-468f-b5cf-5383495840a8,7b95ab83-9dba-4343-801d-c568768e9fd9,65f65f7e-c613-4bf4-a1ea-7dca84594217,73,97,7081
442cfa3f-ddc1-4bae-ad4a-e1595fdeed86,12591b16-aee9-43e5-b8d7-a67b96e9c281,ecedf0e9-e1fb-4a88-8864-b2d4bb006a43,22,79,1738
22bad475-0962-4bc9-ae83-b07d99a10c16,904e70c7-af3e-4f70-8964-1e7f40331245,232f72c0-98aa-466a-943d-1a25ca6f98b0,24,58,1392
29b43ed5-d2e0-44b5-93ea-cd770c1d3e6e,24d242f6-5ed3-4355-82d0-4089b6ce511f,3b90ff31-1568-4fc2-88ae-09207a6f06a9,54,59,3186
a22d763e-aa71-4a31-86e4-cdb7b3b32e6d,648ffb0e-958a-426f-9b1e-8919295dfd4c,831c5bfe-0de6-4c3a-bf1e-0caf3eba8841,17,10,170
859bdeb3-b3da-4874-8030-4c6bb225c95b,880c88b0-4976-4d2d-9c9e-a10fb0385cdb,3e844551-2fbf-4cbe-b7b8-6bb3fbe67e58,92,61,5612
af111ce2-db7a-497f-856f-cd1b67cd799c,96c8249c-08cc-420a-9615-a574a023d05f,4d3bbad7-4a6e-4a71-81b6-87c5e6dfc78b,23,55,1265
6e958e7a-bdf1-4414-8057-13c9bc6fc6a2,e4091f47-9c7a-47f5-892c-f1b8edec80de,2ed64cdc-a8e2-4c2c-a2f5-ab001b81cfc0,41,52,2132
47d52d54-7d03-49e4-a054-e9cff0741ca5,a125ac01-4ec5-416a-96aa-08636d568a11,6afcf166-ef32-4fcb-b672-e60e1d484b4a,41,59,2419
8a170356-1b6a-429b-9479-be9456b1d487,50ddcebf-9cb3-4f97-b58b-78e5dbf5d5f1,a6431adc-e36c-41cf-a01f-7d13327e0220,99,41,4059
1716121a-6b68-4e29-aa71-5763871018d3,f7209742-ca37-457f-8caa-c957f1dbb03c,9dc8e0ec-59e7-4e2e-bb63-64cecf7a1371,96,72,6912
021a816c-8ba9-4ac1-8f29-1c9c394c1d52,7ea371e6-cfca-4a33-a26a-10e65d464a01,6d3edf44-54b4-41fd-82f8-f608b0261950,74,90,6660
2b6c3331-c951-402d-839b-2213eb0e0889,999d658e-88d9-4a3b-b593-9b80ba09a119,d8ce00e6-089f-4973-a288-51a47d6562d7,27,18,486
32b71462-f8e4-48da-b7a3-60f9f56a6244,0d5ffcf5-5517-467f-9d38-ecec31c58eee,24308cf9-1798-4fea-9e51-81834588abde,13,95,1235
645289d9-23a7-436a-95ff-c4cc76eb41bd,76f0c176-5489-4e49-995f-af45687fa79b,b292dcc3-1b92-42e9-ab6d-a9d664164ae2,91,54,4914
0bef2ac7-42c1-41ee-b7b0-82b16d5aebb0,ee1f09fc-1c72-455d-895b-4b70a65b6686,16cf5f85-0881-420e-b107-61216c389e01,77,73,5621
44555be4-e133-49ed-8029-07a4193b7259,358db102-746f-483c-ba4f-ab236c7a2305,57929350-df94-4d70-82f3-e2edd7ade59b,11,77,847
1a3a44ac-d194-44ac-ad4b-7eeac1c5e7a3,f7563e39-070f-46c2-a3cf-11cdb88629aa,922729e4-a1a2-4c78-ba48-1e888577177d,9,77,693
6874f7ae-6766-401c-8ef2-4a1aa2f61491,76ce1f4f-696b-4c05-ab30-d75e1b71a969,0c0293c7-e9de-40a7-9698-399cdeb84b55,41,75,3075
d302fd7b-52d7-47ab-8278-2cd4021ca548,8455c211-6f69-4b5c-aee4-9b758ef38303,048748a9-6036-42ad-938d-30c17189ccd2,23,74,1702
84ffed71-7f81-464c-8c52-589d4d780cab,0cdfb29a-81a1-4a59-9b4d-96898bbdac78,a7fcd6f6-ef87-4a96-a933-cbc14adf84d3,18,70,1260
cb91b9df-dbf2-413c-bf7c-ec5d1388204e,67dd9270-a55c-45ba-a1ba-c87a593778bf,f8269cc3-b0ec-4b7a-b4f5-c413f106754c,66,78,5148
41d7c80a-9a7c-4810-b1c1-1815bedbe003,2da8401e-06af-4687-b726-03d21a8c3be8,297a60dd-da57-448a-9c0c-01958ccc2599,45,47,2115
70096f06-dd1f-4b2e-b152-6dda3b77f8dc,f8ef0b78-1a4e-400a-876a-7bbe294bffa6,430a8822-17a1-48a7-8311-7acecbb02c0d,8,21,168
68fddaf4-7148-4af2-9113-f76420f20bb6,62abf084-8485-495b-a81d-efa981a5d6c4,b7efa27b-5885-460e-9d83-7ef4b9fd1507,72,47,3384
bbb14b59-2dff-4565-adaf-f8d1836927c6,ac6db820-fb89-4061-bc7e-e169d97bb656,61cea7a7-d405-4ccf-a3fd-7f20eede8d26,38,81,3078
0a4fbbc4-76b0-4385-83ac-46975d24264e,2da8401e-06af-4687-b726-03d21a8c3be8,a8410db7-d7a8-4662-a306-82140c7fe2e3,66,27,1782
1c8d56dc-7219-442f-b0c8-37957327754d,2b79ef74-30cf-42b1-be06-695d4c04271a,bc2fe916-9fcf-458e-982b-298e740f3ab8,30,20,600
493f51e1-6c28-4ddb-94a9-fdab46567634,9b7cb0b7-1694-4698-830b-cddad35b800b,c4da1bd3-a62f-4d95-ba2b-c73c68bba524,29,34,986
39736acd-7d5b-45e7-95e4-2d6c9787675d,1d55ff89-b504-4c83-9629-2045e0ad61cc,aee0b93c-4172-4aec-bfcd-c46cd3755f77,87,9,783
5eb9846e-6bc4-45ed-a25d-32da527d9299,8e071ea4-0e0e-405b-b5d2-418821382b8b,82f06ff6-e9e8-4fee-ac40-4f24b3e727f3,67,1,67
d7772acd-33ca-48fb-9ca1-2eb9ffefda54,de989ffc-2ba0-4ae0-b0d5-cafc72099d55,d48963cb-8794-48c3-821b-937d823b006e,23,81,1863
72c17e5c-9352-47fe-920c-d67ef8898f22,e25b995e-63f5-4a19-a808-ec41c4102c94,8d09bd71-4601-4c3a-a936-06c0d66229a4,25,39,975
3ef2f131-8072-4638-a6cc-7e4351d0ccbc,c454f249-9b0e-462e-aa25-b09eba5a36aa,b1b0de2a-2899-4437-b743-a7207387542a,66,95,6270
e000ad36-4de0-4639-8879-9da7f3a42027,e9f1730f-461b-4f3e-b640-6e2c6317313a,bb1027ac-34b5-46b8-bb1b-9749237067c7,64,95,6080
aa7df9e0-625c-49a8-b23d-d284e25d7bec,c921f8b3-373c-44e9-adab-7b652a24b704,40beeac3-cca3-44a7-a715-a344b86c1662,20,58,1160
0ae678e2-9fce-4d86-87f1-3087e3aabb9d,7b95ab83-9dba-4343-801d-c568768e9fd9,ea098ca2-4db4-45e3-8be7-2eca42c9f380,1,8,8
4dfaef7f-73b7-4b79-a8fb-2d37e5d87c59,0d31f6e5-aca6-4a77-ae77-dd86b6cd8b8b,e9fab42e-255e-4e33-8a62-cb24850d2729,7,37,259
f708d205-97b2-4750-a6b6-7fcec4eccbdd,ae7faedb-3551-4976-bd85-e9b822cdde3c,6d5275ae-4575-4acf-aacc-7eed3d76b995,50,1,50
5dd85644-5d89-4325-b07c-39b122636c30,13365237-ea57-46cd-8d84-1c31cc16b028,985aa3f0-7298-4fb6-bd3d-dff0863156e8,59,13,767
b1060c9e-2577-414a-a2f1-0ea48512f1b0,d827417b-6512-49cf-a7ad-10a2fcc29b2a,32399041-3fc2-445b-89b2-910a6e3bebdb,49,35,1715
7b748495-176d-42e9-a3d0-4b8d78ae5695,b05c5b3e-f91f-4d7e-aa45-a069dbbbdd7b,4b20131a-ed84-4753-b12e-15ddf75e5f5e,75,82,6150
2ce64457-435e-4c3f-b7ed-c1616ac43238,0bfce378-b45a-4d66-9151-4e7df26dcfb0,cc70fa17-d828-4a26-9053-e1c96415ff59,67,56,3752
19735088-4619-4af9-a575-1bdab8411ce8,38865100-cd84-42aa-b7c8-1438962a8a34,d32ace51-65a6-4bc3-a478-1468471c794b,43,62,2666
34e326c5-221c-4cb0-8020-85d2e9a7f480,cdb29705-d91a-4222-9665-e2c41fc5f957,3ba4774b-fff1-4808-bae5-639e1524d249,42,44,1848
3a9ff177-4598-43d1-a8a2-d8ef6aa45d02,73afc006-f5d5-49be-bd27-709878badc5e,03425608-3150-4528-8969-095d1acf3709,31,4,124
18d1449d-51cc-4559-8118-6bdf46c6eeb2,ac6db820-fb89-4061-bc7e-e169d97bb656,c9c51721-04b4-49e6-a122-66571a5a7416,89,69,6141
d4d1827c-38e2-482a-85d9-aa85cdb235dc,c7ec80a7-ff66-4a77-84a6-4fd3b689068e,80ae9a91-96e2-42e1-a1cd-201afa8e5ebf,90,68,6120
5f93d899-f277-43ce-91e4-7ac6aabcd1f4,e315ed2c-c25a-4c01-8508-857da4a55347,2a669a70-2abf-4db2-91bc-6d7b3ffa7afd,80,54,4320
146debd6-6d3b-434b-94bf-cacffc1a224d,de428458-b61b-490a-ac58-be8e538bf7b8,fdf73f74-a3a7-497c-83f6-2edf4239afb2,13,19,247
6f1254ec-74c9-4419-902f-a4c198fc597a,26b4f3d7-9300-4e40-b9f2-68bcd11d74a2,9d663d80-a0b7-4f3d-be5c-6a50f03f87fb,68,18,1224
dadcc28d-2094-475f-aaa8-44c44b20b525,b690600a-fe74-4376-8735-a753a2954da7,abf429db-8067-47c4-a168-56bd7202a4fe,12,70,840
ccf915b7-e933-406e-b10d-3fae46798189,0f4fa775-2007-4a64-9d17-2e6abbdbf8ae,0907fff2-8137-4139-8c6b-1d407b818dbf,29,24,696
aca0a505-bddc-4c71-a70f-b0a99e8a4b4b,ec680ce7-8b25-4c62-a3bf-60fef690618b,4f54cad5-1983-4c3c-86ff-7e10bb231a53,77,41,3157
9b79fd82-132f-4573-bcbd-c4af40ea5d0e,50973bb7-a5f1-4d45-bd3e-d1037a3e46f4,462afc05-4531-4b46-a800-fd0238a618eb,64,94,6016
eae2a431-80a3-4e82-aaec-418fe3301285,02311a98-1b52-40fc-ac56-c1328aad0548,1db16f50-50c6-4397-b508-33b22114b404,67,99,6633
9f13c92f-a2c7-4417-b987-d72b4ec60ebc,178259ea-f1bc-4d46-ac45-57b2b6d82353,67f6e3a5-6911-455e-a094-9dc4ea4be564,53,10,530
3e1899a1-b81b-49b7-8dae-a8e4763ecb7c,0e6b1836-c127-4b8e-b244-4a55cfe3b55e,085583ac-b125-49fd-99d2-80fef9dd207a,40,69,2760
ba01ba74-c9d7-4a80-8181-98ea3a51a8e4,811981f5-c953-4675-870a-277828989f1c,cd9b2f0d-0438-4606-9ba1-d96db54ec32c,89,41,3649
d1888348-ebf0-4a23-98c6-08d2d627f071,91b9456b-3234-4fee-8e2b-486fb404dc7a,4b62ec0e-26ae-4be5-b868-3b5b9e9e1bd9,65,95,6175
59ca1a70-89c8-41eb-8ae2-366164a2b184,d66e82d9-2217-4b8a-8e7c-5faa119a3e81,e38f247a-0f61-4e2b-9be1-8b5a85ecb800,43,94,4042
96f5484e-df11-4ee5-b6ef-fc9b4b324573,45e4b53e-8cb7-4ed6-80a6-d8762c8bca1f,97bd44c2-b6da-4901-a4a5-6c882faee7ee,69,94,6486
2988bfc4-77dc-4f19-91ef-977a19dcbc33,ee12442d-7655-444e-abe3-c0bfb996294d,14c8a2b7-e4b4-45c9-ba6a-02e450e13467,64,30,1920
11f89e68-a79c-4fbe-8148-f89cabda670c,a402a84d-eeb0-48ff-9976-21e228045869,4eee93dd-7fdb-4adb-b23d-a153ab522cd9,73,54,3942
36576027-9e94-43ce-b41c-c425f9010f9a,d66e82d9-2217-4b8a-8e7c-5faa119a3e81,ac25d826-05dd-4a0a-a143-559094dd0fd8,75,95,7125
7e60860e-fd3d-40dc-8382-08043a24251f,ec680ce7-8b25-4c62-a3bf-60fef690618b,b1b0de2a-2899-4437-b743-a7207387542a,27,21,567
664cba4b-e0fd-47a4-9de4-fe70ff6a6a22,5b941c48-392b-424c-958a-f3bd54aa0736,739b456d-7663-4c5c-8887-6a3af7e681e2,15,35,525
451c8e1f-f77c-4d68-a9bf-5cdb9a05d49a,e504c746-5b09-478d-889e-396deea45e74,15b33f02-eee3-47d3-9e68-30a62f5ca4ed,100,9,900
975dfd37-30de-410d-9e7a-21c002b18e90,50973bb7-a5f1-4d45-bd3e-d1037a3e46f4,9e9fa8f6-f2e9-4b82-839d-ce638be6a038,38,42,1596
f3bad974-7093-4cb6-9239-708a0eb10edc,fee4cda4-e4bf-4461-99dc-74d22855133d,ae01d599-e669-43bf-946b-589c236de368,86,78,6708
6b365ca4-0bdc-4012-8245-e272e0054adf,3100b962-c713-4af7-a551-7f6f125104f7,4b19d916-259c-44c9-aead-22eeba35f51e,73,15,1095
3caf3481-472c-47c9-9a06-ba115a8f91c8,58d0a7b1-7447-4f78-9786-c410f432588d,42273a1f-212b-45fc-9120-b3ee6e483ed9,37,86,3182
9e4235cd-0494-44e1-bc0a-8d8dc50a9ca1,50ddcebf-9cb3-4f97-b58b-78e5dbf5d5f1,52ee6ae9-2661-4450-8787-f5c48b996456,91,2,182
66f21636-9804-47f5-bc79-5dc1f6e7bcd3,01c44592-4afe-4bf3-80d4-5efcbdd65fbe,e19d4ce5-da17-4b48-8553-baaf6eeb3cbb,93,33,3069
5bb41c10-54d2-4c56-bce1-e7d0b99e860c,5c0ff553-2632-4386-a630-0c5c383e3223,f5dcd508-1af2-4c48-8213-20490102fe6b,67,84,5628
0e4f97f7-7a62-447c-b948-1023ec55d042,ffba7c90-5219-4b30-9d9e-4e3e9d21e6ef,922729e4-a1a2-4c78-ba48-1e888577177d,32,96,3072
f22d914f-eff1-4c8f-82b4-12610adb86da,a8c9c6a1-e21c-4da6-841a-c5b9858a99f6,a463148a-cb6a-4f86-bd9e-6267ce3a8f20,34,56,1904
5cbfddd6-df0f-4d18-ac78-4611f7948bf2,66fc91ec-36da-4472-b038-7dd97f2cfced,ef8f18df-519b-4383-b940-2a660455960f,99,84,8316
57eb4487-ab64-45fa-945c-ac7f2ef3115b,3d5590cb-7de0-4460-a5b5-b21177a54e2c,b6984105-1d4f-4828-970e-37d25d84ec9c,58,74,4292
fd94ed59-b0fe-46ac-942b-fbe3d8df8327,82e299a8-ae80-417f-9752-7fbf5168c982,0c70a7f1-0f79-4f60-8d6d-10536d52e16f,4,1,4
40173579-902b-4e01-90c1-ea43b1f2ee7e,b0d8f983-57be-4799-89f5-afcfed8040aa,8057b6d9-9946-43f9-8b9a-f6e2f20ef808,10,71,710
a273eab6-cbe5-4ee5-93ac-bab7942c85e9,b690600a-fe74-4376-8735-a753a2954da7,d63f471f-1a3d-4a9f-9b08-b00e8847fdf0,70,26,1820
a118a887-1f39-4acb-b374-2c6beb77627e,2cd70370-e21e-474e-8b0b-485fdbd80ff4,70533f47-91e5-4c2f-ad30-15b991a6491a,31,97,3007
8cf85ae2-bff8-4fcf-98a1-d7333e1562c4,f458de9f-1f52-4824-b34b-2d734a38c21f,e6d27b69-4796-4085-b71c-c2af4b5f6ba0,12,86,1032
5776c440-a5aa-4321-8c9a-e78b2bf5ce4f,1f0c447a-da79-4c60-81e8-c34bce3964f3,73baa115-a30a-492f-9f6f-bbbe73a58825,39,10,390
5e28a273-fb3e-4f0a-b33c-b1ce57b6b0ed,57893860-f62d-4f58-8f25-95935a2f2837,f0d11b19-b2cb-473d-b89c-b39cc271ae53,80,14,1120
bb0b3e20-11f2-47f2-baed-5030f46b5995,ae7a7b1e-2081-4983-a5bc-bce86b01e39a,15a0100f-6b79-4b2f-83a4-4db6134ed7e0,42,31,1302
6073640c-a5c1-4cf6-990d-2a04c1908bdb,617239c8-ccc6-4461-87d0-fbec0e1895e8,5fce83e2-4c16-4fd0-b79a-42d99493a11f,36,54,1944
1594a96a-eb23-47ce-bcf7-ccb4b263bcb2,39ea5c0f-b67e-4695-a915-2c93ae516394,1440cd17-d3e7-415c-923b-6d6129855372,85,11,935
9cc31e9a-6dec-45e9-ae6b-a8d6ae5362fc,6101fb6f-f7ab-4699-9f3a-d0b54c068fcc,1d98f405-b7ca-472c-9493-cef29e387284,77,68,5236
0ed93490-b587-44a7-abaa-6e1347d04fb2,8c40a502-592a-4b9a-8d8e-15ba4b04fd36,c7e04726-55e1-4d07-be68-8acd6aa42abe,69,53,3657
a2fd9c7b-c930-42cc-b983-070802053311,af8a2de5-6b89-4949-a38c-a6f408dad615,9b90beed-fe4e-459d-987a-2e3a18d57428,20,45,900
a8804214-00f4-40d9-82d5-d74a2ed69f24,62ff39e4-1f97-41ae-81b9-8e50e45e42d5,eb4f1dbd-da6c-4289-8096-0894c6c98d72,55,17,935
a44bf43b-ca7a-40a3-a74a-e996444137cb,26163d2a-c3bf-41aa-903c-a33d9ca50954,fdf5bd6f-c7fc-476b-8275-b8532dc7ae18,35,19,665
c7d76c2b-408e-44f2-ab7c-8724a0c8cd58,b3cf8074-a442-440d-b415-6053b16cfe69,4b19d916-259c-44c9-aead-22eeba35f51e,85,71,6035
c9991cc5-2033-41d3-a097-0a45dad9a0c3,8145a66e-d256-4066-ac68-1d547a0cd39a,0e15cb39-cec0-4488-9151-86461ab68319,38,58,2204
e43ef022-c938-4e4e-a039-e780663e0c80,d03bed09-7e52-415a-b465-6836fa531ee8,637d8ee0-465f-4f4d-85e5-033e84974b52,64,74,4736
b8d4b608-a9ef-4e0f-b7e3-8b6d9242090a,b391fe88-abc8-413f-b6be-b91af4d386f3,9394a43a-d2cb-47e8-9d88-1d5d6a55a638,68,65,4420
a77c3964-96f7-4af8-baa2-832ffc23f73f,26163d2a-c3bf-41aa-903c-a33d9ca50954,4b635d33-987b-48a8-8fb9-853e8e9d73fc,25,59,1475
e5c90462-ab82-4be3-b95c-37282fb56a7b,1cb9bb2f-bff6-4db0-8898-7466b7da48de,da2c0b50-67f4-46ca-90e7-12c9cd27a1a0,64,33,2112
ddbd6076-be60-4a35-8ee8-f01154557a96,8455c211-6f69-4b5c-aee4-9b758ef38303,900d3ead-1ae1-452d-b8fb-fa5349c213b5,22,100,2200
1d967f02-3e1b-4378-9b96-858d3fcc0bbc,16d123f9-541f-4aa5-a046-c008a1294b40,f8443800-96b7-489e-b7d6-dfbf11645444,5,65,325
7b6ef30c-dddb-47cc-8d86-e831b42d5c5a,74296b8f-06dd-4c9e-9d38-4565abab4a08,82f06ff6-e9e8-4fee-ac40-4f24b3e727f3,9,57,513
02521ba0-3303-4952-84d2-36c4e3be92f2,97c68066-fab6-42cc-9e67-df7256d6762d,2ee930b1-ebce-4faf-9e7d-41ab8bca4420,6,59,354
8efcad92-300c-42fe-8936-9c5d6e4e49b6,a8498623-58d2-4bbb-aa19-284114b72143,b632dc10-79b4-4554-b1be-233c928f9ea9,59,1,59
b7a8ace2-74a1-4c65-b68e-a4cf81530ce1,7ab3c639-8ce6-49a7-b5be-d13db7939b72,fbc50238-1a6a-484e-ac16-fa301b687c32,95,99,9405
1fe28a4c-6c35-421d-8599-63afc1f4ab78,6d83e150-6201-474a-9438-b5e71410dcb4,8cdfea92-c4a9-4061-8322-fb91c6bb7ddd,53,12,636
c063681d-3542-4fde-a326-991bdf3456ca,e8a0b79a-e72d-438d-b8d7-8e910c7adc63,30899dcb-14de-4de0-b1de-294917bc663a,5,14,70
37947a0c-d780-4087-bccd-0113f860e637,4206ab4a-a060-464c-9615-5bb99311f2f6,93c1e54a-8ff8-49f6-a1a0-ed1de4315d52,51,85,4335
4ff3e709-0e64-4c15-99da-11575ca00820,db720e1e-39cd-40ff-8c44-a128ac606b84,f4bf164b-696a-451d-808f-54d45b79d5e5,8,42,336
d76a2218-5fd2-4ab1-825a-bbd2a2d94289,47cd3a69-ac15-44b2-94ac-a563b5ed110d,4eee93dd-7fdb-4adb-b23d-a153ab522cd9,31,29,899
aa0d93dc-dd52-48a7-9940-2d9bcc5bde9b,beefc24c-818f-4477-8c4f-84f1ea27eb13,172864d5-55d1-4d02-9d02-0d0e82d3fd57,25,82,2050
a85d9071-6b5f-4906-8507-ba60b9993ed2,432f585c-2402-43a0-a6ab-cf953b217dc9,ec533f93-47a9-4003-8f6c-c4b1f4ae75ce,21,33,693
f156400d-a582-4ee0-bc72-5dca526f7c4e,f6dd31d9-a6b8-450b-8fd8-a053fda30f14,4f4b09eb-a79f-4090-8704-c78cadf73bc5,37,63,2331
f2a5b6e2-c879-42ec-9cc0-96a9b05fd235,47cd3a69-ac15-44b2-94ac-a563b5ed110d,3cacc7a0-ce75-489f-b9dc-34d5233799b3,46,60,2760
5772bee8-e61c-461f-9e76-0524975e56e0,904e70c7-af3e-4f70-8964-1e7f40331245,bec71f92-4abf-4c6b-8919-ad95446b8462,99,90,8910
f91b2f56-a90b-4778-8233-a6cc9e353e1f,e8e82e58-1618-4380-8387-2605d0bd676b,5983b804-1838-4a7b-b9ca-643d0472ce5a,55,6,330
ffcbe82d-a7fa-4cfe-96ae-a9801f0cf8fc,882f8126-54fd-45c3-8fce-d64ff990fcd0,ff6dca25-6b17-4d9b-8619-4ee078db7462,66,97,6402
34e72a16-091f-492b-ad35-fcaddcd05f36,d1d13252-a8c3-4cf4-af27-38cdda1a6f5e,ee3966ca-ea47-4cee-9835-2ab03f42a26d,85,58,4930
f60907b4-1273-4cdf-9563-e8f196d433d7,2801ee32-07d5-4d79-9485-b2a95004ed10,25a143af-b720-4732-8374-431f91775bf1,94,73,6862
5930f9c9-211b-41c2-92e6-3a088f292192,4cfac07e-5241-4cb0-a3b9-d5eb2f19eb60,1c69504d-fa75-42ef-8bbd-d6408ad1f7bd,44,48,2112
0a412334-9a3d-4a71-a737-525998f2a985,fff49934-73a9-4140-914a-e7be236aa9f1,b1b0de2a-2899-4437-b743-a7207387542a,22,63,1386
eafbeb9e-6763-435e-be49-f9393c1f82f8,488059f1-7ce9-4fbf-810b-78a992ced028,9e45123e-0e36-41e1-a235-0571f3aa2f62,71,81,5751
31744600-bf2d-4a50-b748-b8d6337f956c,929f4802-9ab1-4410-9367-f1b98e8c5759,462afc05-4531-4b46-a800-fd0238a618eb,42,42,1764
9325d325-1671-4f6f-aa4c-1dc77a0400da,04e3d858-e9ae-4706-bc3c-d47a520bd31e,63c40f15-0c91-4f7e-bec8-586b53e0aa27,90,18,1620
0dcaf246-2048-4309-99a7-f67126eeab82,58f906b3-6d4e-4597-9ee7-fb7db646d6e6,1169f851-8b87-4d55-8b88-e9d9e7cce32c,13,19,247
131dcf47-3f14-4323-8c54-fe5dae7cefab,38865100-cd84-42aa-b7c8-1438962a8a34,02d62c7c-1634-4080-9a9b-e1a724787696,11,7,77
83a422a8-c8db-48ea-902f-9f95b1bd6fae,9bc59337-7572-4bad-a23c-2e4383f328a8,9d85cfa5-62c1-4cc9-9cc3-04e1c102f129,13,60,780
920ae25e-6aea-498f-b0ab-0edd5cdaf233,5814c14a-cf3e-40ca-91b0-d0df955fa9e3,affdc90d-afee-4d29-8495-955412b20f2c,14,45,630
17f78692-5310-4ef7-a173-a568b39bf52c,9e41aa62-8053-44c0-8ba0-18a5ce749070,3cc740d5-9bdf-46f3-9d60-6eb53c936606,99,63,6237
0a42cd42-a651-4fa1-bee9-3c8f7bed85d8,db84ac51-bd55-45a4-b1a2-8f473bb0b5c8,e17cb350-1eb1-449a-b531-35b62c0cdef6,4,44,176
0f5542c9-33a2-448f-a773-8912dddc99d6,c82121f7-6111-4efb-8c86-4f869aa50262,6a936a98-45a0-457a-88b9-d135a014e91f,20,71,1420
af64f113-a293-44c2-a2ac-cbefd0f47970,4371eb65-56c4-4188-9bfc-0b0d691d4e3a,1dfd9dba-e423-47dd-8b7d-ae3133516ed9,46,70,3220
cb0488f4-2eee-48d9-9ca0-0530b77df05c,dbc164f8-508d-46d2-a73c-22eb365361c3,4a189d9f-b1ca-4588-ad73-29128f7f9ef2,29,96,2784
85126866-8a08-4451-829f-116b7c0fc0bb,7c840b68-6ae6-47a0-bfd4-5640b3d21550,5fce83e2-4c16-4fd0-b79a-42d99493a11f,14,9,126
cdeda95a-e02b-49f6-8d9b-2a3efad38018,2e2b098f-a657-4bca-b728-8225351e3f07,921164f1-ce8b-4756-b565-d330c8f49db4,95,58,5510
25c5517d-de59-4c49-9f88-a43744877990,e078db86-66bf-4481-ac5f-59f2be03d558,ee79ba4b-772b-4cf5-af1e-e436c16561ff,82,93,7626
67d5fce7-3c62-4dcb-ab43-8b32bfd5e96e,7647713b-aed9-4db4-be60-af5a720be908,f326ee5e-9dad-4a78-8327-cc7f2316bc9d,61,84,5124
4d21af4a-6c8a-4e17-a14a-82b0a2a65aaf,c4edeb04-afef-4968-85aa-20e308ea3395,985aa3f0-7298-4fb6-bd3d-dff0863156e8,47,41,1927
e1254443-fdbc-46b8-bce7-3d6a1f587cd5,b391fe88-abc8-413f-b6be-b91af4d386f3,232f72c0-98aa-466a-943d-1a25ca6f98b0,70,18,1260
deeb1675-daa4-42c4-a85b-a62e43742708,e49e376f-97ab-4cd7-8369-9eee52f69836,b26c1487-b0da-4434-b0cc-53eb51abb3a0,28,62,1736
