id,customer_id,order_date,status,total_amount,shipping_address,created_at
fbbc9817-1e6b-47b0-a400-f37dd6582888,9b1a83ad-6139-43ce-abd6-482bc813115e,2023-10-18,shipped,8039.95,90 Evergreen Crossing,2026-03-24
e864dcd4-2788-40e7-8122-677f58997c63,0d3c2e57-0b3f-4ac3-b539-ebcf362d0c89,2026-01-29,delivered,1239.61,62 Emmet Hill,2025-12-19
301adb5a-6801-4532-b1b5-43a68cf44bda,4bd15403-bb5f-441d-8676-db365d07cd15,2025-07-15,delivered,6359.95,6 Erie Place,2025-06-13
23af181c-211f-4857-b3d5-256624e369bb,084a33f7-a4ec-4ce5-9c64-2e101e2405fc,2023-11-19,pending,5623.66,17 Birchwood Park,2026-02-17
6d7a69d8-2e2a-41b7-a75b-c49afaddb4d9,2a1eb817-f4c2-41fd-9b90-fff0a7b587e5,2023-11-21,processing,394.19,33851 Novick Street,2026-05-24
18de7b04-236a-4d7b-8aa6-5e376e5775f8,937ae2ce-9f3d-4293-8be5-b717e7c555e5,2024-08-09,delivered,8863.95,4588 East Lane,2026-02-26
1781ce07-0b35-4488-8482-71ee289d9ade,a7e68017-ed3f-49ce-b0ad-a1f99cf9a85b,2023-03-09,pending,4340.74,69 Golf View Hill,2026-01-11
c6ffe540-949e-4196-a4f0-c9ec4410d9b8,94fd5c93-97f1-4f30-8ea7-85a9f0df36a9,2023-07-20,canceled,626.42,69 Kropf Junction,2025-11-15
d1d13252-a8c3-4cf4-af27-38cdda1a6f5e,c964f4ac-6168-4ba2-b43f-5388b852ec41,2023-03-21,shipped,5626.06,1 Ronald Regan Hill,2025-10-21
4ea14626-be03-4745-b2cd-ea6cd832440e,d9e8d177-b88f-4b41-aa7e-d09f412677ee,2026-03-26,canceled,3717.46,5195 Arapahoe Pass,2026-03-26
e4091f47-9c7a-47f5-892c-f1b8edec80de,0bebfa49-555a-43b3-b5bd-2c5bd7875ec2,2026-03-15,processing,2094.74,581 Bonner Road,2026-04-04
a6588969-a134-4517-bd0c-a896198cbe52,31eb7664-89f8-4459-8571-ecdbc04a6fd0,2025-02-13,processing,6586.29,523 Welch Terrace,2025-08-23
27d6685a-b26d-4351-8177-8f8dc481d28b,518a84fd-bc80-4efd-a3e0-0a42775dc9fb,2024-08-18,paid,6042.41,3388 Scofield Parkway,2026-02-17
02311a98-1b52-40fc-ac56-c1328aad0548,ab782ce7-50eb-40d3-b700-65c30da926be,2025-02-24,paid,9986.07,3 Kings Terrace,2025-06-30
d0dff004-b1c0-4108-a10a-94448f021213,58b8b625-5675-49de-b1ae-34915e7b2865,2025-02-18,processing,3841.68,992 Dorton Pass,2025-10-07
fff49934-73a9-4140-914a-e7be236aa9f1,13271477-1ad1-4807-87c8-46956ca36727,2024-07-13,pending,9585.22,4 Melrose Way,2025-10-04
02c8cea3-54d3-46ca-9307-1510e0387325,1ea7f856-54e5-47a9-903c-dcb725d716aa,2023-12-20,pending,4191.44,95777 Holy Cross Terrace,2025-11-03
a25c1503-f713-4436-a793-e2ef8372aa8b,39ad19c3-b3da-4f8f-8481-58266a9f64df,2023-07-08,delivered,7054.17,5 Division Avenue,2026-01-23
1f46186b-4b02-4d5f-9de7-24b02ab0764a,1d9ed980-f054-48ce-9617-23b3ce7753a3,2025-07-24,paid,3355.73,83 Mendota Street,2025-07-13
c82121f7-6111-4efb-8c86-4f869aa50262,3b4255f0-907a-424f-b736-abf5d3ca8ee7,2025-08-22,delivered,6899.90,8189 Main Circle,2025-11-03
972ae1de-25a6-4ffb-ad73-1299e905fcbe,364a72ff-a2ef-463d-acfe-37d6fb6f2268,2025-12-14,delivered,7008.66,9 Clove Hill,2025-09-07
39ee40bf-b631-49a0-958f-f4e82751a3ba,df981d8a-5bdb-4600-bb2d-baa89f9a9f83,2024-07-30,refunded,226.31,8648 Birchwood Park,2026-01-13
ed544fe2-38d7-42fa-b9d1-3e8a774d52cb,10007180-0944-4f03-b4a1-c2d95675b1a6,2023-12-24,shipped,7189.57,506 Blaine Parkway,2025-07-31
ff569651-9d9e-4d49-a418-622abd780b9e,f1d267a2-1c48-40ab-add4-60a8f5217174,2024-01-13,canceled,3406.24,6409 Service Road,2026-05-08
0c100290-129c-4b90-b9cf-b2f255a35c6d,8b3765fa-5991-4089-b017-7c78e0d19273,2024-08-17,processing,4939.21,2 Banding Hill,2026-04-20
c5bbe62f-e07a-448e-8202-b11a9978851d,4234115a-8726-4768-be13-054e14002905,2023-09-27,pending,6152.15,6 Golden Leaf Hill,2026-03-13
3d2b2eac-64ed-4775-8e4e-450f9640dd5b,5c259c0e-e84d-42a7-b03a-963e84489ae1,2024-03-25,pending,6575.70,8032 Valley Edge Circle,2026-03-25
a529e70c-2d72-4d9d-85a8-c4e273ad435b,64b527c6-c42a-4b02-940d-e2a98f02a5ce,2023-11-30,refunded,6003.76,30 Talisman Way,2025-12-16
2a7f7790-c683-4804-9100-cff9531c6cbf,d368d088-f6af-4251-a945-7cdbd48d1e4e,2025-01-04,pending,6803.57,45972 Messerschmidt Drive,2025-06-08
56056b25-0f40-4457-a9e3-5532e5e8af13,37036ae1-8f04-476e-b092-5129643df962,2026-05-26,refunded,9315.65,329 Stoughton Way,2025-06-22
d96eb8e5-95d6-4385-9759-fe326597e751,b475d927-9a6f-434f-9803-186ed64b308a,2025-08-13,canceled,257.94,650 Kingsford Alley,2025-10-08
a5dd7cea-351e-4479-b59e-41bf15edf32c,3ec33ae7-df43-4f0c-b097-51fb59584d82,2024-10-02,shipped,6801.03,19262 Superior Place,2025-06-05
1e52034d-6f60-40d0-8c19-4e83a566c49c,069d5e1e-2a5c-40c7-9547-76ca3aaf5583,2026-02-15,processing,3374.86,82 Pankratz Center,2026-01-13
35c48875-5ffb-4f65-8076-dec004153a1f,2f905cb6-8727-4d3e-8f5e-75b19d7b0b55,2023-06-06,pending,5553.06,93 Fairfield Lane,2025-12-10
10a9195e-119c-4955-a45c-62c8a9fa4f3a,c659f0dc-514e-468f-844c-a009202a250e,2024-10-07,refunded,6900.63,156 Donald Trail,2025-10-20
74296b8f-06dd-4c9e-9d38-4565abab4a08,3910e8a6-2d64-4dd4-bac7-ea292927e481,2024-07-03,shipped,834.40,83105 Jackson Lane,2025-10-07
604a0b45-033f-4045-adb8-3acf3c8bcb17,1c5be29b-0fde-4959-b76d-bd0e3a203466,2024-06-25,processing,3517.80,0 Pawling Park,2026-03-24
c4a14e22-e622-4788-9d99-361212f5b724,622c530f-2eb5-4fa8-a26d-d218a1db6309,2024-05-14,canceled,6078.19,00291 Melby Pass,2025-11-05
6906b1b0-22c9-4c62-b101-93d984a55da6,5a3fa9f3-6ae5-4bee-b8de-57b159c93fce,2023-02-22,processing,6230.51,3871 Orin Avenue,2026-04-12
304cffbd-1f6f-44a5-81fc-eafc6d525a6f,85ab6e5f-085f-493b-bd36-fea6a408a322,2024-05-01,pending,3840.27,99827 Montana Court,2026-01-18
df6471fd-c4bd-42f9-93ab-a2c82e459de6,ce19eda6-49b7-4781-8e82-639568762f4f,2023-06-30,processing,7560.58,5 Myrtle Junction,2026-03-28
6132ecf3-cea2-47de-bc73-f8d45d74a292,32dfc915-337b-42c0-8955-541d88da6104,2025-07-06,shipped,7361.66,08069 Morning Crossing,2025-09-03
600f9abf-f873-4b74-bef6-62677aca6880,57fe05fd-cd7a-4964-8f01-3e4bd3a65112,2025-02-09,canceled,6741.61,1 Iowa Way,2025-07-12
12222059-3876-4598-b9bd-f185127eb7ab,3a7d2c3f-3a8f-4be0-a3c2-9aa27b4140af,2025-02-14,processing,3616.35,901 Hoepker Parkway,2025-10-23
d7762d5e-870b-4f49-bf98-9ba1b8636698,d544db52-8e89-4706-a8be-87f62ff09b1e,2024-11-19,paid,5240.91,2105 Schmedeman Point,2026-04-11
460251f6-eaf0-475c-bb66-cec56a8c57c5,5dee1661-a739-4830-8df7-a855f1e8120e,2025-06-14,shipped,6229.54,542 Victoria Way,2026-04-28
33434c43-3f31-4269-9331-1a0442b260c1,2653a148-bdc6-442f-a1cb-48f314a5df5d,2023-11-08,delivered,4106.28,51 Heath Terrace,2025-06-22
c47e440d-09a3-4f72-acca-6cb03bdaf964,a3cc35f5-cdd2-428b-8243-65c84ad7bcdb,2025-04-07,processing,2581.12,30 Eliot Circle,2026-02-15
f3114b88-27ad-4456-bf18-8235c7bdbc61,bd0026ef-091e-418c-b53b-a3eed9f4dc32,2026-01-13,refunded,9971.55,3463 Vernon Way,2025-08-13
2801ee32-07d5-4d79-9485-b2a95004ed10,85ab6e5f-085f-493b-bd36-fea6a408a322,2025-10-14,shipped,2880.06,0085 Artisan Court,2025-11-07
d3e78836-fb3d-4364-b480-256bed20b5f2,78a43f4b-2e59-4f13-b097-a9149306dcd6,2025-08-19,processing,3254.63,139 Mosinee Pass,2025-11-05
9a36d11f-757e-4cd5-b0ad-6c8df3cfe208,52161676-d3b8-4e22-826e-4180c9324ad3,2025-12-10,processing,2984.41,7 Saint Paul Hill,2025-12-30
1a7e64f0-6e4e-46b0-9820-3cf8725bacc0,8519255f-e4b6-4f83-8bb1-23677d0425e5,2025-03-17,refunded,1649.63,6989 Autumn Leaf Drive,2025-06-20
156e7411-d632-4917-b4ec-d49980dd7a7e,e2d085b7-0623-43e0-9404-65cc5ef730d7,2024-02-23,delivered,1085.78,285 Porter Circle,2025-11-14
10000748-627f-4b76-b6e7-0df82351b395,ccf3a77e-ebc1-4850-8cf7-5f96d103b772,2024-05-20,shipped,2006.86,79 Scott Circle,2025-10-18
7e07b11f-ea47-402f-8f34-3dcef4caefb6,f49ded1a-3f97-4912-a13c-edd505ff4bee,2024-03-14,processing,1289.88,7998 Sutteridge Point,2025-08-22
de320190-86a8-47a9-b7c8-03d06b94dd60,f5bf5c67-047e-427d-858d-b22b3b9eb00e,2024-09-19,processing,4212.69,7 Village Green Place,2025-12-24
69a294c1-3b42-4025-8316-5628501b45a1,7c97cc60-1fd5-419a-afea-7f0e55fd3d30,2026-04-01,paid,3501.46,9 Glendale Lane,2025-06-21
ebb60ad8-6357-41d8-84b1-6962f2583ac0,93f063bf-ecd8-471e-b185-4b9794392024,2023-04-10,pending,1096.86,9414 Annamark Pass,2025-08-11
32aa4895-fb6b-4aa7-9e37-4f149bce4e2d,75d6c379-3071-4e5f-83f5-5f6f98f64fe5,2026-02-05,processing,7336.67,5 Quincy Parkway,2026-02-15
eceff1e3-c7b4-4536-92e3-159f2c9665f9,c3dc9ace-1162-41ca-8fa6-7d8d472c5610,2026-03-05,processing,8977.00,7448 2nd Junction,2025-11-10
f21647dc-c908-43d2-b7f7-57cb7336439b,5949ecd1-47bb-4ef9-8841-be9756587cb8,2023-06-10,refunded,1643.24,0216 Spohn Drive,2026-02-09
1817071b-c7fc-43c0-8579-925d59ed6811,ec960e7a-fabf-4810-b863-fc7f48b17d35,2025-11-25,refunded,893.57,0829 Magdeline Place,2025-09-30
b19ff350-cfba-424b-aa07-9d3535933db7,0306515e-92ec-408d-8618-a0144b98ccc0,2024-02-16,delivered,9589.45,0 Northfield Court,2025-12-25
59d8a091-669c-4780-97a1-6c49ffedcb5d,7f2ed47f-6c83-46b5-8f37-6d546803b8e9,2024-11-18,paid,2942.95,7 Crownhardt Alley,2025-08-23
05b9bfda-202c-4f44-95c7-bfc1f67d37e3,1ce5e118-190e-46d6-8c6b-4eb48e925c8a,2024-01-27,refunded,4871.38,9 Cottonwood Trail,2025-06-06
2a41e6f2-8e38-4c8e-bd13-06fc4716d34e,8b3765fa-5991-4089-b017-7c78e0d19273,2024-02-27,paid,612.09,72998 Autumn Leaf Center,2025-07-18
8f71e8f8-a63b-49e2-bdd5-7e48f4bdf778,1ab665e6-3b70-406e-a352-7260c26b8f62,2023-05-13,paid,3254.25,421 Anzinger Junction,2025-08-07
de989ffc-2ba0-4ae0-b0d5-cafc72099d55,3a1ed01c-8eb6-4dcb-bcec-748019351be0,2024-12-20,shipped,2570.85,02148 Thompson Crossing,2025-11-23
82151bd1-1a66-4611-99f4-111e7b57c5a1,0d3c2e57-0b3f-4ac3-b539-ebcf362d0c89,2025-06-27,shipped,6599.65,98 Straubel Avenue,2025-08-28
752735e7-55a0-4409-bdbf-ab1935d7afc1,627517aa-0a70-4f67-a02e-bb6624cf4e31,2025-02-13,paid,6305.35,462 Lillian Trail,2025-11-06
ce66d4e9-ba32-4a55-9edc-d888b5fc2e49,9d781ee6-7f44-4144-9d5e-35b7d015b1e1,2024-03-09,processing,4122.50,7 3rd Court,2025-09-06
2b365453-c8cb-4829-8a3d-e82eb9b71690,0ddbcd6e-0a8a-43e3-999d-0224fe520174,2025-02-27,pending,6557.98,3768 Fieldstone Plaza,2025-07-04
55a8af73-fc1c-49df-93e2-deafb4d0db4a,23c853d0-2b13-42d0-ac61-52a1a3651481,2025-12-15,paid,1584.72,1786 Randy Lane,2026-02-14
736caf8f-e8f6-4fd4-9262-3f13495787e7,8a801116-2826-471c-9c83-3248262037b0,2025-12-20,processing,2016.48,8 Crescent Oaks Pass,2026-02-17
9e2425d8-da3c-4f39-b2ec-b09e614db42b,06884274-10f1-4305-b3e3-f17289c56c1b,2024-02-12,refunded,8426.60,7964 Havey Plaza,2025-12-29
b20bb70d-e08f-4c86-867b-ee7512098cc5,149ceece-7cd8-4957-8b71-ff2264ccd064,2025-11-25,pending,9234.75,472 Prairieview Lane,2025-12-30
a8c9c6a1-e21c-4da6-841a-c5b9858a99f6,0b2741f7-8fd4-41f7-af17-62e5f2a58334,2025-10-23,refunded,626.95,67 Karstens Plaza,2025-06-05
6adca90f-d9c4-4540-895e-3ea9bf4198f0,b73eefb4-34b2-482c-aa74-0730c225a829,2025-01-02,refunded,6688.32,2787 Anniversary Pass,2025-11-18
f7563e39-070f-46c2-a3cf-11cdb88629aa,c5c2a676-2cf3-49f5-8b4d-32ec011c5171,2025-01-14,paid,1965.51,488 Artisan Alley,2025-07-03
da21b21e-30e2-4407-8299-09df1133560e,272f6ebe-273b-49a1-9aef-8bdf22988267,2024-06-29,delivered,4706.25,2 Packers Parkway,2025-08-27
b4e3538f-9e50-4371-8e6a-4e0e2b9a3322,5c7e2a4f-2a83-4c64-9e3b-d337852f8483,2023-08-03,paid,51.59,04 Kipling Hill,2026-03-13
a402a84d-eeb0-48ff-9976-21e228045869,aa712226-28f0-49fc-83e0-23843c29fe4c,2024-07-03,processing,939.94,52248 6th Terrace,2026-05-03
e504c746-5b09-478d-889e-396deea45e74,b6a1bb5b-744a-4227-ba37-fbc6e06b3535,2025-03-29,canceled,3119.37,2 Lien Road,2025-06-20
f18ce207-7a58-4752-945f-64877d48f7b5,92dd6c9d-6081-499c-b562-ccb4f7fe88a2,2024-06-23,shipped,2264.92,10 Texas Point,2025-09-16
17695871-2cab-4b63-96af-bc475b77e157,483bd330-467e-40b1-aee0-fa492f428cdd,2026-05-21,delivered,2341.92,71 Milwaukee Trail,2025-09-10
2c5d7256-86dd-4172-80df-4e8b5d46951f,3924c00b-bfc8-455a-85c1-b6afc55e3e69,2023-12-14,refunded,7476.91,6579 Golf View Plaza,2025-07-16
e25b995e-63f5-4a19-a808-ec41c4102c94,943d9fd2-64bd-4fff-b28d-41b511d562e6,2025-10-13,delivered,12.76,236 Merchant Pass,2026-05-13
b99da001-126b-44c4-b708-436fd82347e9,9f87b328-d18c-4d6d-ba47-f5a0b818d2f8,2023-05-08,shipped,4212.95,86 Meadow Ridge Avenue,2025-11-01
fa8b20a7-7fbf-41d6-9580-a3927cebed3d,d544db52-8e89-4706-a8be-87f62ff09b1e,2023-12-19,refunded,7770.67,0 Corscot Hill,2025-09-20
bc7d4a16-a786-4bee-804c-f62a8092a8aa,769742c7-b9f0-4b6a-a9e1-ec3614c3b62b,2024-07-18,paid,2558.11,53 Merrick Trail,2026-05-02
81983d5f-d54b-485b-b9d9-3039a80dcbef,9eb69122-685c-437d-934f-217bb3415e5c,2023-10-04,canceled,1017.81,28653 Roth Lane,2025-07-01
76a42282-9d9b-499c-9bbb-2a6f71ebe478,fcaacb7e-c177-45fc-85c4-8b5c10aa66a6,2025-08-15,paid,1834.51,90137 Thierer Plaza,2026-03-21
30fea46b-ff33-470d-b200-2ffad1c732ac,39cb8791-39c6-4560-affe-c8999acaa2f9,2025-02-23,canceled,1190.72,5 Northwestern Crossing,2025-08-30
1dd06976-3dbb-4459-8eca-66b887a55403,a2f87a6f-02c7-498a-af8e-046a9d90739b,2023-05-08,delivered,2652.81,56 Montana Alley,2025-07-02
4672ae3d-17be-4ec2-a098-c074a5e92032,7d024e5a-33b3-4367-ac34-52582e61170a,2024-09-09,processing,9087.26,017 Mesta Way,2025-08-28
0f806046-3ead-4342-8e87-efe29458e497,8790a238-2b65-4d55-8905-b11c6274c892,2024-02-09,canceled,3615.35,387 Nancy Terrace,2026-02-11
601d1df2-a7a4-4acc-9567-6f4c617b1710,03a13284-45fb-4227-8970-748e70df425b,2023-11-17,paid,5448.13,5 Harbort Park,2026-04-11
888343d6-ccfe-4500-aab8-8d12564b5aa0,93c2f041-11bb-4788-a67a-452fdf454f42,2025-09-02,delivered,9816.86,3409 Manufacturers Place,2025-06-18
ef1d3506-de8c-4321-95f2-a2fcdd81aee1,9c7a5422-d600-44e3-90b6-f248c976c51a,2025-12-21,shipped,1142.91,491 Delladonna Court,2025-07-28
00e0c702-aa9a-4f00-8262-6b9d683c504c,f7210314-cb21-4466-bf9b-c1ab7b45f50d,2023-03-04,refunded,6728.13,524 Golf Course Trail,2025-08-08
617239c8-ccc6-4461-87d0-fbec0e1895e8,438b68a5-e46d-412c-81ed-8d9b57ed1f59,2024-08-25,processing,6507.21,0 Stoughton Trail,2026-01-07
9e97e0b8-a08a-4197-b4fb-cb638941f9f8,6203c778-0da0-44ea-bfdd-381eee835c22,2025-06-11,shipped,9513.58,732 Bartelt Crossing,2025-11-19
96f10a42-addf-4aca-9692-cf93926393eb,8ed1afe0-21ec-41d6-8b62-535aa9a60da4,2024-02-17,refunded,5030.11,52 Green Drive,2025-07-14
b0d8f983-57be-4799-89f5-afcfed8040aa,6317191f-d23a-4908-9065-afc9e155067b,2024-01-19,canceled,8587.08,58922 7th Road,2025-10-02
859395bb-e56f-48fc-97fe-b9c15a8c5fde,78a43f4b-2e59-4f13-b097-a9149306dcd6,2026-04-22,refunded,6227.30,23519 Carioca Drive,2026-03-14
7791e9aa-5713-4206-8fc3-b66bf6cef588,13271477-1ad1-4807-87c8-46956ca36727,2025-05-01,processing,6061.30,42391 Mallard Center,2025-10-08
819fc515-671c-4175-832f-712c1dc21138,54e1c588-e597-4c01-9bee-c30420f697a4,2025-02-22,pending,8416.67,875 Schiller Hill,2026-03-05
a142d01c-82d6-490e-bb75-1cdbcf02835e,cefbbf8c-a3ad-4b03-b259-0b730f8fc15d,2025-02-11,canceled,6836.25,9 Sachs Terrace,2025-07-01
1aa5c08f-0a8c-46a7-8e7b-b3538b2191e0,29d6b23d-d4c7-4b44-8e86-769675430d43,2025-07-23,shipped,3574.27,02 Grim Street,2026-04-26
b852cd1e-d762-4b3c-afcd-f465482f6242,262f7fbc-aede-40a3-b0ab-ef65fcd89e32,2026-04-25,refunded,7735.71,1425 Pierstorff Lane,2026-02-18
961a9dd0-0d28-4e05-947b-dfadb81eef11,3c90b857-ccc9-49d7-b001-1ee722116db9,2023-05-27,pending,6921.38,429 Jana Park,2025-08-03
8d25b9ee-65b0-43f6-8f6e-d0b9c98c2258,f5031dee-c406-4d46-baef-dbf383248529,2024-07-22,pending,1652.16,387 Carberry Pass,2026-04-05
8fe65891-66a0-4322-b744-845fc3e409ed,a900feaa-e364-4208-ae31-c4f9736e663e,2025-05-14,canceled,1703.26,0914 American Ash Avenue,2025-06-23
42c5c24e-5c03-41e7-ba8a-8e0e30abd108,c795e7fa-5569-430b-b306-646e379ad45d,2025-04-24,processing,4828.68,5 Washington Place,2025-10-04
4b4477ee-ba4c-4498-810b-05d9c979567b,54970210-ff7b-4536-a71a-a02d481f57fe,2023-06-27,shipped,4126.04,72938 Lakewood Junction,2026-05-21
ee45cb83-7e32-4873-b67d-08632c4bbf00,1f14facf-d406-49b4-8ad2-2df40875b3b8,2024-02-22,pending,6473.16,6233 Anzinger Alley,2026-04-26
a2241e24-190d-4eca-92f6-a6e5142f824d,92dd6c9d-6081-499c-b562-ccb4f7fe88a2,2025-03-14,delivered,9868.04,58 Michigan Pass,2025-09-28
9325e260-5d7e-4cd1-be27-2fae40789546,fa8a0f04-93ab-4af2-bab1-529f34c8a4d8,2026-01-10,paid,5292.28,784 Kinsman Place,2026-02-12
47a0d359-e6b9-4fb7-a6e5-0a319b070ca1,f266248d-9049-454d-aa6a-f46bf624f726,2023-07-16,shipped,9151.15,8547 Fair Oaks Way,2025-09-12
9ccfddbe-96cb-4514-81d3-ba9a3b665de6,25dffdf4-9783-4ee5-bf64-fa059c5cdc07,2023-09-21,canceled,3452.19,322 Pennsylvania Junction,2025-06-09
60cea942-424f-4757-acdf-a867cf79cde2,b45f35ab-cf4a-4512-87af-8f2ae8d96946,2025-08-27,shipped,2871.00,13 Ridgeway Way,2026-01-20
ccbfcd6d-7d94-4a88-96b5-b6340bdd136f,4bd15403-bb5f-441d-8676-db365d07cd15,2024-06-16,pending,2066.94,0 Elmside Parkway,2026-05-06
da3117d2-1f99-416a-a25c-6b0ad14aa421,47a68ed2-ea08-4cb6-b52a-9075b699369b,2025-12-12,pending,173.31,18 Hintze Road,2026-05-14
7ea371e6-cfca-4a33-a26a-10e65d464a01,cc453372-6aca-4000-bafa-a1b55d141076,2024-04-15,refunded,5370.99,18 Helena Park,2025-09-29
91a9e8bc-e7ee-412d-876f-5c5d70bc6928,4dbacfda-664c-44fc-9ef4-57842979581c,2023-10-12,refunded,7388.10,499 Bunting Circle,2025-08-11
67dd9270-a55c-45ba-a1ba-c87a593778bf,ab782ce7-50eb-40d3-b700-65c30da926be,2025-01-07,refunded,1894.24,76 Namekagon Crossing,2025-06-05
335180ed-8177-44b9-b8ea-68a54638f82e,ffe15bbc-0766-46e1-a5a3-bd015fcbb6ba,2026-05-05,canceled,6996.18,5210 Washington Pass,2025-11-10
f2b3dc92-46c5-4897-b975-a4b629c01eed,bef9f7c4-fc43-484a-9582-ac7c3000ea24,2023-04-22,paid,2908.50,90149 Upham Crossing,2025-09-24
dc71180d-250f-4c6d-a7f2-92eec7677a85,fc49c6d4-960b-48c5-a30c-18037514bfdc,2024-11-19,paid,3104.97,519 Grayhawk Avenue,2025-08-10
2b835467-e573-4b55-9973-1ae658026879,8b3765fa-5991-4089-b017-7c78e0d19273,2023-07-28,refunded,6827.44,7 Portage Junction,2025-08-20
56371b78-96d0-4019-b59b-176c4ffbf346,51c3b282-cdda-432f-92c8-2bfada4fd10e,2025-11-07,refunded,8948.59,494 Blue Bill Park Terrace,2026-01-30
65979759-652a-48cc-8506-fc194531add8,8de0c89b-52e4-44f9-afd4-909b156a1bca,2025-02-03,pending,8221.06,5161 Hoffman Street,2026-01-01
0a3af1b9-7b14-42b0-bf9e-f56614488ce6,ccb43607-5bae-4f4c-993d-af7f986d95b1,2025-01-10,canceled,5293.55,76 Crownhardt Plaza,2025-08-23
ce159a2d-72c9-47fc-9803-65f066c8d389,d47b7d75-df6c-4973-ae0d-ea4e61891c91,2025-01-05,shipped,9544.63,2310 Browning Alley,2025-11-09
895f4d54-74da-4cf2-a850-b8b0b3f4ad52,42942837-d08a-4232-b001-011d4e994712,2025-07-22,pending,6685.83,7 Dakota Park,2025-06-09
51d1e637-681b-4938-b974-a36cac1cbfc8,932cba96-24cd-45ad-9f1b-8e89a25695d2,2025-06-14,canceled,685.43,77220 Gulseth Avenue,2025-09-13
8a7e7f3a-b46f-4dad-86d2-3874f5413630,943d9fd2-64bd-4fff-b28d-41b511d562e6,2025-05-16,canceled,3628.75,3705 Morning Drive,2025-08-27
32edbb34-cf85-47cb-9f57-36c8264856c6,0e8918a1-6a55-4baa-9030-1a34f3271e31,2023-11-17,paid,9510.99,39937 Dunning Plaza,2025-11-11
3dcc1cbb-fb99-4a8b-9806-f909ac38dd76,707e586d-77f2-486d-99f5-9901ff985e2c,2026-05-03,processing,9339.00,234 Stone Corner Avenue,2025-12-27
af593a70-fe0e-42fd-a3f1-d789a61c55ef,93c2f041-11bb-4788-a67a-452fdf454f42,2023-11-12,processing,6681.64,9 Parkside Trail,2025-09-19
ac6db820-fb89-4061-bc7e-e169d97bb656,a7e2d7e7-028b-4b0e-83b3-dba2a4f2623d,2023-03-15,refunded,457.85,231 Westridge Circle,2025-09-18
97f345a4-5075-4b82-a64a-e85bd8447ffa,251d4ec6-ae4e-47d5-a5c5-9f2bdd08f9c5,2024-11-26,refunded,2923.12,9 Southridge Terrace,2025-12-31
82fb0897-0930-4fa5-a71a-2e75bb335f23,17e6e919-86e8-457e-9354-ceee9fb5eb6b,2024-03-01,canceled,8627.29,5 Cascade Plaza,2026-02-11
e9adaa08-259b-49b3-a382-c68e35238c01,03a13284-45fb-4227-8970-748e70df425b,2024-10-23,refunded,532.56,5 Melby Way,2025-09-16
26511c84-bfe7-432a-b64b-659ec5dd87dd,3d33378c-56eb-400e-a75a-0ea59435090f,2024-01-13,paid,7035.03,41519 Ramsey Terrace,2026-05-06
4dfe3b9f-aeba-4048-b146-d00db2cb8f0c,629ec44f-48fe-43d6-9dad-4dd8fa2c58ad,2026-03-01,shipped,6739.87,0993 Lien Circle,2025-05-29
745ed8c6-282b-46cb-a655-a325a2484d24,f49ded1a-3f97-4912-a13c-edd505ff4bee,2025-10-11,canceled,7562.12,5849 Village Green Court,2025-08-12
d66e82d9-2217-4b8a-8e7c-5faa119a3e81,906bcdaf-6d85-4f77-82e9-cf3a26d45395,2025-02-21,shipped,7542.36,8767 Fuller Circle,2026-05-02
9bf64e2c-624d-4ff2-93ee-70eafb6da10c,74b39f16-b4dc-4a38-92bd-43b06b9fa850,2023-07-15,processing,5698.70,6 Novick Alley,2026-03-19
bd39e781-f1d4-49dc-ac0b-1beb61f22ca1,fb3523b9-b824-4800-9dd0-28924b52bf5e,2025-02-14,pending,5166.73,0936 Monica Street,2025-11-19
a993bad1-e271-40e1-bdf1-773eddb4ae0a,aaa4b015-9e88-49b0-b518-cd54d5b75c93,2025-08-21,canceled,6735.32,471 Eagan Lane,2025-10-25
32b3e318-6ce9-4929-815c-4d10657499fb,713c9ee6-4ee7-4447-a183-3bc5dddcaea8,2023-06-23,refunded,3402.76,6 Scoville Center,2025-07-07
26fffe31-41e2-4026-8ff4-09f48e89f8a5,98e7b94f-d3e4-43ac-9b83-f257248ef85d,2024-12-16,delivered,9845.39,8 Kim Point,2025-12-25
3f524926-b947-4ff5-bca2-11b4a7f623e8,4f0973f8-f805-48a8-be58-f1780c700ff3,2026-02-13,refunded,8326.21,89188 Namekagon Hill,2026-02-11
72ea8d98-1f95-4768-a5f7-ff2f847f7681,b8d2f273-27a6-4f2f-864d-bd11392e4344,2025-03-24,canceled,506.48,069 Oak Crossing,2026-03-14
e50afd6c-b4e5-4017-b4ae-a1823fc9cdfe,6a638d95-134c-46f1-adbf-a977092046da,2025-06-13,delivered,2623.21,063 Fairfield Circle,2025-09-01
c1193739-0df6-4ef4-9b1c-bdabb09c3113,4b308938-ebd8-49ac-89df-31da1e0c0891,2025-03-22,processing,9481.63,426 Florence Center,2025-06-05
e7b6c52c-54be-4c08-b0bb-7e4e4b80eaab,a8ab3ca5-2c9f-4f18-8735-d9a5106d0932,2025-09-08,delivered,6491.80,1341 Division Plaza,2025-11-23
ed4dcac0-e251-4f83-aa26-95b1e7f4486e,99635e12-a10f-4321-8bbb-e79d40231c45,2025-09-26,paid,5846.78,23 Sachtjen Center,2025-11-28
01dc5a70-c8ad-40d0-9d2c-54986c31766e,004ab54a-9610-4e8e-9663-6e47b7e54d16,2024-07-27,processing,79.96,4 Sunfield Center,2026-03-29
fb0bb31e-b4d3-457a-bcfc-ed0234e3cbf3,f7f03566-8095-49b0-90f1-a0e57ee5cfb8,2025-07-29,pending,4560.18,7344 Truax Crossing,2026-04-04
28033cbe-51a0-46c8-a2dc-50252c744679,c18aef73-8c3c-4aee-8f6d-59f8047143f7,2025-02-05,shipped,437.83,404 Arkansas Crossing,2026-03-23
5ca86c84-9462-435e-b7e2-b1a3498a1b7d,1157d44c-c15f-4cd6-92e3-a7d41ad50795,2026-04-23,shipped,1928.74,37981 Nobel Court,2025-09-08
5246d3a8-195a-4ebe-934f-a62254a07a9b,a1e434c4-de1e-44be-8259-aeafe27c93ca,2023-03-13,pending,7809.88,08725 Anniversary Circle,2025-06-26
329271a6-5448-4f1d-85b5-8234141094b9,5b4a1178-2331-4efc-a955-ce64279dd5be,2023-05-17,pending,8032.59,87 South Place,2025-11-17
7647713b-aed9-4db4-be60-af5a720be908,a781e728-0525-438f-bcff-16a8897e2424,2023-10-04,pending,6922.07,21579 Montana Crossing,2026-04-02
6c645596-25e9-4ccd-8564-e7cdb4f2b59b,fe4775a8-95aa-4659-a40f-c492ae9e62a2,2023-08-20,pending,3693.55,3 Lawn Circle,2026-05-08
3e3afb5d-8ee4-4e1c-8db1-e87b8dfe2636,937ae2ce-9f3d-4293-8be5-b717e7c555e5,2025-11-05,processing,28.24,981 Forest Run Terrace,2025-10-07
233b0906-ad89-4d07-9da2-1670be89cb44,c200b8a6-2980-476f-aa96-9ba56027f3e7,2024-10-24,pending,7375.09,8 Bellgrove Circle,2025-07-08
715aa0de-054a-45c8-bf93-0ed7f7d8fcb7,d4e3c6b7-e1df-4707-a014-d6ce36465bf4,2025-10-20,refunded,582.61,3 Golden Leaf Center,2025-09-20
1d55ff89-b504-4c83-9629-2045e0ad61cc,196171df-8dec-4f1b-b793-489a5c19ceb3,2024-08-08,paid,2233.74,7960 Derek Lane,2026-01-23
865f30da-b21c-461f-a33f-449021e45b51,751af225-a19f-41be-8388-ab5805dfda09,2024-06-25,pending,3107.06,9 Aberg Hill,2026-02-24
62df86d5-c27c-4750-a361-1e68de1b4dc3,6acede11-6fae-49da-ba70-5e4ffcbf17da,2024-08-12,paid,5182.06,4 Holmberg Way,2026-04-25
24540d78-0fcc-4711-85a5-f4917b2ac8fe,6acede11-6fae-49da-ba70-5e4ffcbf17da,2026-03-18,shipped,6720.86,32488 Hintze Terrace,2025-07-30
5f818351-a3a9-45f3-acd9-4448837920c2,fa8a0f04-93ab-4af2-bab1-529f34c8a4d8,2024-07-05,refunded,2341.53,566 Cordelia Trail,2025-07-28
c213e45d-2c3e-43bf-a3a9-0ca6e18d83b9,80ad0385-7453-4c83-9754-5fb154e7810c,2024-09-14,processing,196.88,590 Arizona Drive,2025-11-30
90b9107b-9fbf-47d3-87c9-559d3bd22f37,8790a238-2b65-4d55-8905-b11c6274c892,2025-10-20,shipped,6939.76,10113 Mariners Cove Way,2026-05-23
dbee54f2-7e0d-468d-8424-4ae9eca97974,c795e7fa-5569-430b-b306-646e379ad45d,2024-06-18,refunded,3790.95,3 Lien Terrace,2025-12-29
0d867c97-fd57-4b80-9de7-b25f204dee65,e99d3dbc-c6cf-4955-a1e5-9cba159e4b7f,2026-04-01,pending,3727.52,7236 Sutteridge Street,2025-12-06
bd229101-d1f2-45cc-9efe-2e9fee7abdf6,bfb7ef2d-0976-47f3-91d8-f27237862868,2024-10-02,delivered,4726.66,48 Golden Leaf Plaza,2026-01-26
373e58a2-dd81-4ecc-b9aa-c4c2a589d8b7,70a6e763-7596-4ff3-aafa-b48f82dbd2a3,2024-04-08,processing,9173.67,833 5th Center,2026-02-11
92f674bb-5d7b-466d-92de-4fabdc61e7d9,a173b17d-6ba7-4c7b-8386-0a719ec57f63,2026-05-10,shipped,6823.57,4 Reinke Parkway,2025-11-15
629d74b5-654f-4043-ab09-58e5b9d26b37,f266248d-9049-454d-aa6a-f46bf624f726,2026-05-23,processing,6650.15,92 Dunning Alley,2026-04-22
d827417b-6512-49cf-a7ad-10a2fcc29b2a,6a9f232a-2435-4f44-b520-c97f007db626,2026-04-10,shipped,7711.55,7294 Gerald Park,2025-05-30
6360b11a-6d97-4933-9928-16f3af47d1fd,2af905c9-343a-4971-bb8a-679a0e3bf74e,2025-05-16,delivered,6172.32,9 Anhalt Avenue,2025-08-25
54286953-4d1b-47b1-99fd-d844b6779b53,e0a11240-0a54-48b1-9828-2b50e26d318a,2025-08-06,refunded,8812.47,8 Manley Center,2026-01-10
8e071ea4-0e0e-405b-b5d2-418821382b8b,7b8328bc-503b-47e1-a275-6541c3a93877,2023-11-28,delivered,7178.62,48 Vidon Park,2026-01-31
b5ccb048-692f-47b8-88bd-26f1455fc4bd,2ff9349a-5403-4864-9312-cba71ece6eba,2026-04-23,canceled,6317.41,35173 Farwell Way,2025-12-05
d9125180-c5d5-483d-b170-5f6c3da6fe36,76011f43-adac-4251-b107-afeb61c7e342,2026-05-23,pending,4430.34,694 Heath Terrace,2025-10-18
99a9966a-7cd9-42b6-92b0-ed4d2145df42,368b568d-2705-4ff9-a79e-f39dc763da2d,2024-11-04,processing,7732.12,16218 Little Fleur Plaza,2026-05-14
b2359767-cb87-4ee9-805b-42815b3fb29d,44d8cc4b-23a5-4db2-8410-32b6e8f37dd0,2025-04-29,delivered,2000.07,4817 Portage Way,2025-06-12
0fd97f66-cddd-47c3-84a5-c198363c7ceb,4208379b-0fa0-45ae-91b8-53b668154473,2023-09-18,refunded,7400.96,2281 Hovde Crossing,2025-12-31
cef7ad7d-3aa1-4b7f-8406-d388d82b0479,9acaa462-21f1-4798-b8cc-4377a58ef711,2025-12-08,refunded,7044.18,8 Mccormick Place,2025-12-27
97e84fc5-308f-40e9-b8bc-9ad5f1aaf564,27e29a9b-8f58-40cb-89ca-1509ff240eff,2025-01-19,refunded,2634.95,19113 Spohn Park,2025-10-07
96c8249c-08cc-420a-9615-a574a023d05f,1be1a7b2-5648-496b-8ef4-192de32fa04f,2024-02-11,paid,986.85,8050 American Drive,2026-01-20
8e0c3cb5-22bf-4890-8854-ab6f2f79b96b,68750447-c6e5-4cec-a6d1-ab49494f752b,2025-12-24,refunded,8119.49,3 Tony Park,2025-07-15
fb66f12f-1b66-4db6-b0e4-d026d6a74fb7,4fcc008e-3099-46ef-bbb6-50156d546b57,2023-08-17,shipped,5922.66,9898 Graedel Road,2026-05-21
ea27b43d-3ac1-402f-be58-d6058a1841c5,b729ab88-0d32-451d-9cfd-bfcaa595f741,2024-07-29,canceled,2393.81,64858 Fair Oaks Lane,2025-10-05
aecc5640-50ca-4b17-8f7d-6b1d001ed5e3,746f1d81-b861-40fd-87be-55ad2af607ec,2023-02-04,shipped,6534.49,88437 Village Green Lane,2025-10-20
56f246ff-445b-4065-b2b8-4e4f9fdf17e6,53e6f1f6-6d11-4381-8bb4-b7a4dd8c5aa0,2025-12-30,refunded,372.95,9 Veith Court,2026-04-13
fbd1ccab-02fb-437f-a036-51e04ce90b80,4f0973f8-f805-48a8-be58-f1780c700ff3,2025-04-06,processing,4474.66,59601 Daystar Avenue,2025-09-13
4d5955f6-ac6a-4131-a816-5d523afad5af,697c1336-71c1-4088-8dba-a0170826915d,2025-10-21,pending,1606.80,4353 Luster Parkway,2025-12-06
5e81fddd-8ad6-4c85-b28d-46707f5a7448,eae2751a-b873-4e36-abce-5fe5a70d9b97,2025-08-07,shipped,6272.94,971 Burning Wood Lane,2026-01-17
38ffe759-abd6-4dc1-836a-9446f7391038,e11a4bc8-5433-49cf-a0b8-503407316031,2024-08-09,pending,3689.09,254 Meadow Ridge Alley,2025-08-26
c9828d28-f6e7-475f-aa5b-39f8c9c3ed55,aa712226-28f0-49fc-83e0-23843c29fe4c,2023-12-10,processing,7936.27,25554 Stone Corner Junction,2026-01-17
90eb6a55-e970-40d2-99e8-8940a8cebc2e,4b308938-ebd8-49ac-89df-31da1e0c0891,2024-05-24,paid,9602.88,5503 Chive Place,2026-04-14
8f62035d-1891-4785-b495-04894a7ebe6c,78e824c1-5bca-42fc-a6f2-3e15f114b110,2025-09-14,delivered,5859.85,326 Spaight Alley,2026-04-13
8b7afdd7-d356-47aa-a627-3e1fce927bb8,2653a148-bdc6-442f-a1cb-48f314a5df5d,2024-03-01,pending,2877.59,96 Sutherland Terrace,2025-07-31
1f0c447a-da79-4c60-81e8-c34bce3964f3,49ab5d24-a86f-4950-af6e-b559a0a64975,2023-02-05,refunded,3670.62,92226 Morrow Park,2026-01-30
5d8efda8-a5e2-4048-b984-2e4f734fc4df,539a46a7-6263-4edb-8df7-6aed11747181,2026-03-02,canceled,3960.57,7090 Hauk Drive,2026-02-02
1f6faf77-d7c4-443b-8956-38ae1b97705d,2bcb1777-49b8-4484-bf8a-dccff6f4a48e,2024-11-24,paid,9902.86,55 6th Park,2025-06-24
2de7a25a-f93b-4c96-ad57-fc1a9fe26081,2457b458-0467-453b-9835-87cfe9d23ef3,2025-05-14,delivered,944.37,47 Kipling Avenue,2026-04-11
14a8d603-c1ab-453c-a100-180da80bb805,a1e40a42-0215-4057-b87b-bf419248d060,2023-03-30,pending,491.55,7 Del Mar Trail,2026-03-08
f397e080-5129-446c-b87f-3493b5f94e60,2f905cb6-8727-4d3e-8f5e-75b19d7b0b55,2023-07-13,paid,2433.71,60967 Mccormick Place,2026-03-18
583b6b43-ea95-471d-b117-0696db331f24,020a2ac1-d0e7-4ef5-8b21-f9e2661b0564,2025-12-28,refunded,8034.37,65 Londonderry Court,2026-03-30
c9cc0581-9ddd-403d-bfd2-2e9489deb9d8,6a373ca4-d05e-4005-8395-798c28270b98,2025-04-18,processing,3790.72,04117 Bayside Road,2025-08-31
a6776e97-0646-4707-9b42-8043640d8654,c0a23d7a-428f-4513-9719-0d8097abebec,2023-07-27,shipped,8339.68,4368 Fieldstone Plaza,2025-09-30
99cd94ca-1dc3-4db2-bee5-effaf020bfba,eae2751a-b873-4e36-abce-5fe5a70d9b97,2025-03-25,paid,6155.78,28 Logan Way,2025-06-18
3449dc70-62fd-4efb-8c66-f315cf287e95,2efb7aa5-d06c-4807-93b4-f19557c5542e,2025-07-10,paid,8496.51,2564 Waywood Park,2026-02-13
e9f49e10-f49c-4efe-b900-a7bf3f9fa042,f09bda49-3f66-4462-9e5f-36e784e9683f,2025-03-27,delivered,3396.87,3244 Gulseth Park,2025-09-06
bd57b605-ef15-4a3f-8c61-58c0acfb390f,a1e434c4-de1e-44be-8259-aeafe27c93ca,2025-08-20,processing,2450.18,70 Loftsgordon Avenue,2026-04-17
233745b4-a329-48c3-9bfc-84a9e2c03c20,58b8b625-5675-49de-b1ae-34915e7b2865,2025-09-01,delivered,8557.60,3968 Pond Lane,2025-06-15
229a0c8e-4bd1-49fe-b3a2-a122ca9e46b2,14175cab-7828-458b-8d9a-09b472b48572,2024-08-02,shipped,9241.10,52020 Knutson Point,2026-01-15
aae3d002-db8c-4b14-96bf-39ad15a5d36a,dd5c9a49-badc-467b-86d5-091e500a30af,2025-02-25,canceled,9200.29,49 Leroy Point,2026-02-05
df7541fc-4a09-43f9-9ee8-4f0c16104aac,95117bb4-4995-4bd4-b6c8-327b4d57eeeb,2023-10-05,shipped,1619.81,7041 Rutledge Parkway,2025-08-17
21996166-9154-49bc-a199-4fd5327f55a7,10939bf8-88f1-49f6-8050-5deb8b39a8d6,2024-05-26,processing,8691.94,1059 Texas Point,2025-06-26
e7a39368-8155-44aa-bdaa-219c95514e32,6eeaf047-4f51-43ab-ab14-e03fb3739143,2023-11-18,delivered,2354.59,45 Lerdahl Avenue,2025-08-23
62306181-bf06-4281-a959-c4952edd17a8,cffb881e-2dfa-4a79-9e0a-22b73fe09fca,2023-03-10,delivered,7294.96,8888 Caliangt Center,2025-12-15
04bb3bca-d505-4afb-b6f7-963c769d9e79,e2cd47df-6dc4-4466-978e-57659e5be5a9,2024-01-12,pending,8430.81,93961 Cordelia Drive,2025-09-16
42027d73-2588-48ae-8ef0-0b6454c6c636,622c530f-2eb5-4fa8-a26d-d218a1db6309,2023-03-21,paid,6135.82,5822 Northwestern Hill,2025-06-26
8bcf2105-4405-404e-a94d-48ae995db167,95a11db1-9e23-4a36-954d-192f5ba800f7,2025-03-19,canceled,4391.36,70 Sunnyside Trail,2026-03-07
2877bc42-3e7b-4b19-b953-4b29344cfd5f,eae2751a-b873-4e36-abce-5fe5a70d9b97,2025-05-19,canceled,9639.49,2615 Waxwing Court,2025-05-30
b5a98ccd-e0bd-489a-b3f6-a27130872969,9c7a5422-d600-44e3-90b6-f248c976c51a,2024-08-09,shipped,5504.27,212 Nevada Center,2026-05-08
ecc74b69-0f5c-4614-8d35-386c2b13446c,39713c60-71e4-4acf-859a-5aab7035e4c2,2026-01-08,shipped,4216.21,00 Green Ridge Road,2025-07-25
b2c159d0-2355-47df-b7b1-b593eea2d90a,a0b255fb-9051-40e4-8896-1c3a751d5215,2025-08-25,paid,134.18,1 Gerald Road,2025-10-02
658580e4-6129-4a13-8a19-20b6521d9a98,ee2dbb78-0a68-421f-90dc-0eb0f2f4fd06,2023-08-13,pending,2884.78,169 Spenser Parkway,2025-10-13
ad6dc67c-6017-4145-9acd-e72bbe6dce81,fc9fda2a-2244-49f9-b56a-474c2ec1c021,2025-04-26,delivered,2379.83,35 Grayhawk Drive,2026-05-09
790e62ed-30d1-481a-82b1-b4b95ec89224,2e26d838-4664-4570-8ddc-d396c4cc1fe2,2024-01-23,paid,6715.75,7 Jay Junction,2025-12-01
ffbcdd5c-c158-4652-82e5-620121799add,f8dd465c-3486-4d51-bb7e-7ca13d5080ef,2025-06-18,paid,5121.52,650 Elka Hill,2025-06-02
048ac155-d22a-47e6-a25c-6dde8c2618f4,93894552-a056-444a-b97d-9adbe0d29783,2023-10-03,processing,7954.73,64 Cordelia Parkway,2025-08-07
ccf3e812-bbaf-48a5-9121-a1789639cdba,f8dd465c-3486-4d51-bb7e-7ca13d5080ef,2023-11-29,pending,9264.17,5855 Jay Crossing,2025-12-29
8f36a61e-4742-465b-8856-b8a1de7b668e,a4dc2aa2-49fe-4ea6-9ef4-5d0f7f4fbbb2,2023-10-19,refunded,406.00,8177 Elgar Pass,2025-08-29
b8dbc312-3caa-4b04-a963-fe4e9ec5651f,fee26b48-7022-41c2-90db-cddd7eb99e43,2023-07-15,refunded,4867.05,59 Emmet Park,2026-02-03
ee9540e0-6049-4b76-8f9f-e4e69ac69d12,42942837-d08a-4232-b001-011d4e994712,2025-08-02,paid,5214.98,83 Towne Point,2026-02-08
5eaa1a8b-3cc4-4d6a-9a76-961f3a6f81a8,a1e12483-cc20-427d-8fa3-ea28758f88af,2024-06-20,paid,5226.61,16 Alpine Alley,2026-04-25
3af4b64c-2478-4577-a98a-65b4a40755e3,43ef625f-9ef2-4db8-84f4-b43ec5cd8b81,2023-06-18,paid,5196.71,90597 Forest Dale Circle,2026-01-05
57f4c543-0f59-4fe6-a124-807e26b70429,9c1c44b2-49f2-47d6-9225-ecd4d8fd7523,2023-08-22,paid,8785.38,55941 Golf Course Park,2025-08-13
ea763ee6-0827-4fab-af57-2402420d28e9,42942837-d08a-4232-b001-011d4e994712,2025-08-17,delivered,6613.89,698 Knutson Junction,2026-02-20
2a032ca4-504c-481b-8871-b64ba5e08b22,1433d52f-c6f4-4e9e-8a63-0bc0cc1f1924,2024-05-18,canceled,3689.18,03 Erie Trail,2025-09-20
5ab33659-b630-4d93-a6a5-fe56336d549b,c7c50696-4c95-4323-bad1-ecd706bd6eaf,2024-10-29,refunded,8799.13,6 Basil Pass,2025-07-15
b4dfb747-746d-464f-b3fb-fd77a7d061a7,95a11db1-9e23-4a36-954d-192f5ba800f7,2025-04-12,delivered,4015.53,447 Prairieview Street,2026-02-07
9df1c8fe-6a40-451d-b132-51cf2ffd9b36,a900feaa-e364-4208-ae31-c4f9736e663e,2025-01-21,paid,9204.81,48 Judy Drive,2026-04-13
7ab3c639-8ce6-49a7-b5be-d13db7939b72,800fa54f-404b-47ca-9169-9d277596c6e7,2025-01-25,paid,8161.13,82 Spaight Pass,2025-12-20
4015a754-bd96-424a-bdd8-0cd4b5da92f5,b73eefb4-34b2-482c-aa74-0730c225a829,2023-08-14,pending,4865.62,43961 Jana Trail,2025-08-17
22cb288e-6e81-4878-b918-626342eba58a,4b308938-ebd8-49ac-89df-31da1e0c0891,2024-12-11,paid,221.05,1 Calypso Street,2025-08-12
c15b2778-5190-424b-818e-55613c05ddcb,5c7e2a4f-2a83-4c64-9e3b-d337852f8483,2024-06-18,canceled,965.83,252 Commercial Terrace,2025-06-04
9dbab93d-7807-441b-8500-2f0da29d6335,d5d8cda0-cb35-469b-b4a7-1d88a64b8b6c,2023-10-09,pending,9582.67,654 Messerschmidt Circle,2026-04-20
b0c8964e-340e-4f1b-96fa-7e6353e04108,27e29a9b-8f58-40cb-89ca-1509ff240eff,2024-02-06,refunded,3100.88,76 Lunder Hill,2025-11-16
6351c453-98f9-4793-ace0-c687241baf78,e79c7c08-5956-44d0-be20-bc14d6e97934,2023-11-21,processing,6188.84,87068 Dryden Parkway,2026-01-08
dd51b0a3-1903-4398-a5be-3216f9efdf0b,a6a8406a-daeb-4f8f-87ff-583e652d905d,2025-10-25,paid,9453.81,6312 Hauk Parkway,2025-10-17
d2fbede5-1180-4c8b-ace5-512c25de796e,d42b67c9-ed3e-49d7-a488-67697731b824,2026-01-03,shipped,8510.71,3 American Ash Road,2025-09-01
1183830d-1fbb-4b26-8cd5-f211205c3e39,6a344f04-73d5-4c31-b3f5-1140cf27766b,2026-04-06,canceled,4003.72,9453 Westerfield Alley,2025-06-08
9bc59337-7572-4bad-a23c-2e4383f328a8,49358105-a83c-4a70-8dab-3ee0e37dd17a,2025-05-19,refunded,8814.10,11 Leroy Point,2026-03-05
262bbfce-9d54-4685-918f-086e8d74d49b,c2463bf8-3089-4779-a1c2-f94f226a33ef,2025-07-14,paid,9308.95,0636 Ridgeview Road,2025-08-02
fc3ffc30-b7a5-4bc3-a42e-336e47fcff30,004ab54a-9610-4e8e-9663-6e47b7e54d16,2025-08-25,pending,2736.02,221 Ruskin Center,2025-12-29
4c5daf46-ac94-4227-bc98-9844bd09e9fe,398d3f5b-e564-44ad-b227-fcf9dc612050,2024-04-28,shipped,4513.28,883 Stang Lane,2025-09-01
20167e09-f80f-4609-8946-0d283173a222,b81f5037-bea6-4d1e-b323-708d92f563a8,2024-05-26,canceled,320.15,31495 Crest Line Road,2026-03-22
bd3ae956-160b-4de0-9cbf-db233fa787d2,ef396e65-4251-4b5b-8a89-07cc458b543e,2024-02-02,processing,7352.36,52409 Drewry Avenue,2025-11-01
3a1ec4fa-dce6-49e3-837d-f2afef3700f2,00562cd9-f279-438b-9bbf-3678af49bba7,2025-07-14,refunded,7476.46,30104 3rd Crossing,2026-01-06
8145a66e-d256-4066-ac68-1d547a0cd39a,5751edea-2841-48f0-a922-34349630a65e,2023-02-16,refunded,6491.47,01893 Carpenter Pass,2025-06-07
cf77d68c-da0a-4c85-b98e-4b878a90feb4,d544db52-8e89-4706-a8be-87f62ff09b1e,2024-06-30,canceled,8581.53,378 Logan Trail,2026-01-04
282b0bdf-4da2-4235-ac6d-d8ebee699d80,f6de1eab-5f82-464f-9110-ffd796f41e6b,2025-10-16,refunded,3443.18,6 Fair Oaks Hill,2026-03-04
d52d798e-4a77-4e15-8923-cc4360bee8c0,d5925bc3-b114-4781-a51d-57e6779eedb7,2024-07-22,processing,6067.44,60861 Arapahoe Road,2025-06-22
b881ebb6-c823-43a6-9e9c-36d8710e3608,297e9941-d50b-4ba4-992f-60de3fca3306,2025-09-01,refunded,4122.13,08 Harbort Plaza,2026-03-23
3592c311-a59a-4e7f-b9bd-89202ca0dc64,0e5f8395-b4f2-4d4a-b76b-ee5ada883e84,2024-08-22,delivered,2456.36,49265 Moland Crossing,2025-12-07
9b7cb0b7-1694-4698-830b-cddad35b800b,09832060-74bf-4f2c-9595-87b1c12a2552,2023-05-17,shipped,6079.54,1 Weeping Birch Alley,2025-08-01
3c1babf4-71a2-4526-9a30-ac31eb6cbd76,010a0a56-ee90-4754-9a00-bc14bb222e94,2023-04-12,refunded,6014.03,3 Norway Maple Avenue,2025-12-25
fd5605b5-736b-42ec-958d-163b7e90d51d,b6b3f1e1-8521-4733-b106-e351b4f40d95,2023-12-30,pending,5006.60,6 Cody Alley,2025-12-09
d78d1f65-b43d-4aaf-8361-4e6f518da4a3,f912c9a7-c5d1-407e-84ee-88fa7094e065,2026-01-02,shipped,3355.64,83765 4th Street,2026-05-13
bc0d5074-14d8-408a-a5a3-efff94a0693d,cefbbf8c-a3ad-4b03-b259-0b730f8fc15d,2026-05-07,delivered,7193.48,8 Miller Circle,2025-09-10
b391fe88-abc8-413f-b6be-b91af4d386f3,cffb881e-2dfa-4a79-9e0a-22b73fe09fca,2025-03-16,paid,966.37,79803 Gateway Street,2025-06-27
999d658e-88d9-4a3b-b593-9b80ba09a119,8e382762-3e3d-43b1-bd9c-0d96aa6e2492,2024-02-06,pending,8739.43,3 Anhalt Crossing,2026-05-25
b26c6575-9aaf-4083-aa0e-6158f207bf24,149aa5b8-2582-44ff-a068-213e88cd8639,2025-10-22,shipped,6422.13,1870 Pawling Drive,2025-10-04
e8a0b79a-e72d-438d-b8d7-8e910c7adc63,140174b8-ca33-43ed-897e-e0c547972ad5,2023-12-15,canceled,3510.55,50894 Mandrake Terrace,2025-12-22
92dc223c-a7db-447e-844c-64313b3d4e29,8e8b294e-f225-474e-b052-e8349c4f437a,2023-01-29,delivered,6049.09,3282 Oak Way,2026-01-27
ad01e20c-aab9-40cd-9663-5173033bdb99,4f9b89f7-7a64-4d06-970f-bc4f938cf50e,2024-02-17,refunded,4297.12,8645 Saint Paul Place,2026-02-05
775cdba9-07d6-457d-89a3-d0c5ce545bf9,1d9ed980-f054-48ce-9617-23b3ce7753a3,2024-06-21,canceled,4883.45,825 Jackson Hill,2025-08-03
e4ae2717-2d63-4920-bfbf-933a335adfef,3f03033f-9710-4365-82fe-4f4f564553ed,2026-03-15,paid,1582.58,778 Service Hill,2026-04-14
ae7a7b1e-2081-4983-a5bc-bce86b01e39a,1f255086-f5df-4afc-93ae-21489251a6ae,2024-11-07,delivered,817.77,260 Browning Drive,2026-04-16
d64befab-cc3d-40a3-97ed-24e53b9fd221,e1b7ed81-4217-4cd2-ad3c-6ac13c5d40a7,2025-12-02,paid,591.81,4 Cascade Place,2026-04-19
a2b28934-ef0e-430a-8330-8eff485aa3c1,128de427-a542-4782-872b-96745ec594a8,2024-06-22,paid,2962.97,23146 Northport Lane,2025-10-14
66fc91ec-36da-4472-b038-7dd97f2cfced,6ac02292-f459-4ac4-9bfa-375901f11576,2025-10-11,processing,3587.12,0 Anniversary Place,2026-01-16
8cee38e6-4a7f-4207-8b0d-27af9ef5f5b1,22878ada-3a9b-4ae8-a196-f4ae9654f7c1,2025-08-14,delivered,7004.32,0 Old Shore Street,2025-09-04
fbf0880d-2f75-4076-8d8a-8550db4c7700,c354566b-4539-44be-b802-a56ed9e4c5cd,2025-03-04,delivered,4021.03,24283 Mesta Pass,2025-12-31
6b1c3eb6-0382-499d-adae-ab649885d3bc,38b7aa9e-39a8-4517-9e6c-ed1e73ed8753,2023-07-07,pending,3828.60,37585 Mendota Plaza,2026-04-04
f6df42ea-f5a9-4757-8e50-deed92141cc5,c120dd84-c71f-4c3d-b478-030b7e2f7aac,2023-09-22,refunded,7230.07,284 Erie Drive,2026-04-06
526c6bdf-f0ba-4c0d-ae8b-df82731eaa7f,b6a1bb5b-744a-4227-ba37-fbc6e06b3535,2025-07-07,pending,960.41,2 Mifflin Point,2026-05-17
8c9d1e67-38a1-4f8d-a7c8-3c1e4c3a8b8b,131b1be1-9b2a-4a8f-90b5-8fee747fb85a,2024-06-26,delivered,3068.17,40205 Mockingbird Street,2025-09-18
e49e376f-97ab-4cd7-8369-9eee52f69836,2e26d838-4664-4570-8ddc-d396c4cc1fe2,2025-09-11,paid,3157.85,658 Vidon Parkway,2026-02-13
21b93c54-3a3c-4af6-ab29-960fa5547a82,f2e8ef9c-7129-4a32-bc3b-6ce0b1dab129,2025-06-16,paid,5055.05,66614 Bartillon Hill,2025-10-02
6d83e150-6201-474a-9438-b5e71410dcb4,64b527c6-c42a-4b02-940d-e2a98f02a5ce,2025-06-03,pending,9957.71,13253 Dixon Way,2026-01-02
4ed4b63f-1449-47ee-943d-e6e492e22ba4,f49ded1a-3f97-4912-a13c-edd505ff4bee,2025-08-26,canceled,3437.02,6 Westend Crossing,2026-01-25
b8de0a2c-a157-42b5-9b39-5fd0f94596ea,1a767052-2c0e-4ed2-bf82-c32752cb3bf8,2026-01-22,shipped,9634.06,8970 Meadow Vale Junction,2025-09-13
840060dc-3abd-4201-ab92-080ef2e68b2e,ee2dbb78-0a68-421f-90dc-0eb0f2f4fd06,2025-12-08,refunded,9900.01,09291 6th Court,2025-12-03
8ce5ece5-bd67-45ef-8a82-48d2bad4a58a,3a5d39c0-a6c5-4063-85ab-a8a79e1c3260,2024-06-20,processing,185.01,7 Division Avenue,2025-07-14
79b4f34e-5f21-4c75-b29d-c9e34396581a,539a46a7-6263-4edb-8df7-6aed11747181,2026-01-21,shipped,1639.78,40167 Meadow Vale Circle,2026-01-19
3100b962-c713-4af7-a551-7f6f125104f7,be98bebe-1cac-40c1-b7c6-4682404f20b0,2024-04-04,processing,1083.67,94195 Hooker Lane,2026-03-07
07d6f6c6-604c-42a7-a248-c5f133ba5544,680f075d-fabf-425b-b3f9-dc619af12e73,2023-12-31,pending,3768.85,8 Alpine Crossing,2025-10-21
42fc1218-6db1-468a-ad73-da63e2dba3c3,2365d183-0976-4cc5-8e49-d3786825a96e,2025-06-01,pending,2416.30,20 Sachs Point,2026-05-08
453f9486-d77e-44d8-b307-aa513fbb82b3,b91855e9-ebb2-4d6d-9d74-ce4f2887b96b,2025-03-25,delivered,8615.34,6 Algoma Hill,2025-12-08
84916b19-e61e-4c02-9e2c-f1dd51361cfe,b65d9463-d530-4264-9b13-6fc0bf2b0193,2023-04-21,refunded,7280.40,40 Scott Center,2025-11-15
2cfbf73d-d425-4b26-a03c-3c5f86b61030,bcf6e334-3836-4594-9a85-cc644b087753,2024-10-02,canceled,9663.34,12765 Farragut Point,2025-06-26
199dda32-5c55-4989-90c8-e568c17e90ca,58ca86b0-d4ad-4599-ad89-419831d92cda,2025-06-08,delivered,2096.12,791 Corscot Way,2025-07-01
cf0170c4-b338-49cc-a932-4f5f4993d932,d0524896-9dfb-49f6-aca3-ef375546b2d5,2025-01-02,delivered,566.42,283 Schiller Park,2026-04-04
4b542dfa-5f4d-478d-b161-3dbb8b9935a2,2908a371-9084-4d79-9c76-b5ec9b51bff5,2023-04-23,shipped,3058.47,6 Prairieview Trail,2025-10-08
9ed7d9da-c151-46e5-90c2-8a95aab2f3d7,9cb67a5f-9bd1-498b-987d-0171aa46118d,2025-11-21,pending,9753.14,8846 Lindbergh Trail,2026-03-16
a5b00c82-fe5d-4fa0-930b-7ee8542d3f9b,4234115a-8726-4768-be13-054e14002905,2025-05-25,refunded,8871.41,91 Jenna Lane,2026-05-16
19626af2-a8a6-49ce-a8c3-2ea10be67669,bd0ea93e-0239-429a-9447-a611590b2d2a,2025-11-27,shipped,9314.55,734 Center Avenue,2025-08-19
ee1f09fc-1c72-455d-895b-4b70a65b6686,7c97cc60-1fd5-419a-afea-7f0e55fd3d30,2023-05-18,paid,5576.28,01 Kinsman Parkway,2026-03-30
98f2f6c8-0877-4bcd-bcee-64dd1005ec4a,4208379b-0fa0-45ae-91b8-53b668154473,2024-06-27,processing,5487.95,947 Crest Line Trail,2025-12-18
fd205e0f-a1e2-4aa9-9ec8-c19febfbc731,8f6f2e17-944f-468b-a8e4-e25d2568dca0,2023-07-29,processing,6251.76,37781 Cambridge Terrace,2026-04-03
7707492f-6a63-485c-9592-3f3fa0ea6853,0051cb58-efd8-489b-a368-67bf3af7b0d4,2023-09-20,refunded,2300.33,764 Loftsgordon Circle,2025-11-24
3764a4fe-6e2e-4a58-864b-c2c120eef6c8,8790a238-2b65-4d55-8905-b11c6274c892,2023-07-21,canceled,8860.23,06 Burrows Street,2025-08-15
73eb17f3-3b57-4e0c-ac31-539fd39d2a5a,bf0568cc-9505-457b-86ec-6f9b0702716e,2026-01-13,paid,764.85,7721 Havey Avenue,2025-12-11
7d8d12a6-d190-47c3-9f19-77154404c565,2752d32f-19c8-4d87-86f3-bd4f9d7c73b2,2024-08-31,processing,5637.54,0245 Green Pass,2026-03-30
c3b30b35-26c1-4169-9c9c-8a64b39614f3,864d8455-1733-45fd-901d-328e4dcfb9b8,2025-12-20,paid,6941.61,9669 Calypso Way,2025-11-21
2cd70370-e21e-474e-8b0b-485fdbd80ff4,d14f91ed-cfdd-4ece-b012-9f4f1fb0209f,2024-06-02,pending,4638.20,0700 Gulseth Parkway,2025-11-16
8f9e0508-d24a-4a65-ae1a-4b78d9f8f6b7,f6c4793a-2717-4e3d-85a0-c613a4aa11ac,2023-05-27,shipped,7052.63,2 Bultman Hill,2025-07-11
b89966e1-f0e1-45db-b26a-ab89089ea808,8fbb3be7-a2a8-4f9b-8836-9b90c7a0b404,2024-12-22,refunded,9136.80,03656 Crowley Place,2025-11-09
95c5b60b-9eaa-4aa1-98da-a4a7a7b70186,91bde09d-9fe1-4f98-84fd-f9a733274e17,2025-01-20,canceled,9572.40,93 Lakeland Circle,2025-12-16
f227a411-c335-4376-9899-048c0991b9b3,a2b46166-a34d-4d5c-91b3-69f98edcb7c8,2024-12-27,shipped,8212.04,535 Veith Pass,2026-05-14
05e2f87d-f692-4a75-ad8e-b3f273816703,23c853d0-2b13-42d0-ac61-52a1a3651481,2025-08-04,delivered,1990.36,51 Linden Place,2025-05-30
b0f215ca-efc4-4ac9-801c-8458e8975966,4e7c90bd-5b2c-48d1-b0af-f44feb4703f1,2023-07-25,paid,7628.90,95536 Moland Court,2026-03-20
8d517ce0-65e8-4e32-872e-5b87ec68fa3d,1bc38412-5d8a-4868-a822-5e99e5dfaed4,2026-04-25,processing,6544.23,42932 Tony Alley,2025-08-19
3857d450-ac30-4edd-9ae3-44073d6b00b6,4f9b89f7-7a64-4d06-970f-bc4f938cf50e,2023-08-11,canceled,549.99,288 Beilfuss Plaza,2026-03-04
2588d1d0-fb38-448d-90bb-efc3dc04c1bd,65cc4be6-3506-467e-a6d0-84b08352c0d5,2026-04-02,shipped,3032.12,60940 Clyde Gallagher Center,2026-01-02
d1873bab-6460-4633-83c1-6a477ac5a367,773b9daf-c679-476d-bc8f-d7990e0fc563,2024-02-14,pending,4880.14,57 Bunting Junction,2026-05-08
a6a91b4a-f2a1-41a4-9b8a-ab4c3b05d9c6,c00c6825-de31-472b-952b-1417f3a201bf,2025-07-23,refunded,7033.43,7836 Dawn Terrace,2026-05-14
efd9c233-1a27-4f76-90dd-d2d6e6f3c03b,c2f02818-46b2-461e-98df-3f01784971e9,2023-08-17,paid,262.50,98001 Express Avenue,2025-09-17
b5b1ac36-bdbd-4e5a-8c4b-63fa9aa10de3,5a3e468d-c8a7-4b86-8381-143d92affb70,2024-10-22,pending,3101.46,061 East Hill,2025-08-26
d8ccd8fa-6a99-4b21-af8e-6e300e507685,a5a61a9f-2d8d-4c66-a969-2efe4d3e3da8,2023-08-17,refunded,5353.64,34285 Huxley Place,2025-10-06
e9346524-f64f-49d6-85d8-81d00cf66473,7bf7c771-d1da-4c8c-8385-28cbc099f87c,2023-10-09,processing,2904.56,356 Shasta Place,2026-02-20
6741ecd2-5dd2-441a-977d-593fdb5f6b9e,149aa5b8-2582-44ff-a068-213e88cd8639,2024-05-19,canceled,5547.40,7 Meadow Ridge Pass,2026-04-29
e9f1730f-461b-4f3e-b640-6e2c6317313a,f2e8ef9c-7129-4a32-bc3b-6ce0b1dab129,2025-10-24,paid,7968.39,5 Messerschmidt Terrace,2025-06-13
a419a28f-4bef-4b33-aa4c-77198b5abf38,0b3b39e0-51fd-4e08-8c8f-ef8879eaf289,2023-10-04,shipped,2850.32,63199 Rusk Trail,2026-02-05
23ba5542-1e15-40a3-b718-5be5bd537c9f,80f5025d-21a2-41f1-b4cb-b7d7485b1855,2023-07-24,refunded,4935.14,41 Maple Wood Park,2025-08-10
37c0ae75-811e-403c-b0ef-74e7ee621015,3d9c4492-21be-41b0-855c-e72acd9fcf56,2025-06-02,refunded,5418.66,49960 Manitowish Junction,2026-05-13
f0a7e0e9-2a8e-4adf-9031-624d36586a9f,c7bd0a1f-35ae-424c-b0eb-7f04aa34fa8f,2025-11-18,canceled,6574.83,58475 Esker Terrace,2025-09-29
a3bb3d96-969e-44f2-88ac-12c6889e6fd7,ba77b798-e4ea-497c-8c9e-a88e47465deb,2023-05-24,processing,567.15,94 Roth Parkway,2025-08-25
4258fa5f-6d94-4ca6-968a-0f86d633b324,262f7fbc-aede-40a3-b0ab-ef65fcd89e32,2024-09-04,shipped,1430.85,8 Green Ridge Plaza,2025-11-01
bc435eb3-7176-4a08-bf19-b762caf5468b,c9f3a0b2-cf3d-4861-ad19-a1aad865985b,2024-02-25,delivered,2243.85,5 Fuller Lane,2025-12-17
b960130f-4a92-401e-8608-cfaef5c9c3fb,3f16e210-4d97-4641-8b95-dc01ee650fee,2023-11-18,paid,2929.52,25 Kedzie Place,2025-06-18
57893860-f62d-4f58-8f25-95935a2f2837,0ee8d4ca-a51c-4b06-86a8-220c9e027584,2023-05-05,shipped,3328.62,50 Portage Street,2026-01-27
32e3adae-cedf-4789-a4a6-17e34c2ce261,f6de1eab-5f82-464f-9110-ffd796f41e6b,2024-10-31,pending,8227.76,3093 Beilfuss Street,2025-10-04
cc16ccd1-e692-4a19-a3b5-b0dc12bda942,9c1c44b2-49f2-47d6-9225-ecd4d8fd7523,2025-10-27,shipped,6773.49,4 Blackbird Crossing,2026-01-19
3f1af233-f5c1-4e90-89cd-f71144e96da2,2b213f34-7b14-4cfc-aae4-4d25a2e22c29,2025-05-15,paid,5358.90,7 Cherokee Center,2025-08-29
b1abb000-6c64-4d50-93ee-f1716db10209,5c8b1dac-d6c0-43b4-9368-f745316094b7,2025-07-08,delivered,3229.85,3 Warner Parkway,2025-11-18
e315ed2c-c25a-4c01-8508-857da4a55347,bedcf742-787a-4e16-9091-ed927cb97ac7,2023-08-07,delivered,5665.56,3 Monterey Place,2025-11-14
f8829f42-7164-4006-9dc1-f79ba5d8d125,b73eefb4-34b2-482c-aa74-0730c225a829,2026-01-30,processing,6111.68,9691 Spenser Avenue,2025-08-14
586555df-a03c-420a-91d2-b2a2256c69ff,be7a95e1-b2e8-44be-99d5-34edac482c4d,2025-03-28,delivered,965.70,06 Namekagon Place,2025-09-03
589a2122-11db-4fdd-b35d-b123be0c2609,251d4ec6-ae4e-47d5-a5c5-9f2bdd08f9c5,2025-09-18,canceled,932.97,2 Kipling Trail,2026-02-20
f5c70858-93d7-4fb4-aba1-af0572361e04,58dfeec8-1a64-4156-af48-620993ca8604,2024-12-29,delivered,217.03,94 Stephen Lane,2025-11-22
c35b00f4-6dca-44f5-bcbf-0ebe50f91bef,74545f83-f9e5-488e-8f1f-4fa56d6d653a,2025-02-05,pending,1429.91,4925 Lakeland Point,2026-05-13
c4edeb04-afef-4968-85aa-20e308ea3395,99635e12-a10f-4321-8bbb-e79d40231c45,2023-05-21,paid,2589.81,7569 Shoshone Parkway,2025-06-23
4d1dd5fd-8ab5-4658-8709-c519b40f5e19,3ff5ec92-8b80-4c48-acfa-29b72aaed3ec,2023-06-11,delivered,7781.21,4117 Evergreen Street,2025-09-05
72d4afa1-9d51-40e2-ad46-d83cb9bcffd3,01d7de01-1694-4d85-8c6f-31f1897389b0,2023-08-03,refunded,4707.98,9 Anniversary Center,2025-07-14
a8a00fbf-0d74-4230-867e-805097626737,789de309-740b-4203-9df1-a66264ef1f52,2025-11-11,shipped,4788.98,9985 Duke Road,2025-12-31
92d75343-3b39-4ae3-97ba-c96a8e83a950,2908a371-9084-4d79-9c76-b5ec9b51bff5,2023-08-16,pending,2711.49,6 Huxley Court,2026-02-16
c47b01a6-5e61-4445-9e28-4c4a7fd00b6d,a2f87a6f-02c7-498a-af8e-046a9d90739b,2024-05-24,paid,9487.11,99372 Columbus Pass,2025-09-15
beefc24c-818f-4477-8c4f-84f1ea27eb13,4205cf6c-7fe0-47cf-b927-4de8af8f7185,2024-05-13,shipped,6212.41,568 Hayes Junction,2025-07-18
1ced70ad-ac81-43d1-af04-b9ec496fe8ad,c4b158a5-8934-4967-8ee7-3a28c97fd2c7,2025-02-07,paid,5737.02,4997 Dawn Court,2025-08-23
3616aea4-9dcc-47cf-bb61-115a311b7801,1f255086-f5df-4afc-93ae-21489251a6ae,2023-02-14,pending,2841.10,3 Blaine Point,2025-10-15
9e41aa62-8053-44c0-8ba0-18a5ce749070,38b7aa9e-39a8-4517-9e6c-ed1e73ed8753,2024-08-24,shipped,8250.96,08 Muir Plaza,2025-11-27
af8a2de5-6b89-4949-a38c-a6f408dad615,72930de0-dd82-4959-92c6-6e7b7dc46ae4,2025-11-23,refunded,9387.62,331 Burrows Terrace,2026-04-18
38786736-2d81-4296-9f4e-e78bb6883923,93c2f041-11bb-4788-a67a-452fdf454f42,2025-03-03,processing,2656.10,0 Ruskin Plaza,2026-04-21
269b4ff6-d85b-45ca-b903-3d287fae60eb,d1127214-1112-415f-a73a-2845b57340c8,2024-09-30,canceled,4531.92,74 Londonderry Place,2025-11-30
266683b0-50d6-4310-ba40-2b1c932b516c,ba77b798-e4ea-497c-8c9e-a88e47465deb,2023-08-04,refunded,604.67,54884 Iowa Drive,2025-06-26
66523cf5-1462-426a-96be-c5c4f66c54a0,a3277c41-ce5b-4eb7-b565-8c7c0699b127,2025-04-19,refunded,4598.98,6565 Mcguire Street,2025-07-12
49f7f5d7-cd1e-4cd3-855b-201aa9a1db75,539a46a7-6263-4edb-8df7-6aed11747181,2025-03-10,pending,8039.37,4 Shopko Crossing,2025-09-23
7c840b68-6ae6-47a0-bfd4-5640b3d21550,58dfeec8-1a64-4156-af48-620993ca8604,2024-03-26,processing,5825.70,41098 Hagan Place,2025-12-08
6ef82e0e-d523-48af-8525-87f74ecde052,0749a3e5-8b5f-4a13-b171-01fe67cb657e,2024-08-07,delivered,5973.79,10993 Stoughton Court,2025-06-12
ebcb43da-70cc-405c-89ae-386b20658a8f,456dd14f-21d1-453e-bea6-3374b7e62164,2023-06-23,processing,6300.00,68897 Stang Court,2026-03-08
35595288-660a-4b24-aa76-33dbd2621b4d,a5a61a9f-2d8d-4c66-a969-2efe4d3e3da8,2025-10-24,paid,6842.97,927 Meadow Valley Drive,2026-05-01
cba55283-1886-4a40-9434-eb3cfda5d3d9,4f0f8617-eacd-4ca2-9401-cbcefaa45de9,2023-04-25,canceled,919.57,1 Bunting Court,2026-05-11
ccef6526-5500-4bd5-b63c-d63dc1bd3dd8,b8d2f273-27a6-4f2f-864d-bd11392e4344,2023-09-01,delivered,2721.88,14 Warrior Plaza,2026-02-04
4828ac36-d5e2-45c3-bcb3-d3938f55f6c3,bf0568cc-9505-457b-86ec-6f9b0702716e,2025-09-30,refunded,8147.58,67216 Dwight Street,2026-01-21
842394c1-3540-4031-8f23-7d0b5ae954f7,76c8309c-17fb-4463-bed4-3ebed43e9934,2025-04-19,canceled,9656.70,76 Schlimgen Trail,2026-01-07
111201ea-a501-44b9-9f2e-a92967bfd46f,5b838f2f-54bb-4525-a54e-b1069840ffd3,2025-01-22,shipped,188.35,8987 Butterfield Junction,2026-01-03
49f64f97-2987-40f8-91db-ee74b0636c54,6a638d95-134c-46f1-adbf-a977092046da,2023-03-23,shipped,18.40,1 Grim Plaza,2025-12-10
cff72f93-22bc-4664-83da-4eb117a7b777,f0928684-1c2a-4c40-a581-d941c78f5156,2024-03-01,pending,6121.50,88983 Duke Circle,2025-07-18
0bfce378-b45a-4d66-9151-4e7df26dcfb0,a1baaa40-1a4a-40bb-9b86-5e7283518a7d,2023-09-22,pending,8090.13,1728 Glacier Hill Court,2025-06-05
19ab92d4-f945-49cb-9223-ed4b01feb37a,e7bc5a95-0915-47af-b8e0-f38171fac0fd,2026-02-23,refunded,4851.42,64829 Daystar Trail,2025-09-22
b5aee0a4-20a6-489b-af3e-4288f5ca1d39,fa8bc873-5858-4b91-a5bc-5f47e9deccda,2024-06-22,refunded,8931.94,9644 Barby Road,2025-08-14
db720e1e-39cd-40ff-8c44-a128ac606b84,f5031dee-c406-4d46-baef-dbf383248529,2026-05-10,pending,2541.39,8183 Fulton Alley,2025-11-01
def0d59f-70db-4296-a09d-2ae1aece632f,59d4b727-0093-4f29-9fdd-ae707b78fc4a,2025-01-01,canceled,223.32,02 Mandrake Drive,2026-03-29
d5b050a8-79c9-4053-8129-ff125a5df411,29426c8b-d9fb-4b98-8350-a7a5c2c64f6d,2025-10-01,pending,3543.45,279 Prairie Rose Parkway,2026-01-19
92896d52-6c3a-4194-b562-d375436e0ef1,0030bdfe-a0f4-466f-9e08-aa2b9a520d8a,2023-10-05,delivered,2214.30,86964 Elka Way,2025-07-16
a125ac01-4ec5-416a-96aa-08636d568a11,6809a66f-3e85-4eda-bd6f-58a44535a01e,2025-11-16,delivered,9891.78,62151 Lighthouse Bay Drive,2026-04-25
59e5ca78-0f22-46dd-8d50-2745c896b141,8de0c89b-52e4-44f9-afd4-909b156a1bca,2025-05-24,paid,366.71,34486 Hudson Street,2026-04-01
d7f8c7ea-c9b9-4eb6-b8dd-99aceb119caf,bd0ea93e-0239-429a-9447-a611590b2d2a,2024-11-02,shipped,2808.64,7544 Twin Pines Point,2026-05-02
43485fb0-60af-4e3a-9cef-06b72e87eaf0,1978f4b8-74a1-4ace-848c-7ed40f088b51,2025-04-30,shipped,5784.76,6 Lighthouse Bay Pass,2026-02-04
258932fc-a8f8-4004-9fa3-679480074ab9,c5afc934-23a7-4df4-b28c-5e4c4bcbe178,2024-01-10,pending,6886.41,5 Mosinee Street,2025-08-10
6fe06796-0c66-42f9-afa5-e9a3af14dbbe,9b1a83ad-6139-43ce-abd6-482bc813115e,2024-04-15,delivered,2129.39,393 Artisan Alley,2026-02-20
59ad1554-dbbd-4e96-8d2b-e9659e079232,1d319726-b5e7-403b-affb-193ae332ca9a,2025-12-08,paid,9928.94,00330 Ronald Regan Lane,2025-09-04
e74d015c-2676-4eaf-8084-dda245e94e0f,895014ae-efdf-4fa6-9120-556cc8b3787f,2025-06-25,shipped,3258.85,4974 Canary Street,2026-03-28
e1060618-f74f-4b16-94a5-ff1361bb8b25,de0f0679-77ae-45aa-ba2c-88f6822ab309,2025-02-11,canceled,8301.61,42336 Bellgrove Drive,2026-03-05
5ca00c28-74d2-4c5c-98df-83a2d0039a68,9afe1791-092c-4eaa-84c3-fee099185346,2023-11-06,canceled,3786.06,5631 Stuart Avenue,2025-07-01
58359536-a57b-42fd-b110-0cd7b3290ddd,b4351bb5-64ba-402b-a338-09336a33638d,2025-05-15,processing,7140.73,76497 Buhler Lane,2025-06-06
756daa27-2c1f-4338-8dc6-b275a114a273,a7e68017-ed3f-49ce-b0ad-a1f99cf9a85b,2025-07-03,refunded,4906.82,69 Marquette Lane,2026-03-19
203d0609-1544-46b7-b538-fbe278b389bb,a6bb2359-541e-455b-81a5-b211091d76c1,2024-11-02,canceled,2631.21,96 Emmet Street,2026-05-14
0f4fa775-2007-4a64-9d17-2e6abbdbf8ae,d50c2907-a850-4932-8cd5-4f855f5d18bc,2024-10-21,canceled,5303.24,8 Columbus Street,2026-05-24
f7206773-6208-4fd7-98e8-ebae09647e03,5c8b1dac-d6c0-43b4-9368-f745316094b7,2025-09-16,paid,2604.59,45454 Westridge Parkway,2026-05-16
76d463be-1a66-48c2-acf0-940d325d88a9,87741d8c-be63-4b79-8379-75c34c61624a,2026-05-14,processing,5944.90,4023 Scofield Alley,2026-02-20
78818e76-2027-46ef-adac-d8f901b9b78d,5a3e468d-c8a7-4b86-8381-143d92affb70,2026-03-27,pending,2259.30,05284 Warbler Road,2025-07-28
4e925c19-bcf4-459b-bfa7-ea6e72e9a37a,07c70428-53c2-46dd-8847-ad442b379f96,2023-07-09,pending,8760.50,1 Crowley Place,2025-10-07
a242914f-25e0-4c70-b89e-3b117ae5b29f,0bebfa49-555a-43b3-b5bd-2c5bd7875ec2,2023-09-09,paid,1571.67,7301 Delladonna Circle,2026-03-01
0dc133f1-7c3c-4a08-aea9-5d7b9b3eeb35,80ad0385-7453-4c83-9754-5fb154e7810c,2025-04-07,canceled,3734.01,266 Schlimgen Drive,2026-04-04
358fc5d6-2c73-42f3-9374-bf4377fc7c08,3fe0f6e5-a106-4cf5-a536-21008247ea9d,2024-08-08,shipped,4010.69,3 Talisman Pass,2026-03-29
37706947-ea12-4b71-8825-78c9f32fcc87,52161676-d3b8-4e22-826e-4180c9324ad3,2025-02-09,delivered,2537.63,25615 Waxwing Park,2025-06-14
96e0a617-6fff-458d-be78-6260a9006fb5,7b06ed41-888d-40d2-a7d2-3695a66e9533,2023-03-03,delivered,5092.20,1 Dexter Parkway,2026-03-05
25b842ea-cff7-4158-9d27-91361c41fae1,ba79f5c9-50a0-4eaa-aafc-3e5668456e74,2023-06-20,refunded,5837.75,3667 Fulton Terrace,2025-10-08
2d1539cb-5492-4d9d-9f0e-db2b5cfeb193,d3ad1944-d5ad-4540-bd7e-f4b65717df7c,2024-01-29,delivered,5288.64,4583 Dryden Hill,2025-11-14
4ef9aa99-ed8b-4f5f-9719-a55ce2ef104f,0cf6ef56-f161-4110-8ba6-f02051e5c271,2026-02-20,processing,4509.36,6006 Cardinal Court,2026-04-02
5b941c48-392b-424c-958a-f3bd54aa0736,f0928684-1c2a-4c40-a581-d941c78f5156,2023-08-21,refunded,5501.56,8 Porter Terrace,2026-04-19
39a55f34-93b1-4841-ab0a-7883b76d4569,bb01ccbd-1e62-4153-a0a6-9f152ce99850,2025-01-30,canceled,9187.24,33 Brown Road,2025-11-30
14dd4f3f-d877-42e4-b51c-4f85bd554cc1,78a340a7-232e-476f-9349-b809fb0b79a6,2024-06-18,refunded,9781.86,31964 Anzinger Point,2026-03-06
5814c14a-cf3e-40ca-91b0-d0df955fa9e3,39f01d31-9914-4287-a7d1-5c00843ac7a5,2026-02-22,paid,4220.39,432 Florence Place,2026-05-27
e6c5d62e-d21c-4a79-a405-796b937029f1,c3d5c22d-f842-44fc-93a7-60a6aaf2a2e7,2024-07-20,delivered,4852.97,880 Loeprich Alley,2025-07-06
9d1d378c-e300-40ef-acdf-fbfafa5f3105,c4700bdb-4713-4339-befd-b0508782a1cf,2026-05-17,refunded,6593.67,22868 Heffernan Hill,2026-02-04
52a9b782-314e-4ca3-8fea-09e3b6af9b1d,3924c00b-bfc8-455a-85c1-b6afc55e3e69,2025-10-16,shipped,227.25,70621 Del Sol Hill,2026-05-15
af724522-509c-4997-85b4-3d005a7f272c,251d4ec6-ae4e-47d5-a5c5-9f2bdd08f9c5,2023-06-30,delivered,3163.51,50 Swallow Terrace,2025-06-24
f6f428de-c988-4bbd-9ce4-07621c980512,c5c2a676-2cf3-49f5-8b4d-32ec011c5171,2025-06-16,canceled,9916.79,3 Dixon Lane,2025-09-14
25c616f5-229f-46b3-9da2-575c42d17115,35e1aa1d-65e2-4053-89a8-1e1bded6510a,2024-04-11,paid,5207.08,9361 Forster Pass,2025-07-13
cfde623c-529e-43a5-81e3-9598e767c613,ccb43607-5bae-4f4c-993d-af7f986d95b1,2024-03-24,shipped,5970.90,279 Forster Alley,2025-11-24
1398d645-7bba-4c94-aec4-67b8eb3ff84d,e1b7ed81-4217-4cd2-ad3c-6ac13c5d40a7,2024-12-09,canceled,1694.76,5283 Little Fleur Circle,2025-06-18
26c4c8c8-b4ad-4d2d-9d0b-19c31651e70d,fea3cf67-89cb-400b-bfc1-69938ddb393b,2026-01-22,shipped,7846.92,9 David Alley,2025-12-29
b3598a1e-5d7c-4eb0-9f29-e7354f1db3e4,20fdc744-8614-4cc2-ac27-9a82cc0c32a3,2026-03-06,paid,1645.74,198 Pleasure Alley,2026-05-07
145f6fbe-05a6-4362-bba5-6c921618569a,8790a238-2b65-4d55-8905-b11c6274c892,2023-02-21,delivered,5768.51,43 Hansons Court,2025-12-28
ae858033-62eb-42da-aa1a-61961285504b,17026936-b759-4716-9cf0-6ad3868b59e7,2024-08-05,pending,2312.33,57 Oriole Hill,2026-02-04
ec680ce7-8b25-4c62-a3bf-60fef690618b,d544db52-8e89-4706-a8be-87f62ff09b1e,2024-01-10,processing,1043.04,16 Rutledge Lane,2025-09-16
3fdcfa79-c7d3-467b-8970-836f96d49d0c,28d36f0b-4169-4d63-a698-ab313603c395,2025-04-02,canceled,533.67,33479 Acker Park,2025-12-09
236339b0-1975-4c5f-824d-8cbbfd3d97e7,631f2016-3682-4114-80f8-5c06e97485dd,2024-12-06,pending,9544.66,54 Mayfield Drive,2025-08-08
2d59b64e-9dd2-4e6b-9651-079f946927ca,73f6494f-db45-4b0f-9bad-f44e9190826a,2023-10-17,shipped,314.76,2175 Carey Circle,2025-06-01
76514ce2-ac12-43bb-ac19-970424a8fac6,a900feaa-e364-4208-ae31-c4f9736e663e,2025-12-04,paid,5310.18,12 Haas Circle,2025-12-10
c7cb8ea6-1651-4a8c-a969-a201aa17caba,fc2eb9b1-efc2-4b62-95e5-ad64a6627f59,2025-02-16,canceled,6984.03,32 Briar Crest Avenue,2025-09-09
02832cb6-f7eb-417f-a85e-f7f261f2216e,f2e8ef9c-7129-4a32-bc3b-6ce0b1dab129,2025-04-16,shipped,4676.72,81128 Loftsgordon Pass,2025-10-19
ab6db3ad-13cf-49c8-8920-b9caa41d9794,fa8a0f04-93ab-4af2-bab1-529f34c8a4d8,2025-01-13,paid,7907.61,02058 Artisan Place,2026-03-23
39ea5c0f-b67e-4695-a915-2c93ae516394,9cb67a5f-9bd1-498b-987d-0171aa46118d,2023-11-01,refunded,9152.33,2 Buhler Drive,2025-09-05
e0b86059-3bb1-4363-a127-e38b1c2ad1fc,32dfc915-337b-42c0-8955-541d88da6104,2024-02-04,pending,7467.47,5746 Doe Crossing Circle,2026-01-07
4cd9f631-662f-4d3c-81ec-2b3b3bf8e1cd,3d4e7411-cd0d-464b-97b2-b90b48e552b4,2024-12-09,processing,9467.71,99437 1st Plaza,2026-01-27
b0e1497d-4afb-45c2-9e99-7eb2c80a34f0,f09bda49-3f66-4462-9e5f-36e784e9683f,2024-03-27,canceled,2614.65,771 Buena Vista Terrace,2026-04-10
228882e3-eb42-4c33-ae79-5e5b38265f71,f02f9d62-470f-4d4f-b593-eadda6f819e6,2024-06-24,paid,2911.52,402 Brickson Park Place,2026-02-09
ad2d501f-0fc3-4aef-a307-c2d5a8479209,e650fe3c-756a-428d-85e9-ec5353ca9e4d,2023-01-29,paid,3603.67,2 Forster Crossing,2026-04-04
98f56bb6-9489-4c79-a470-3d91f83240aa,5837d985-0aa6-43dd-9738-6378ae23938d,2024-12-28,canceled,5153.52,3214 Cardinal Terrace,2026-01-21
280eafd7-f5d7-48b8-a419-d8153b07b252,955a4708-69af-41a8-944b-dffad5338343,2025-01-03,shipped,3303.48,787 Golf View Court,2026-03-09
558694ea-e22d-4286-adb6-8ac9673013f3,93c2f041-11bb-4788-a67a-452fdf454f42,2024-10-05,shipped,4970.79,3 Gulseth Court,2025-07-20
bbca2092-ed23-44af-879f-12c726974b5e,dda19cd3-b8be-4431-8aec-41e0ec7a4aec,2025-08-13,paid,5717.82,18519 Cordelia Alley,2025-11-02
7de34403-53c5-425b-a380-d6cf87b96787,291d8466-71d7-4e0e-a3bb-1d2e581e3a0c,2024-05-19,canceled,541.74,1905 Sheridan Hill,2025-11-22
f2edeb2d-6770-47f6-be2b-98c424f6eed1,cf028c40-e062-41de-b8c2-cfc36f15115e,2025-04-19,paid,4043.29,4472 Prairieview Street,2025-08-18
48d78704-86c2-49bb-a43e-0b114b38c114,3924c00b-bfc8-455a-85c1-b6afc55e3e69,2024-07-02,shipped,3867.09,0 Chive Place,2025-10-18
a18cc40b-c70f-48b6-bdaa-9b364ad4849e,42942837-d08a-4232-b001-011d4e994712,2025-02-23,paid,932.43,6779 Sugar Street,2025-11-19
41e56225-36fc-4735-a28c-b5be23c6c6a5,8ed1afe0-21ec-41d6-8b62-535aa9a60da4,2023-05-13,canceled,110.50,8 Ridge Oak Drive,2025-11-10
de75e247-bc9e-4500-9b7d-b314535d3924,90d35a38-8b91-4dcb-8905-c9c036f7e437,2026-03-23,shipped,1808.52,229 Springview Plaza,2026-05-17
89aebb63-f6a6-4c89-8e52-1b3b091eac88,59d4b727-0093-4f29-9fdd-ae707b78fc4a,2023-12-29,processing,781.41,9 Parkside Terrace,2026-05-20
1ae139c1-c041-4fda-b90b-0661d330320c,85e967d9-b519-4061-bc6b-4bab42d9e287,2023-04-16,delivered,4435.19,695 Almo Avenue,2025-05-31
a01993c4-6cd3-46ef-847c-a3196e6b8d21,d076ae1d-452c-4ab7-b79b-2984a0ba0082,2025-06-05,shipped,5340.58,90291 Donald Drive,2025-10-02
241c58f2-87af-4f06-8111-9d6065d1233f,5b4a1178-2331-4efc-a955-ce64279dd5be,2026-03-01,delivered,9121.38,67 Fordem Avenue,2026-02-11
b5d6c4bb-ddf7-42c2-ba7c-7ad3dbeea05c,3af32d16-86e9-4107-bdac-60b6dd818c41,2024-02-11,delivered,9467.22,680 Sutteridge Way,2025-09-04
fa36c792-2c53-476f-a393-e0d20aca9e96,e8322e41-fd75-4f1c-a516-98d4013ade99,2024-07-17,pending,396.54,01230 Schmedeman Alley,2026-01-24
5a8d8c00-85c2-4bf1-856a-42c643c7211c,c1fa3d7c-d278-4807-8b28-70079312f92d,2024-12-10,refunded,656.16,13156 Mcguire Lane,2026-03-19
1e3730cf-478c-4f97-ba29-a844b830c16b,b81f5037-bea6-4d1e-b323-708d92f563a8,2026-02-01,canceled,6523.29,65291 Victoria Drive,2026-03-25
1cab2e23-90cb-41da-ad35-a136cab45890,03a13284-45fb-4227-8970-748e70df425b,2025-10-13,shipped,6669.19,92 Sunfield Hill,2026-03-03
699a30d4-8cd7-4126-b9fb-17fbd1ffd73e,2c5ac143-4e8c-4a80-b4be-427b2bc8918c,2023-07-30,pending,9087.22,329 Sunbrook Trail,2025-08-14
a7e71cbc-b4fa-4e99-bb53-05e7e8350c9d,48c4c9de-5250-4806-aab6-ffac5f41c81c,2024-04-27,pending,8478.95,8 Eagle Crest Drive,2026-03-13
2da8401e-06af-4687-b726-03d21a8c3be8,3ff5ec92-8b80-4c48-acfa-29b72aaed3ec,2025-07-25,processing,9426.68,9 Blaine Street,2025-06-21
fdbbfba7-c27c-4f88-bf34-28242ee1b5d4,c3d5c22d-f842-44fc-93a7-60a6aaf2a2e7,2024-02-24,delivered,3127.01,3 Lyons Street,2025-08-08
6cf40a11-14c6-4934-bb56-e3c3223d00aa,cc453372-6aca-4000-bafa-a1b55d141076,2024-01-14,delivered,5059.25,91453 Dapin Road,2026-05-02
3fb59c1d-cff9-4936-8acf-e7207154dd62,1a60a7a7-f5e9-496f-849d-4dacb2af7b34,2023-06-19,processing,5204.70,16604 Harbort Point,2026-05-08
50973bb7-a5f1-4d45-bd3e-d1037a3e46f4,b67422ba-1a95-44fe-88c9-0a699c56ad89,2024-09-04,processing,8476.06,6 Melvin Trail,2026-03-08
0634b669-6a5f-45f9-ac29-ba1264572410,de435357-020e-4e91-bd77-fff47ceafa87,2025-06-24,canceled,9713.89,4911 Katie Place,2025-08-12
e9292454-5da4-4ce0-8f58-98c706bd64ce,7c97cc60-1fd5-419a-afea-7f0e55fd3d30,2024-12-14,delivered,6408.06,8 Nelson Street,2026-02-04
2b79ef74-30cf-42b1-be06-695d4c04271a,2092e2df-94b4-4389-afe2-23c1d881f656,2026-01-26,paid,7423.27,1 Golf Course Park,2025-06-12
62ff39e4-1f97-41ae-81b9-8e50e45e42d5,4b308938-ebd8-49ac-89df-31da1e0c0891,2023-08-24,paid,112.99,940 Amoth Point,2026-02-08
dfe109c4-7b4b-4c81-88be-aca78a7f7c44,19af2337-8fe8-4460-9a92-2f1e604942a1,2026-03-14,shipped,8050.64,76 Scoville Trail,2026-02-02
82e299a8-ae80-417f-9752-7fbf5168c982,a00c1737-a142-4ba0-b9de-14518ec4d651,2024-10-21,pending,9364.10,1780 Bunting Park,2025-10-24
28efb9a3-201d-48ae-80ab-dbce98817572,084a33f7-a4ec-4ce5-9c64-2e101e2405fc,2024-02-26,delivered,9014.84,8 Crowley Trail,2025-11-17
0594f959-4c8e-44f0-aa3a-26c5e347ea85,78e824c1-5bca-42fc-a6f2-3e15f114b110,2024-08-08,paid,9310.56,4 Sauthoff Drive,2025-10-06
d77d6403-e07f-4209-93a6-9672613fe88a,9c1c44b2-49f2-47d6-9225-ecd4d8fd7523,2023-07-10,canceled,5904.32,04201 Lawn Terrace,2025-08-16
f3685e83-181b-4e92-b887-0fc04ea4e46a,9ea8eaa8-ed3b-4964-970e-79a70879ff91,2024-04-06,paid,9606.22,330 Petterle Terrace,2026-03-19
2e2b098f-a657-4bca-b728-8225351e3f07,a3e0ae21-e8bd-4307-b76a-ac24bf0992c4,2025-11-01,pending,5498.46,77 Dryden Trail,2026-02-08
454d0053-fecc-42b6-a88b-7b2eaf41567c,899eca9b-cd13-4e90-820b-91c0becd304f,2025-03-26,processing,6360.45,55799 Iowa Lane,2025-11-20
df4ea644-cfb4-4a6f-8f72-21ca5751942f,ccb43607-5bae-4f4c-993d-af7f986d95b1,2023-12-22,canceled,7468.29,71 Transport Circle,2025-11-28
33dc062e-e10a-43bd-b741-f1bf6f552343,51394af7-6ff8-46aa-84ea-a9c7d5473765,2024-01-18,shipped,6241.34,0527 Brentwood Circle,2025-08-16
a8498623-58d2-4bbb-aa19-284114b72143,1a2ef5da-a9f2-4ac4-be18-d9acd9eb098a,2023-08-26,canceled,8400.57,211 Pearson Pass,2025-06-18
ba94de12-38a3-4ce1-a3ac-b9f0e71e797e,d36800c9-dd73-43b9-be07-b87e8f596921,2024-07-22,refunded,6513.85,4 Steensland Terrace,2025-07-14
6647326d-db7d-4a0c-a73a-251f9e04e3b0,010a0a56-ee90-4754-9a00-bc14bb222e94,2025-10-26,delivered,5814.21,7 Shoshone Pass,2026-02-26
d03bed09-7e52-415a-b465-6836fa531ee8,305e6759-d0c5-45bd-8ca7-73cc6549c198,2024-12-11,delivered,8367.73,29 Debs Way,2025-09-29
796f365c-fe5f-4408-a5a4-40489c4b5e49,bd0026ef-091e-418c-b53b-a3eed9f4dc32,2025-02-18,paid,4765.72,18670 Mifflin Place,2025-08-09
dc5522a7-9e88-4aa1-9c76-8f1046ee6029,586c2a5b-01dd-433e-ba71-3122f6244c7f,2026-03-18,canceled,8556.87,04687 Fairview Parkway,2026-05-03
db422da3-f422-45d6-97ee-ab9efbc4c47b,eb12ce53-1681-4ef5-a134-a797f4bfd57f,2023-03-02,canceled,3935.25,142 Westend Parkway,2025-07-11
df1fa2e7-1916-4ff5-acde-3ba9ac65faa7,bf1e9966-f096-49ee-ab7e-8efa2a33d91c,2025-02-10,processing,4971.74,9016 Forest Way,2025-09-13
487a3703-d424-4e66-949a-a96ef7e5d9e9,3b0e3b13-93e5-44b7-99e9-0ebb102f15b2,2023-02-13,delivered,9063.92,5990 Center Junction,2025-07-14
200c5468-b12c-43ae-9054-607e94b81a08,20fdc744-8614-4cc2-ac27-9a82cc0c32a3,2025-09-06,paid,3532.01,8 Loftsgordon Road,2026-05-22
9a19cfaa-6463-44a5-8248-2e3f437f9053,7c97cc60-1fd5-419a-afea-7f0e55fd3d30,2023-11-08,paid,3660.61,4 Fairview Parkway,2026-02-23
b803a866-1d52-4424-83d8-54f798d5883f,b642d8ed-a9a6-4e64-9897-8ad42e2b41cc,2023-10-17,refunded,3867.07,2 Leroy Place,2026-04-02
539f188d-02dc-4a8d-a8b7-6d8c8de2d4d6,00e985b2-4020-48cf-9c5b-eca1808e6f4d,2023-07-23,paid,3349.09,3777 Carberry Terrace,2025-09-11
db1c8806-ddec-4d0a-91cb-058bf74762e5,20fdc744-8614-4cc2-ac27-9a82cc0c32a3,2025-11-20,refunded,9962.25,9338 Blackbird Alley,2025-11-11
9ddbcc5b-97a4-420e-b624-bb8b08c830d7,6a205b72-5efb-4a63-875f-640e31585da0,2025-01-07,paid,7173.65,42061 Oriole Parkway,2025-06-21
a1d63212-e35e-46b1-9165-cb2557a87e8a,f154ef9d-8dc6-4bdf-8952-684c3868d9cf,2026-05-06,shipped,530.71,0 Kedzie Drive,2025-07-25
2804ae12-d7aa-4ef7-ae4f-b664f4359d01,a355d55e-b5f0-480d-9fe8-d666ed5a753b,2024-03-15,pending,3448.90,5 Dexter Parkway,2026-03-03
904e70c7-af3e-4f70-8964-1e7f40331245,ad3da17d-648f-493c-ade1-bfef06ef860c,2023-11-18,paid,9101.54,6 Colorado Hill,2025-09-24
8fb562ae-61da-4295-8c7e-5149ffa7c2a5,47a68ed2-ea08-4cb6-b52a-9075b699369b,2024-06-05,shipped,5773.43,882 Hoffman Way,2025-11-03
b2662a96-7581-41d9-a86c-aefe79c3cb9a,39550bc6-ba02-44b0-89a0-14b92f21aebf,2024-11-06,paid,2767.41,9248 Fair Oaks Plaza,2025-06-09
d0eb811c-b580-4e32-ae7e-45fb0d99ab58,629ec44f-48fe-43d6-9dad-4dd8fa2c58ad,2024-01-03,pending,4301.42,3 Wayridge Pass,2025-09-02
aa0722b3-3bea-4613-bd94-afd1a23021c0,eec2a307-fa55-44f6-aa37-6cb575bf1feb,2025-06-19,paid,6235.53,51 Morrow Center,2025-12-30
26523c8c-cf2d-43cc-8871-dccb25c6a906,7e9b4293-fd3c-4cc6-9905-55a73addf565,2026-01-14,processing,6155.27,40 Ridgeview Crossing,2025-08-31
85c72a1f-a09d-49ad-b3b4-ff110932faf5,80e3a4a9-1b6e-4891-b60b-17accbefc923,2024-01-27,paid,4681.78,41469 Laurel Point,2026-02-02
491bfd74-8bd5-4e9f-8bbf-02d54818aa52,b8460be5-1d2d-4e7e-a1e4-02f1834f5322,2023-09-17,pending,5482.37,53845 Arrowood Street,2025-12-30
79450c9b-b1cb-40c1-8418-d02b7d28ae09,4e0bd7dc-0376-4b10-ae6d-76a6d9d1bf7d,2025-04-19,paid,8737.99,549 Northland Pass,2025-11-07
76f0c176-5489-4e49-995f-af45687fa79b,bd0026ef-091e-418c-b53b-a3eed9f4dc32,2024-12-23,pending,8773.60,0261 Judy Terrace,2025-11-12
239a13b3-6930-404b-ae76-02d3a916138a,ee2dbb78-0a68-421f-90dc-0eb0f2f4fd06,2023-11-18,processing,5317.52,1657 Ludington Lane,2025-08-07
b8e7e8ed-fa8c-4c80-8d25-e4e9f3daeef8,9cb67a5f-9bd1-498b-987d-0171aa46118d,2025-03-31,processing,5333.70,377 Norway Maple Drive,2025-09-29
c520f34f-5e37-4373-adec-aa1877f18bfc,c00c6825-de31-472b-952b-1417f3a201bf,2025-06-08,delivered,1393.37,73595 Bellgrove Hill,2026-03-29
84b1d8b1-c615-49d2-9a7a-c88f01cbdf2a,68750447-c6e5-4cec-a6d1-ab49494f752b,2026-03-21,delivered,5283.67,36 Maryland Avenue,2025-09-01
329919d9-2e44-4e9f-8a4b-87ac230b8c3e,27fe33ff-7062-475e-9146-6a339634f1b7,2025-12-29,paid,4916.56,625 Portage Road,2025-06-20
a37871d3-3ed1-454a-b203-ce4060e1b95c,15b9db49-3293-4e1c-9b16-6f0f9b2a2167,2025-03-04,canceled,6403.37,6892 Raven Pass,2025-10-11
f3a5cec4-2d7d-41fa-a105-289173aafdde,0b2741f7-8fd4-41f7-af17-62e5f2a58334,2025-05-13,canceled,334.42,02 Northview Hill,2025-12-26
91b9456b-3234-4fee-8e2b-486fb404dc7a,1d28d73e-d9d6-4fda-a8c9-a1331a4eb3f6,2023-06-06,shipped,9157.26,08 Sheridan Point,2026-05-08
3f4fb957-445e-47bd-82a0-e764e209e29a,b6359b56-aae0-41f4-a0e8-f5ea40feb436,2025-05-28,pending,3464.01,74 Hollow Ridge Crossing,2026-04-01
5e3ac788-0555-4a87-b165-7f5581ade755,3dba1432-9fb0-4608-a03e-1eb545740a92,2024-02-23,delivered,3343.97,7 1st Street,2025-07-28
edc336aa-2d34-42f3-9db5-0d7248c5b832,424268f6-7aff-4d10-a095-12cadd7be1ee,2024-02-01,canceled,4562.41,7 Grasskamp Lane,2026-02-14
2dbb4634-cd9b-4921-a65e-b6d0cbe50c6b,cff24dab-0bf5-427f-a217-15e1d22a86f2,2023-11-15,delivered,9770.77,4749 Valley Edge Hill,2026-05-16
4884cafc-2246-429d-8989-67b6f8815fcc,02966792-39c2-44f6-b8ae-738c656fd8a3,2025-09-20,paid,6179.95,1 Warbler Circle,2025-11-01
11133572-2ac1-4c0a-a04c-98a64d2d59b9,fa735c52-e995-4bb3-876e-19c8a4c81850,2026-01-25,pending,4013.87,54282 East Drive,2026-03-20
26b4f3d7-9300-4e40-b9f2-68bcd11d74a2,c5c2a676-2cf3-49f5-8b4d-32ec011c5171,2025-07-04,shipped,3527.18,31942 Oak Court,2026-04-14
37425314-d65a-4f81-9888-a2df065f2456,5a4eca99-b683-46ee-8542-ec879a4c0776,2025-06-30,delivered,5137.87,2 Victoria Way,2025-12-19
1b58a2a7-5194-4c15-bcf7-7d39e118490c,28523937-71b9-4e05-8b33-5e3ad83408e7,2026-01-30,processing,4274.23,19143 Milwaukee Terrace,2025-12-02
10bd8320-d2c7-4f9e-9565-47227b7462c6,800fa54f-404b-47ca-9169-9d277596c6e7,2024-02-11,canceled,1322.05,210 Autumn Leaf Court,2025-07-20
d262abb4-5c32-4b29-bd74-fe3626c98740,c2463bf8-3089-4779-a1c2-f94f226a33ef,2023-11-18,pending,642.35,9 Granby Lane,2026-04-03
7ee765d5-3c17-4fb8-9edf-5e044399ffb4,5c7e2a4f-2a83-4c64-9e3b-d337852f8483,2024-01-27,paid,3952.27,535 7th Circle,2026-01-14
275ad1fd-2d98-49e9-91e4-01a6dec368d1,4a9d920c-6ebc-4506-86c6-99bd107246cd,2026-04-28,delivered,4769.28,1 Lawn Place,2025-06-04
24a06a6c-2a6f-4ccc-b987-7befb62868cf,0b2741f7-8fd4-41f7-af17-62e5f2a58334,2024-12-09,paid,9698.58,2680 Kenwood Court,2025-12-21
e8cce556-1a38-4c78-a4a6-501fe62270f1,422a31ef-69d5-463c-8a65-cc437909db28,2024-06-26,refunded,4767.43,80232 Loftsgordon Junction,2026-01-24
318ae7d9-3e2b-485c-ac44-283ef13e1620,b320d86d-2ab3-4b7e-9a6f-075622bcdde9,2024-10-05,refunded,6621.77,16341 Larry Crossing,2025-10-18
c7c85a7f-6d64-46e4-9179-30d92920e007,4b08f795-5c1f-48ea-aa0e-1dc1119f806b,2025-10-28,delivered,4702.97,00 Arkansas Trail,2026-04-02
ef400a6d-2e97-4d7d-80a0-8802f26f15ec,c40081b4-e60e-415c-b400-4a6bc125bc00,2025-05-29,refunded,1282.75,0 Lyons Crossing,2025-06-21
be4f151d-2ae7-4ee6-9361-277e944d7815,a173b17d-6ba7-4c7b-8386-0a719ec57f63,2023-06-15,shipped,7510.83,731 Lake View Hill,2025-10-31
f4ac2a84-a8cb-44cd-a51b-c536dcc07dc8,f09bda49-3f66-4462-9e5f-36e784e9683f,2025-08-09,paid,6824.08,377 Drewry Circle,2025-10-17
996a957b-32cb-44bf-a309-1457d30b4074,5b866809-c92c-4c03-8f91-6512c9aab39a,2025-07-18,delivered,3678.14,6 Elgar Crossing,2026-02-01
67368c1d-6254-4b4b-80ab-1ad54319cbb6,31c3b23a-1a3d-4d7b-9aea-3009738d1b3f,2025-08-22,paid,7730.99,8 Ruskin Point,2025-07-30
d8eac1e6-4148-422a-bb40-84bd4cd9b3a6,b53c9c4c-eacf-4c6d-969f-306f6afad8ef,2023-06-18,pending,1116.92,6394 Hoard Pass,2025-10-03
6e25ec1d-4cd6-45c3-9c02-12023ff5ea84,aba3d34f-266e-49d2-8dc1-cadafef6b2ac,2026-01-18,refunded,4557.00,378 Coolidge Avenue,2025-10-22
81ba48d7-7840-4527-829a-3851a89ff0ed,29701489-0f67-422b-9aad-9f8481ec0401,2025-05-05,shipped,9467.64,36 Corben Alley,2026-05-02
c05ec1fa-3269-40ef-971e-30da62e29f6a,2816ced1-9414-4ebe-8527-63727e2019ca,2023-05-05,pending,5028.97,5090 Kinsman Avenue,2026-01-02
af94e81c-cad5-4297-9b4c-cdd73fc050f9,707e586d-77f2-486d-99f5-9901ff985e2c,2025-02-21,shipped,5449.14,8361 East Crossing,2025-09-14
be966f57-8d75-49e0-9688-11988cc5ed00,d1ae7dfc-ce93-4e80-80ce-1b7a92381c17,2024-07-07,processing,9213.57,73 Glendale Point,2025-08-01
c7d13555-f8de-4e17-b3ed-0a1087daa05d,f49ded1a-3f97-4912-a13c-edd505ff4bee,2026-02-18,canceled,6576.06,2 Bluestem Parkway,2026-04-16
929f4802-9ab1-4410-9367-f1b98e8c5759,92dd6c9d-6081-499c-b562-ccb4f7fe88a2,2026-03-10,paid,1135.61,68548 Fallview Place,2026-04-15
336c1eb0-3907-4be2-99f0-4d53e47f616a,17c5939c-c71d-4a19-9c54-a3d262e80e8c,2025-02-08,paid,622.36,3 Sunfield Road,2025-11-07
92fb7fb4-307a-4331-9032-f62c3aa591b3,997319f0-3895-4414-8cdc-e864e409d23a,2025-04-11,canceled,8182.32,63340 Hallows Lane,2026-03-23
12591b16-aee9-43e5-b8d7-a67b96e9c281,8e8b294e-f225-474e-b052-e8349c4f437a,2024-05-27,processing,6312.00,05 Fordem Drive,2025-11-28
c921f8b3-373c-44e9-adab-7b652a24b704,680f075d-fabf-425b-b3f9-dc619af12e73,2023-07-22,delivered,2738.85,58 Melody Lane,2026-01-18
63e4febc-72fa-470d-9744-6b42f85f5ac1,47036507-da76-419c-b384-ec4400e8cc45,2025-06-05,pending,4431.74,6 Forest Dale Trail,2026-03-01
3485c1fa-15b8-4c65-93f3-e0bd875e230b,35e1aa1d-65e2-4053-89a8-1e1bded6510a,2025-08-06,delivered,4374.84,1 Del Mar Road,2026-02-25
29551dcc-9141-459a-92bb-d2c1521dc768,edddde1b-5bfc-4ffa-be82-9099ffbdd7a9,2026-03-07,shipped,1201.98,6 Comanche Way,2025-08-20
89798284-3568-4124-9fb2-3292fc71c0c1,6a9f232a-2435-4f44-b520-c97f007db626,2025-10-22,pending,5703.85,62993 Straubel Trail,2025-07-01
9cbb112d-0b34-4142-9b67-ddb7952a53e6,c4700bdb-4713-4339-befd-b0508782a1cf,2025-11-06,paid,4938.58,01572 Summer Ridge Street,2025-09-01
10555431-22c5-466e-ba48-2a9d5f4c30a8,f4e511b6-e69f-4958-895a-e6fb75905142,2024-02-10,delivered,6133.31,4 Butternut Circle,2025-10-11
5c1e68be-76a5-417f-b3e3-60e4b6cfb205,cd6df5b9-0a78-41de-b428-0b4238870738,2023-09-14,pending,4859.95,43383 Moulton Lane,2025-10-12
650055ba-b6c9-4945-bf14-d60ae0585dbc,f3c41d8a-bf1f-40b5-97a1-d8a3d7b21d24,2024-07-27,processing,348.21,26959 Porter Park,2025-11-01
5fc089e2-4380-450d-bb57-72085f151d41,a8ab3ca5-2c9f-4f18-8735-d9a5106d0932,2026-03-06,shipped,2183.25,45 Oneill Alley,2025-11-30
b8037550-8aaa-4863-aead-0a35db607ae0,3d33378c-56eb-400e-a75a-0ea59435090f,2026-03-03,pending,7159.02,02 Paget Alley,2025-08-01
b913ded6-9ff5-4d1e-8572-3e2b8c43c365,a5c01271-439d-45d3-bedd-ef91a80cf2ee,2025-03-03,canceled,5652.73,0071 Butterfield Street,2025-08-13
d193a59a-f095-4ac2-9867-9dadccc40b3c,28d36f0b-4169-4d63-a698-ab313603c395,2025-09-25,paid,4778.32,692 7th Center,2026-01-17
b792f953-4a2d-47e3-88ee-43b6b816676a,4b308938-ebd8-49ac-89df-31da1e0c0891,2023-12-20,delivered,1078.83,90 Maple Wood Trail,2025-11-14
be173672-958f-4c00-a2c1-c08094bbc6a6,f7210314-cb21-4466-bf9b-c1ab7b45f50d,2023-02-03,paid,7233.90,2 Kedzie Plaza,2025-07-13
dbfd1bee-1762-41d2-80c0-ca85092b3ef4,a936692d-4628-4f0d-9eec-ee81b10117e0,2024-04-24,shipped,4571.03,35838 Hoffman Park,2026-05-16
2b4a814c-5f17-439f-b4f2-e6a66b655d3b,90504ba6-b989-4478-b203-cf3866b52366,2024-03-05,paid,8096.42,09684 Vera Alley,2026-04-20
c2007c8a-9d79-43ca-8068-c660f72aab43,c042e353-b58e-4150-8ebc-4cc69ebed9e4,2025-01-13,shipped,5794.01,9442 Clove Avenue,2026-02-05
8455c211-6f69-4b5c-aee4-9b758ef38303,7b06ed41-888d-40d2-a7d2-3695a66e9533,2024-04-16,shipped,7965.74,8 Summit Parkway,2025-08-10
1e693daa-f075-4c43-87f1-cdc8a04bb892,0e8918a1-6a55-4baa-9030-1a34f3271e31,2026-04-18,delivered,4241.62,2 Coolidge Street,2025-10-28
02eff6b7-23a7-4daf-971a-67a205220c24,7817d1a9-99d6-4951-b6f0-4c62491b61ff,2026-05-14,delivered,7533.87,6313 Longview Drive,2025-08-07
20522c6c-03f0-41bd-a3fc-25f1d673405e,b150e376-bf9f-4eba-886f-e70ff36e4b9f,2025-01-08,pending,1079.98,75 Dryden Road,2025-07-03
5e82755a-c9a3-455f-b7c9-fc1fc3d6a506,8745462f-127f-413b-a494-066662219c16,2026-04-22,canceled,3399.48,2 Hagan Way,2025-12-13
178259ea-f1bc-4d46-ac45-57b2b6d82353,f7f03566-8095-49b0-90f1-a0e57ee5cfb8,2024-05-17,processing,1122.20,89 Farwell Street,2025-10-26
1a4efbce-a060-4ee4-a9cc-5ecec5f38b16,2c0d249d-07a0-4807-bdb6-b1a155d4e4f2,2025-10-04,pending,2452.91,12562 Prairieview Street,2026-05-27
76125cc2-1be5-42cd-a1c0-6dfccabdb6ed,5a37ecc8-79bc-4a3a-a948-a79888ebd179,2023-06-19,paid,4513.19,08767 Old Shore Drive,2026-02-19
99100ae6-cd6b-4b95-8cc9-d251f09ea193,c1056313-5529-497f-ad23-8a23f508b0e7,2023-04-26,paid,9238.91,1 Briar Crest Junction,2026-03-02
2a0d5963-942d-4ade-b736-7284d2a42ac0,74545f83-f9e5-488e-8f1f-4fa56d6d653a,2023-07-30,pending,9172.08,683 Arizona Parkway,2025-06-10
3d5590cb-7de0-4460-a5b5-b21177a54e2c,f291bad1-8369-407c-882e-3ae1e9f3769b,2023-03-12,delivered,9996.95,37907 Haas Park,2025-11-17
87fe6956-4f2a-4632-b0a6-30e970392814,789de309-740b-4203-9df1-a66264ef1f52,2025-07-13,processing,4670.41,03098 Nelson Terrace,2025-09-23
b0020b1a-2f12-4982-81ef-a05dbd347f9d,ccf3a77e-ebc1-4850-8cf7-5f96d103b772,2025-01-23,pending,9841.14,84 Knutson Street,2025-06-13
010dc2fc-a4fc-465f-aeae-175ccb73fb8f,9fbf5dbd-14da-446d-9930-f1a1c28d8c46,2023-05-09,pending,6673.23,1445 Goodland Road,2025-06-26
94816a99-c6b9-4fad-9910-d00bc1b71dbf,e3feaf35-80db-43c2-b520-3313a18b6aa0,2023-07-20,pending,6898.33,9 Burning Wood Point,2025-07-25
3cd7ecc0-5b94-4b4f-82f2-7edd1a7764df,3fd30a4d-0b38-419c-82f0-f0fe2b14959f,2024-08-17,paid,9924.03,2 Menomonie Drive,2025-09-19
ce87e400-434e-4752-a47e-f900a49b5dd2,c3d5c22d-f842-44fc-93a7-60a6aaf2a2e7,2025-08-25,canceled,5454.71,35241 Schiller Circle,2026-05-09
923ed444-5161-47d2-9072-a910f22e5a8a,fa8bc873-5858-4b91-a5bc-5f47e9deccda,2026-01-02,shipped,7526.43,35 Haas Point,2026-02-19
eec525b4-178e-42cd-a8cd-14228d2fa92a,e9b1ee93-85f4-43d2-8163-2af746e1808d,2023-01-31,processing,9004.37,53322 Logan Terrace,2026-05-16
29674d47-01fd-4600-a86a-d3c0aa002779,a2b46166-a34d-4d5c-91b3-69f98edcb7c8,2024-12-13,shipped,8917.11,1323 Manley Drive,2025-09-04
2f6a6ba3-8714-4c2a-9e74-28581edd74a4,6809a66f-3e85-4eda-bd6f-58a44535a01e,2024-11-11,canceled,5142.67,917 Vahlen Court,2026-02-05
3c6b9f21-c5fb-44f7-9aac-5303efff9d2a,ee60e3ae-ee0f-431f-b83d-30a98d8b61d8,2024-06-24,delivered,7352.55,1 Lien Park,2026-02-06
40ad5bd8-df33-43e4-bcc9-3b33dedf8308,b8d2f273-27a6-4f2f-864d-bd11392e4344,2024-09-16,canceled,5970.85,337 Park Meadow Park,2025-09-07
0917020a-9232-484a-a03d-0d0de41fb98c,b864565c-ae9a-4cbc-b755-6a181c4a7d72,2025-02-10,delivered,2384.27,5 American Alley,2026-01-26
45423d50-6c43-444c-971d-ce8bab9e90cf,57fe05fd-cd7a-4964-8f01-3e4bd3a65112,2026-03-29,refunded,4637.83,6815 Mandrake Crossing,2025-08-28
5a92ab60-ae3e-4f57-b0a1-09d192670d6f,11028424-c89d-41db-bad0-2d0dffb09480,2025-05-19,delivered,9473.55,2434 American Ash Alley,2025-12-20
f32ce43a-8c3e-458b-ba00-820f387c31eb,288f942f-2f83-43b1-98f9-1f026ee7d63b,2025-04-17,canceled,4213.45,12294 Melvin Point,2025-11-16
de428458-b61b-490a-ac58-be8e538bf7b8,3abca528-8776-4a56-95e9-cb6a5d7ecff7,2024-12-14,refunded,3203.83,96136 Caliangt Plaza,2025-07-02
3518be8e-2d46-422e-9496-dfa5bc325fec,1a2ef5da-a9f2-4ac4-be18-d9acd9eb098a,2025-08-12,shipped,6032.13,988 Hanover Street,2026-05-19
8058a8f7-d56a-4baf-b57a-f89ca35e110a,3d4e7411-cd0d-464b-97b2-b90b48e552b4,2023-12-22,refunded,8877.78,32 Claremont Crossing,2026-02-16
ae7faedb-3551-4976-bd85-e9b822cdde3c,edce9699-d9e6-4d47-9c3c-eb5992c361d4,2023-05-26,shipped,3300.35,7105 Fordem Terrace,2026-02-24
afa32456-2009-4351-9e45-b85458dd279c,ae07b37a-baed-46c1-b67c-63b7aec9fcdd,2023-05-31,delivered,6018.64,77959 Truax Hill,2025-11-01
bfcfcc0f-2b27-40a4-b4ba-8d7821145971,8fbb3be7-a2a8-4f9b-8836-9b90c7a0b404,2024-03-05,pending,9668.47,150 Old Shore Street,2026-04-04
4474a5ba-0cc2-4568-a538-1c2999c5394e,c8a65c06-c234-4d0f-b879-c8a1083e8776,2023-02-19,pending,5743.35,037 Hudson Parkway,2026-04-29
488059f1-7ce9-4fbf-810b-78a992ced028,004ab54a-9610-4e8e-9663-6e47b7e54d16,2023-06-11,refunded,2151.38,38458 Boyd Circle,2025-09-26
db84ac51-bd55-45a4-b1a2-8f473bb0b5c8,d26a25f8-a10e-4e7c-9c1e-2e40d0d7bc29,2023-12-07,processing,4726.58,5434 3rd Road,2025-10-31
eec5f8a6-58a5-4361-b33a-3ca6bfdedd57,94fd5c93-97f1-4f30-8ea7-85a9f0df36a9,2025-03-29,paid,5494.17,0 Fisk Street,2026-01-01
f2009a48-90d1-4703-8b5e-60ca01e91d61,5f43a20e-28e4-46ce-bec2-f62c9f38807c,2023-11-21,processing,3979.75,18494 Bellgrove Circle,2025-08-08
bcb443d8-ad75-4e97-9296-133e9830c813,a1e40a42-0215-4057-b87b-bf419248d060,2023-08-24,paid,2168.18,025 Jenifer Pass,2025-08-28
58d35cfa-715e-4dca-8447-59b4621e6a66,bd99654e-b812-4b47-9d9e-720739f01ce0,2024-09-25,canceled,2903.58,9759 Forest Dale Court,2026-02-06
392f53d5-f029-47b8-bd64-86c1424fb7e5,ceff558c-0b64-4289-a747-53b6a9fd7bf3,2023-02-21,processing,1464.81,96 Novick Point,2026-04-02
7c62de51-72a6-442e-910d-7ce39bb91a05,2753a1c4-1830-4fa9-af7f-02d3067181e5,2026-01-27,shipped,2120.57,370 Eggendart Trail,2025-06-05
d170f207-4df9-44f4-be5f-4f85a50f053a,b412b4af-e4e4-460b-b62d-108a0c3494a3,2024-04-20,pending,3060.29,49035 Grasskamp Point,2026-05-03
68e4be0a-d58c-4932-b565-f1ca2f0918e0,edddde1b-5bfc-4ffa-be82-9099ffbdd7a9,2025-06-16,delivered,861.79,56109 Heffernan Place,2025-05-31
b3cf8074-a442-440d-b415-6053b16cfe69,78bc0299-a5b0-4c1b-b691-1717fc1e59e1,2026-05-01,processing,6975.59,97 Lawn Trail,2026-01-09
1cb9bb2f-bff6-4db0-8898-7466b7da48de,58e3c056-adaa-4a4d-9b47-02da5ce01024,2023-06-04,paid,4339.01,4 Nobel Lane,2025-08-08
df2a3649-4fb0-4aad-8fda-2d3bda4fb35e,0cf6ef56-f161-4110-8ba6-f02051e5c271,2025-01-20,paid,6702.96,7153 Parkside Court,2026-03-12
2c7940c7-5245-4ebe-89ec-9c0b3e842d56,76011f43-adac-4251-b107-afeb61c7e342,2023-03-08,processing,1037.76,6 Lakewood Gardens Point,2025-07-16
e7d068e9-d6e6-47a7-8701-f1add3c41bce,d57595ce-6cd3-4acd-922e-fd0db4e3cef8,2024-11-10,shipped,9299.07,04 Sachs Parkway,2025-08-15
f6d79acd-f7c9-4e3c-bccc-f061d0082807,483cbee6-0711-4bdc-b97c-675d4598178d,2024-06-25,canceled,2976.84,34 Twin Pines Point,2026-02-04
8be5de40-461e-4112-b173-569096cb252f,8fbb3be7-a2a8-4f9b-8836-9b90c7a0b404,2023-06-29,canceled,3212.41,407 Kinsman Junction,2025-10-26
04f18937-c801-4942-947a-1b14152533ca,a29fbd65-d3eb-42dd-8381-dfbeb49877de,2025-01-21,shipped,1032.84,963 Fuller Trail,2026-04-07
040cfea3-e446-422c-9496-31bd873f67ed,fe4775a8-95aa-4659-a40f-c492ae9e62a2,2024-09-19,paid,6373.67,9 Golf View Alley,2025-11-24
6f6b2ec4-a0ca-40c2-a6e5-7bc3d1545fe9,b65d9463-d530-4264-9b13-6fc0bf2b0193,2025-12-18,refunded,7973.32,4 Springview Alley,2025-09-26
2dd3e077-ddd5-49da-8e40-d54d7ac4e385,c2f02818-46b2-461e-98df-3f01784971e9,2024-12-19,refunded,8333.69,3674 Katie Plaza,2026-04-03
dda2b2d8-21f1-4806-b08f-bc4453a4d1aa,5d3c5a93-f1f5-4447-a313-4e99ef3726ec,2026-03-25,shipped,6314.05,5833 Elka Trail,2025-12-13
f05830b9-6afe-4fb3-a6e4-3ba14abfe304,07c70428-53c2-46dd-8847-ad442b379f96,2026-05-20,refunded,3109.55,4 Algoma Place,2025-10-15
4d61f795-e592-4edb-bce3-8dbfd4326b78,f1d267a2-1c48-40ab-add4-60a8f5217174,2025-03-01,canceled,1326.52,0 Prairieview Crossing,2026-05-16
5b392895-2af2-4645-9d2a-71c52be85843,3a7d2c3f-3a8f-4be0-a3c2-9aa27b4140af,2023-10-03,delivered,4746.26,68 Lukken Center,2025-08-15
3c7bab32-1b72-48de-b574-6480e050fc82,cf17795d-25e4-4244-93d2-2791a7095462,2024-01-17,paid,6917.85,59 Sachs Trail,2025-10-11
87c48620-8678-487f-bfd7-90f9790c01da,98e7b94f-d3e4-43ac-9b83-f257248ef85d,2023-11-11,shipped,4781.16,31652 Holmberg Center,2025-09-22
53c6d2a8-842f-4a83-a9fb-82686ee48b19,c40081b4-e60e-415c-b400-4a6bc125bc00,2025-12-18,paid,4269.80,76474 Atwood Avenue,2025-07-05
1a0c9e2d-74b1-46f5-8449-1dcf3ee89d53,06f83b96-f924-40a2-9678-001617b7335f,2024-11-26,pending,4066.05,1 Blackbird Hill,2025-12-29
2c1f3d41-28b1-40f5-a56d-e512a2cddc42,943d9fd2-64bd-4fff-b28d-41b511d562e6,2024-12-30,refunded,9218.61,36942 Kinsman Street,2025-12-13
27ca10d1-5fc6-410d-8623-bfcb5a4b1a1c,932cba96-24cd-45ad-9f1b-8e89a25695d2,2024-01-10,refunded,4764.60,6592 Schlimgen Alley,2025-08-07
c9d95c94-d7de-4961-a6f9-7d5d9e8c6367,49358105-a83c-4a70-8dab-3ee0e37dd17a,2025-04-14,paid,3076.54,684 Hermina Avenue,2026-03-01
ab06d534-d90a-4e20-a1d6-505c4160adee,91785f35-a065-4cd8-bee7-08acfb6c5777,2025-06-26,paid,1240.66,4667 Del Sol Plaza,2025-07-03
9504d672-f87e-4f75-aa3d-3bcc3acb94b4,2b213f34-7b14-4cfc-aae4-4d25a2e22c29,2026-05-14,delivered,9081.64,9 Kim Court,2025-05-30
228366f5-17c2-4659-aa7c-c28fb9a86a37,502baa09-8370-4053-8d73-ef375b981d94,2024-09-06,delivered,5296.67,74 Vahlen Circle,2025-10-24
c18a0bb3-04f6-48f1-892f-563d614246ed,989b3dbc-ea41-45c8-8305-68bc8a24d9eb,2023-07-27,paid,1492.17,3 Gina Place,2026-05-05
0e6b1836-c127-4b8e-b244-4a55cfe3b55e,a46ff762-f0eb-4691-83b5-b180170d2033,2025-11-08,pending,4710.03,6 Logan Pass,2025-09-24
1c709fff-9c25-4c2c-8bab-64d7554852c9,2c9e9b59-2d7a-48fc-8955-2ae51225e78b,2024-06-10,paid,4182.78,599 Barby Plaza,2026-02-23
dd9b3692-0ae2-41eb-8c7b-c033cb98d5fe,5006cbca-194e-4441-86fe-afdc8c93c118,2024-01-12,pending,1860.96,556 Waywood Alley,2025-12-11
52645e1c-fe7d-4a6e-9360-647c4ee6da36,c7bd0a1f-35ae-424c-b0eb-7f04aa34fa8f,2024-09-09,canceled,9243.36,2 Kings Trail,2025-11-05
58f906b3-6d4e-4597-9ee7-fb7db646d6e6,955a4708-69af-41a8-944b-dffad5338343,2026-05-16,delivered,9859.90,316 Thompson Parkway,2025-12-15
06c529bd-0037-4211-a9da-efbf05a8ed8a,0749a3e5-8b5f-4a13-b171-01fe67cb657e,2024-04-03,pending,9083.49,5987 Shelley Center,2026-03-21
157541c8-b7d9-4ef5-b13f-6f832510cbbe,abc2decc-24ee-4321-ab46-600a4228206f,2025-07-23,paid,1356.55,40191 Kennedy Way,2026-02-25
cac33536-6e61-4014-98ea-f86a4314c7e3,bb01ccbd-1e62-4153-a0a6-9f152ce99850,2024-09-24,refunded,8847.67,187 Golden Leaf Circle,2026-05-10
7a23037a-3fab-4567-96f8-d3bf73fd0b01,8e590f2f-e548-45d5-986c-02303455fbe2,2023-01-31,paid,9637.25,6 Tennyson Crossing,2025-08-21
455a4726-146e-4320-8b3d-e16e9c6bf7cf,7b8328bc-503b-47e1-a275-6541c3a93877,2024-04-11,shipped,2831.63,589 Rigney Alley,2026-02-23
c8fa418c-1e91-40cc-a011-2db3b80dd0a3,39550bc6-ba02-44b0-89a0-14b92f21aebf,2024-06-28,refunded,2938.21,4304 Sycamore Drive,2025-12-03
c7ec80a7-ff66-4a77-84a6-4fd3b689068e,4b08f795-5c1f-48ea-aa0e-1dc1119f806b,2023-07-28,pending,4229.64,74 Lukken Avenue,2026-01-18
8c40a502-592a-4b9a-8d8e-15ba4b04fd36,6a87a48e-799c-4759-9208-22abafafe7b4,2025-04-22,delivered,6849.28,2 Hoffman Lane,2025-11-18
75660e11-25cc-4f0d-9824-86ee6b2adda0,4a9deb0e-f7f1-4bf9-a347-46c67a5c7def,2024-06-15,processing,8614.49,730 Dahle Plaza,2026-02-22
72b7a6bb-d6d9-4f3e-b2b5-20b13eab5157,e5e0a6ec-4596-4f93-8731-772b799da076,2023-08-11,shipped,247.00,319 Southridge Center,2025-07-01
68b81053-6f13-445e-9758-bf234a2227a6,00e985b2-4020-48cf-9c5b-eca1808e6f4d,2025-03-02,canceled,3973.30,1129 Hoepker Street,2026-05-13
2698b6ff-75c5-4ba2-ae69-11ccbd8c83d1,c69a8f20-dce1-4107-be69-4846bdd5dd7d,2025-04-06,paid,5236.74,08268 Pepper Wood Avenue,2026-02-23
874fee2e-9ee2-402b-a29d-ba9b9130f207,fd00397a-64fb-4483-9bfc-99857f1d9097,2025-06-12,pending,5566.78,396 Crescent Oaks Street,2025-07-18
05832e56-2630-4338-b1ec-11033c7df866,31c3b23a-1a3d-4d7b-9aea-3009738d1b3f,2025-05-23,pending,984.46,59 Declaration Court,2026-01-25
55f1970b-187c-46c2-afb6-342d360358cb,916c24e4-9ef7-406d-809d-de621d8efd38,2025-02-20,processing,8703.23,7706 Independence Trail,2026-02-06
d55607f7-fb78-4f1a-869d-eb802a3c4b9e,870a2040-34b3-4a9a-b728-3649c22d9e60,2023-03-24,refunded,1407.61,1 Jana Court,2025-07-24
72e4c1e5-7907-45b1-a100-3509c20fde6d,89f322dd-6459-4084-94eb-1974f1cb38b5,2025-04-25,processing,1961.26,1985 Morrow Way,2026-02-27
9be89e2c-4116-4669-b049-bea74cc83433,62b062a4-1348-444a-8c6d-f448fead31fe,2025-04-21,processing,5554.54,300 Packers Park,2025-08-02
3bd355c4-a929-43b6-bec7-f2aa7cb621ba,1157d44c-c15f-4cd6-92e3-a7d41ad50795,2024-11-17,shipped,9627.30,6205 Westerfield Lane,2026-01-17
1134d393-c8eb-4bec-ae74-08ab6a1374a5,82d93b54-070f-4abf-ba1f-4b01aec45392,2023-02-04,pending,8386.77,89 Bonner Way,2026-02-15
74f77ee7-64a7-4155-a9fc-b7ed92295e89,9fbf5dbd-14da-446d-9930-f1a1c28d8c46,2023-07-21,refunded,2770.97,99 Redwing Lane,2025-09-18
afcaf39d-369e-4a43-80bb-e938b77f7f54,723e65c1-6ccf-40b3-8d8f-8e427fbd9752,2023-12-04,delivered,2404.72,6658 Sunnyside Lane,2026-04-25
dbc164f8-508d-46d2-a73c-22eb365361c3,f5a42ef2-5b65-42ca-b0b0-82bcd41655c5,2026-03-25,shipped,1690.22,9 Crescent Oaks Crossing,2026-04-04
e62a436a-4a03-44b2-8153-a34e37eaa8d9,a936692d-4628-4f0d-9eec-ee81b10117e0,2025-09-04,pending,2697.37,869 Shelley Center,2026-03-15
b6527919-458e-4a8f-8159-9c692800f4cd,539a46a7-6263-4edb-8df7-6aed11747181,2025-05-27,refunded,6406.14,9 Gulseth Court,2025-11-26
5a4a0d52-4be9-4013-919c-48f91cf5bffe,8e382762-3e3d-43b1-bd9c-0d96aa6e2492,2025-03-30,paid,6630.93,31 Roth Circle,2025-08-08
80802f72-3d50-4ec0-a591-61ae30dc79a7,fc49c6d4-960b-48c5-a30c-18037514bfdc,2023-06-05,delivered,4960.38,41 Buena Vista Alley,2026-05-22
ad170b11-33e8-40f1-baca-7ac4a52286c0,e99a793f-471c-4d19-9c53-b258924ea7be,2025-04-08,pending,9117.36,0 Cordelia Hill,2025-09-23
279003d9-5a19-4113-8989-17253eba148c,9fcbf123-27f0-4418-8d7d-76ab43c26ee5,2025-03-20,paid,4918.50,046 Spaight Court,2026-01-24
5057c2d2-1df3-4e30-a803-8ee5ab5effb5,4b308938-ebd8-49ac-89df-31da1e0c0891,2023-10-09,processing,3115.00,0 Esker Trail,2025-09-18
23eadb99-4f68-4498-82c6-0ef30d453b5a,b53c9c4c-eacf-4c6d-969f-306f6afad8ef,2024-11-11,pending,3602.55,95 Susan Parkway,2025-07-15
4a132dce-c620-4b46-be14-996cc0648a59,e99d3dbc-c6cf-4955-a1e5-9cba159e4b7f,2025-05-25,shipped,2928.69,1 Lawn Terrace,2026-01-08
26163d2a-c3bf-41aa-903c-a33d9ca50954,7d76c6c1-b04f-407a-98d0-16f97467dc23,2024-11-04,delivered,2739.72,0252 Sugar Road,2026-05-04
bf5e82b0-4e84-4043-b77d-5b6aa76cae63,0749a3e5-8b5f-4a13-b171-01fe67cb657e,2024-06-12,shipped,9425.08,74098 Graedel Hill,2025-09-25
52c7eb26-7aad-4c16-bb6a-cebc9e4c99b7,8065c64b-3226-496c-aa09-52432a0eba96,2023-04-07,refunded,5302.88,9 Bartillon Alley,2025-09-05
85715b26-8ada-441d-8bab-a696d7102153,48f25a2d-4ec2-43ba-b70b-6f4c20bb1e84,2026-03-13,shipped,4478.23,96607 Mosinee Court,2025-12-12
1a339aba-c303-47c8-b6b9-1fc8cbd44232,943d9fd2-64bd-4fff-b28d-41b511d562e6,2025-10-11,paid,2236.00,22641 Crownhardt Pass,2026-04-08
787e5b2a-3039-42df-99f1-4113c1f61372,a4ad9134-ce24-45cc-ba78-85cfad15a5e7,2024-08-24,pending,2469.70,1 Crowley Point,2025-07-30
75d1c804-72d8-4a63-995d-f74110e7012d,c9c7cc6f-f9ed-4d95-a622-958109aa41e5,2024-08-05,delivered,2080.00,208 Oxford Point,2026-02-20
4001a72e-98fb-4dae-88ce-8cb066a24683,98e7b94f-d3e4-43ac-9b83-f257248ef85d,2025-01-09,paid,6532.00,487 Heath Junction,2026-01-28
0bd19e0e-2e5b-458d-ab1d-67db3cf1f99e,4d3eb245-1649-44e4-97a3-21b48e82762f,2025-05-14,refunded,2502.93,957 Becker Street,2025-11-24
b78420bb-38de-49bd-bf96-4e5c3505fb2c,822bee01-a385-4a2d-9891-7b4aa2e01d18,2025-05-18,processing,8040.43,1197 Corscot Pass,2025-06-10
b43fef8c-83eb-4a48-8c11-29080c969ece,b4aefd5e-edc0-401c-a110-0673e1fc66c5,2025-09-02,paid,2676.29,51 Kensington Pass,2026-02-07
5ff9e8cd-51db-4344-9775-47a4f8c55daa,29389acd-5b66-4c40-a9df-9ba7ae91ae8e,2023-09-22,paid,3536.30,3535 Bunting Trail,2025-09-20
7e38154f-9917-4d23-b6dc-2717e6031e5a,a173b17d-6ba7-4c7b-8386-0a719ec57f63,2025-08-01,pending,3264.68,622 Carey Center,2025-07-13
432f585c-2402-43a0-a6ab-cf953b217dc9,63b7a114-572b-4d62-820b-4ac194951e46,2024-02-23,pending,9988.34,1 Basil Junction,2025-12-19
a0afcb92-403d-4a3c-a2b2-514619551f1d,ffe15bbc-0766-46e1-a5a3-bd015fcbb6ba,2025-05-12,delivered,3561.14,6 Bobwhite Road,2025-09-26
2dfd8e6d-6cf5-4466-ad4c-41c31b56a4ed,3924c00b-bfc8-455a-85c1-b6afc55e3e69,2023-07-09,canceled,2791.77,16 Victoria Lane,2025-10-10
df3c4f13-c619-43e1-98ec-698cc9e5af3a,196171df-8dec-4f1b-b793-489a5c19ceb3,2024-01-07,delivered,5947.63,75776 Iowa Street,2025-11-06
3b0a86ba-6995-4dbb-b289-b4a6b27be8b6,3b0e3b13-93e5-44b7-99e9-0ebb102f15b2,2023-02-14,canceled,5802.20,03 Monument Center,2025-11-29
8d8d7fac-141f-41d4-9fb0-485337480631,f9123942-8fd8-44cf-8b8e-47b4889c04db,2026-04-18,shipped,7897.96,150 Gina Place,2025-09-10
7276a1b7-a7d6-43c1-8d4a-bffd636896fa,d42b67c9-ed3e-49d7-a488-67697731b824,2023-06-22,refunded,7769.05,02431 School Street,2026-05-16
a13cbba0-1de3-457c-b3fe-c4584d8a69bc,582ed1e6-db9c-4b6b-8f89-7301373e6a82,2025-05-10,processing,6441.38,687 Spohn Park,2025-11-26
fdae8a4e-8177-46f7-91df-15f9238bbd91,b8c2d50a-2ced-4f9d-b9d4-4d490276ab62,2025-06-23,refunded,4215.95,7473 Debra Circle,2025-10-03
fca2ba1f-bad1-4028-a672-610645e02617,723e65c1-6ccf-40b3-8d8f-8e427fbd9752,2025-07-06,paid,2483.19,4 Eagle Crest Street,2026-02-12
4206ab4a-a060-464c-9615-5bb99311f2f6,5ccabfef-e583-4004-897a-7aead3ed8266,2024-04-19,refunded,4435.73,1 Golf View Court,2025-07-30
dc6c7e8b-c53b-405a-9b2f-484725002e96,23c853d0-2b13-42d0-ac61-52a1a3651481,2023-04-19,paid,4624.89,776 Buhler Place,2025-09-28
d6411315-e386-4ba6-9c52-f7e7cd1c194e,76011f43-adac-4251-b107-afeb61c7e342,2025-11-27,delivered,5865.14,31 Bartillon Hill,2025-06-25
66c1b793-040f-4c37-9a70-47febeefc069,3b0e3b13-93e5-44b7-99e9-0ebb102f15b2,2025-11-28,shipped,1554.48,4 Mccormick Alley,2026-01-13
1109a1b6-f8b2-4e14-9c3f-32dbc394316b,a7e2d7e7-028b-4b0e-83b3-dba2a4f2623d,2025-02-18,processing,4848.84,8 Corry Circle,2025-08-17
5a353e8f-763b-48f0-add6-1e1037b9debe,d14f91ed-cfdd-4ece-b012-9f4f1fb0209f,2025-05-17,canceled,5.63,5 Moland Parkway,2025-09-12
2ef62313-4ad5-4469-b173-2af26f2d6b80,0a11add7-c59e-4d0d-92be-7f0fcebeeb04,2023-10-02,delivered,8357.96,5563 Bunting Plaza,2025-10-18
d8c9b6bc-d2c7-4286-8c6d-b0f3a2a303b3,740cdb7e-ffba-4693-8403-3ddfaabe840e,2023-05-14,processing,6837.08,52 Roxbury Street,2025-10-08
f31e1e9e-a380-4c68-9440-8c1e39c6ac86,93f063bf-ecd8-471e-b185-4b9794392024,2026-05-01,shipped,9622.32,06513 Gale Junction,2026-05-21
882f8126-54fd-45c3-8fce-d64ff990fcd0,2753a1c4-1830-4fa9-af7f-02d3067181e5,2024-09-12,paid,8482.39,38374 Coleman Avenue,2026-05-14
9068ef41-2f8d-41d4-a444-74243dc46adc,a3277c41-ce5b-4eb7-b565-8c7c0699b127,2025-07-12,canceled,8276.90,38 Pawling Road,2025-10-13
164d2931-2f5d-4cd8-b879-a45f0a154486,99fc1ba9-7f7c-4989-aa9d-69bcc36be77b,2023-12-28,shipped,3438.65,2171 Harper Court,2025-08-24
f6a1593a-28b9-4e5a-9149-95de86ff66a0,a510d52a-cca3-4e4b-a27d-77e7719c5278,2024-03-03,pending,207.25,10 Pawling Park,2025-09-10
adf0db66-84e2-41af-ac2f-a177644f28d5,e8eb9361-77f1-4860-aa1a-28a2d2b7066c,2026-02-10,paid,1973.46,1 Beilfuss Place,2025-07-01
ab6000df-873c-423f-ba5a-894dcc2dd311,d475b1eb-0685-45a0-b152-10a737b87a6b,2023-07-07,paid,8483.16,49 Delaware Point,2025-12-29
926d170f-1a4d-40b1-bfbd-821090a3cca5,0eb5aee6-0698-4957-9170-dd0413d4fbf9,2024-08-04,canceled,8474.61,59712 Crest Line Avenue,2025-10-02
05ee923f-a78b-4a2f-a842-f3a605e7f95d,7c77c5d3-2bd1-410f-a7dc-ef1510ced208,2023-09-25,pending,5992.24,863 Sunfield Pass,2026-05-08
4892c452-cfdc-4a09-b8d5-1897a09bdea2,d5925bc3-b114-4781-a51d-57e6779eedb7,2024-03-25,refunded,1565.80,6 Tennyson Court,2025-11-30
94828428-ec90-41fa-8783-9884017a32f7,149ceece-7cd8-4957-8b71-ff2264ccd064,2023-11-28,pending,1095.44,8343 Crownhardt Way,2026-01-02
d7416f08-d4db-4238-bdcd-1996a9aebf39,ec960e7a-fabf-4810-b863-fc7f48b17d35,2024-08-26,processing,8102.58,299 Crowley Parkway,2025-09-26
fdbf0306-6cec-4952-a1d9-f4ee547a3028,a0394b74-fcbf-4549-a6d0-e9223ba76fc7,2023-11-19,processing,549.58,55 Coleman Place,2026-02-02
6814eeff-eba4-42d2-97e4-32fb15cf0494,31cefa46-07e6-4ee5-83c1-fa607fd5fe2a,2023-07-05,paid,6998.10,4369 Briar Crest Place,2025-11-27
aa59b934-ddba-4278-af78-68669d90cfba,629ec44f-48fe-43d6-9dad-4dd8fa2c58ad,2025-03-26,processing,4894.33,65225 Helena Avenue,2025-12-08
01c44592-4afe-4bf3-80d4-5efcbdd65fbe,483bd330-467e-40b1-aee0-fa492f428cdd,2025-03-05,pending,4277.41,16970 Mandrake Point,2025-08-12
ac271c1c-47d3-4d03-b686-83bbd6e3b6cd,c4700bdb-4713-4339-befd-b0508782a1cf,2026-03-07,canceled,576.39,03955 Morning Hill,2025-08-28
4cc2a1f0-aea4-4b3b-871f-d7de8b206883,fb34ebe9-8127-4245-9121-92c019a73e73,2023-03-12,paid,6791.09,5515 6th Street,2025-08-04
ed1b07a9-050e-459a-90c2-da92836e7e5d,80ad0385-7453-4c83-9754-5fb154e7810c,2024-10-24,shipped,7406.63,7446 Debra Park,2026-04-25
2209af18-9a30-4378-9758-9c5a7927e65b,feed03c1-9b90-4171-bafe-c8821a9ccee4,2023-05-28,pending,6427.71,3 Clyde Gallagher Way,2026-05-24
2353fabd-4dc7-4652-8572-917474c3a676,93127b5a-c7c1-4d01-b3cd-ead17c18669d,2024-03-03,shipped,3318.55,10 Gateway Pass,2026-04-10
21c17e3e-2070-46a8-99e4-a86632086490,e236b441-ddd0-4a20-9d01-9cd71c99968c,2024-02-14,canceled,7612.29,3105 Pennsylvania Avenue,2026-01-28
76ce1f4f-696b-4c05-ab30-d75e1b71a969,0ee8d4ca-a51c-4b06-86a8-220c9e027584,2025-09-09,canceled,4942.00,6 Rockefeller Street,2026-03-26
0d06e308-01c6-41da-889d-d44adac4ec5e,e7d3fbd1-a134-4d24-b98e-cd53b1c197b7,2025-10-09,paid,7655.86,2 Vera Crossing,2025-06-19
0ae72b3d-f132-4351-83af-e0e9d2f45cfd,010a0a56-ee90-4754-9a00-bc14bb222e94,2025-07-28,canceled,6579.60,6 Leroy Court,2025-09-28
c0d177de-c8ff-4702-88b0-1b28d454ca8a,020a2ac1-d0e7-4ef5-8b21-f9e2661b0564,2023-04-14,delivered,3491.76,58 Ruskin Plaza,2025-08-22
3c9d8477-caa8-4f4e-ac47-a6d01bae89fd,13271477-1ad1-4807-87c8-46956ca36727,2024-07-26,refunded,4999.22,322 Carberry Terrace,2026-05-08
b29c407c-0a89-4395-8e16-630edb1023c7,c1c1acd8-d6f5-4a2e-9490-7cc1f97431ec,2025-01-15,processing,8310.72,574 Dapin Circle,2025-06-13
ad72ea90-8980-45aa-a212-d38914297b6d,368b568d-2705-4ff9-a79e-f39dc763da2d,2023-09-13,paid,9459.13,3 Larry Hill,2025-10-28
1f4972bc-c553-4664-958c-c84739cbff86,6a205b72-5efb-4a63-875f-640e31585da0,2025-03-08,paid,9111.37,7 Northport Trail,2026-04-08
9d337328-c0e6-4e43-ad02-ef25c4150e69,f9e56b46-5c94-4dd0-9aa7-a40196f4e628,2023-08-20,refunded,2819.18,79 Larry Lane,2026-01-24
97c68066-fab6-42cc-9e67-df7256d6762d,a2b46166-a34d-4d5c-91b3-69f98edcb7c8,2026-01-24,shipped,8142.75,31 Rutledge Lane,2026-03-01
295e1c3b-e036-4299-8af5-9c68135b3de4,a6d0e8ff-0aae-4563-aca6-33374cdcd67f,2024-04-11,refunded,9981.88,11 Delladonna Point,2025-12-18
04117be4-5f58-4b4f-a536-9b989ccbe335,f5a42ef2-5b65-42ca-b0b0-82bcd41655c5,2024-09-16,shipped,5370.98,4566 Swallow Court,2025-11-18
b789471e-d5f7-4ce9-b1e9-ff36bca6a3e9,48c4c9de-5250-4806-aab6-ffac5f41c81c,2024-10-23,delivered,7312.80,71510 Shasta Lane,2025-07-18
2839ecb6-650f-4ddb-bf94-4c0d6f8c41a7,a5a61a9f-2d8d-4c66-a969-2efe4d3e3da8,2025-03-29,refunded,8427.99,96 Redwing Circle,2025-07-25
f2e003cf-d51b-4fd9-8ccc-f7d33b458e9f,8fbb3be7-a2a8-4f9b-8836-9b90c7a0b404,2024-10-22,shipped,4544.94,1985 Bowman Circle,2025-07-15
6effbe56-0fa8-469c-9374-8b04110e3e77,5751edea-2841-48f0-a922-34349630a65e,2023-03-12,delivered,8551.32,05930 Shasta Center,2025-11-05
7ff5f266-8cfa-42c5-84ce-6cfad65cef3d,90881ac6-e083-41c8-8da5-911a6bc69994,2025-11-16,pending,611.44,18482 Dunning Center,2025-06-18
9f484c34-18d8-4499-bdbe-46f3b0c630a7,49358105-a83c-4a70-8dab-3ee0e37dd17a,2024-06-19,pending,9874.48,504 Claremont Place,2026-03-09
4e3b5fc7-c078-4b1a-9917-b9bc81c641ab,e7f1807f-40a1-4ef8-b134-91741b166712,2023-05-05,processing,1379.08,89 Milwaukee Circle,2025-12-08
96f30ffa-6d02-44b8-a69b-d7c79bca15f4,f4a44db2-1392-4aac-bf5f-51cde660a1b3,2026-05-06,canceled,6519.59,119 Cordelia Plaza,2025-09-12
624cae98-a726-4f90-b623-c46f06e0cb43,bc22c38a-1e52-40ed-80e5-4e47ea3fabcf,2025-07-24,paid,2151.93,799 Randy Street,2026-01-14
e078db86-66bf-4481-ac5f-59f2be03d558,85ab6e5f-085f-493b-bd36-fea6a408a322,2026-04-08,processing,5837.94,5680 Elgar Trail,2025-08-30
676ddc27-5189-4a1e-8839-5cc37fca700a,8519255f-e4b6-4f83-8bb1-23677d0425e5,2023-12-04,delivered,2905.51,66 Stone Corner Lane,2026-01-16
fb8fe3d2-1a74-4acd-99df-c9782fae8afb,bc0d1466-db90-4b56-a90b-e0d306dc067e,2025-07-28,paid,5587.76,158 Onsgard Parkway,2026-04-09
eafae743-2a80-4703-bbde-fba8989b311c,a23a9cf5-6a9e-4700-9f86-d360464d5ce8,2024-11-23,shipped,36.04,3207 Ramsey Street,2025-06-25
f378723c-c8ed-4501-a406-8e738cf5388c,c4ebb81a-61d5-43a3-8014-e062a92b749d,2026-05-19,shipped,4827.21,57 Lien Crossing,2025-10-19
606c3630-989c-4900-943b-526e4b391d9a,7c97cc60-1fd5-419a-afea-7f0e55fd3d30,2024-02-27,refunded,4588.32,74 Washington Court,2025-08-02
654cd7f3-00f3-4ec0-9229-fd8852c3bb98,21a1d837-fc53-4f76-9e13-49d6a60ef266,2023-10-19,paid,72.56,22902 Eggendart Court,2025-07-05
e34105d5-b7a5-466b-a04c-74dc215ae251,15b9db49-3293-4e1c-9b16-6f0f9b2a2167,2024-01-24,pending,92.60,26 Oakridge Street,2026-03-02
0cdfb29a-81a1-4a59-9b4d-96898bbdac78,a5c01271-439d-45d3-bedd-ef91a80cf2ee,2023-07-15,refunded,4068.67,80591 Menomonie Parkway,2025-12-20
62abf084-8485-495b-a81d-efa981a5d6c4,ecd20187-7cd2-467a-9bd3-0de95f6ba409,2024-04-21,refunded,8203.95,8 Lien Plaza,2025-07-04
2e37538b-ac63-4daa-8f6e-9c263421f217,c22d2202-d742-4543-94c3-fb461d6d22ae,2026-05-05,shipped,9909.95,3 Porter Pass,2026-03-22
47cd3a69-ac15-44b2-94ac-a563b5ed110d,6804bbe4-6022-4aaf-ba4d-c42ace2db775,2025-08-21,delivered,1708.42,3925 Luster Parkway,2025-07-30
834a685d-2a1e-4db8-864f-138012c70dfa,14baa9e8-226e-4720-838d-e25274c9fd8e,2025-05-20,canceled,9918.70,9626 Mosinee Avenue,2026-01-14
4e23e36b-8d81-423a-aa97-578f9ccb924e,a936692d-4628-4f0d-9eec-ee81b10117e0,2025-01-12,canceled,1402.98,739 Declaration Road,2025-11-20
2e06fc7f-e0c3-43bf-97d4-1067c788a309,55496b34-dfe3-49f0-b8b3-1f755baff817,2025-04-13,paid,4416.81,82 Talisman Park,2025-07-27
7af58685-7e4b-4bef-a2ea-0648e3b49a74,30fefcfc-3766-4660-8638-d0207b463201,2026-02-22,delivered,3382.09,753 Weeping Birch Place,2025-12-30
7d651f6a-b6ad-4c37-be5c-87fbe3197daf,36cc4780-e0e3-4762-94f7-507a41bc6aed,2023-08-24,refunded,4524.31,0319 John Wall Trail,2025-07-22
54b5df48-9f02-4fb2-b257-4a07e4e88e4b,b58e0086-3225-4bf7-b3a1-30b566bd3a86,2024-10-09,shipped,9848.41,391 American Park,2025-11-01
2fc5216b-a1cf-46dc-b987-a7ed187757aa,9186e9fc-851e-4406-a282-5117203bacfe,2024-11-30,processing,5887.38,7 Browning Circle,2025-08-12
87549b99-86af-41be-a096-25039425c56e,97559c9c-e715-4c96-b0ea-744c4d1973b6,2025-06-13,processing,4872.16,62929 Walton Avenue,2026-03-31
7f94c880-10a1-4b61-89e2-bfb382cd87d8,42942837-d08a-4232-b001-011d4e994712,2025-10-11,processing,4849.95,40880 Division Hill,2026-01-27
d641722f-4f54-4942-9ad2-aea97379c505,1ea7f856-54e5-47a9-903c-dcb725d716aa,2025-02-28,delivered,8551.00,5202 Mendota Pass,2026-02-24
55e02dc9-1f12-4d8c-aaa0-b11cbadd5def,bdec4c7e-35d7-4f5a-831f-f9a9f5f26968,2023-11-24,delivered,6655.81,45 Armistice Circle,2025-07-14
0dadaeff-111f-4b94-a2de-3d3d4ee7d10e,fce257d4-b297-4a72-be11-6c269ae48985,2024-02-06,pending,8608.72,7 Barby Terrace,2025-08-18
fdcb0ba1-40bc-4a94-8127-a5120f3d4d5d,b8460be5-1d2d-4e7e-a1e4-02f1834f5322,2025-06-30,processing,3805.84,849 Green Center,2025-07-19
fc32ac1b-eb4a-4099-a202-f08943025ec2,903576e1-6157-4812-9e2a-910923d04d09,2024-08-31,shipped,6172.96,90076 Glacier Hill Way,2025-12-12
7aaf963f-655a-4f74-8229-62b8bdd579da,48a25df2-c751-4e13-a64d-2c7cf2733382,2025-07-07,processing,5904.23,1 Drewry Trail,2025-09-02
0d31f6e5-aca6-4a77-ae77-dd86b6cd8b8b,f2e8ef9c-7129-4a32-bc3b-6ce0b1dab129,2024-11-11,paid,3475.82,40 Dunning Alley,2025-09-20
eb1cb509-4da1-4e79-b40d-6a933298fb4e,87741d8c-be63-4b79-8379-75c34c61624a,2024-05-24,pending,8856.80,7 Barby Place,2025-09-01
ccd58d45-ef01-48cd-a24e-278e5434e5c7,aacb3917-a0b7-4785-a457-29d002890baa,2025-05-05,canceled,2795.19,377 Mallory Way,2025-12-23
76657402-2d28-4cfe-a7ea-303921a0c6bc,fd55fe17-aa49-4bf1-b811-913be514af47,2024-07-31,shipped,9028.70,53729 Springview Street,2026-02-23
f2812d18-cdec-4126-bb0b-af4da41c614a,56ebfdaa-04bd-4eae-a03b-39400da547ea,2023-10-12,delivered,7238.67,96906 Milwaukee Center,2026-02-17
686f9666-daa7-46ec-88b7-c8a3f61a5ff4,bf1e9966-f096-49ee-ab7e-8efa2a33d91c,2025-01-13,pending,2676.27,84021 Basil Alley,2026-04-22
5a36fa76-5b32-4140-828e-4f000ddac9a1,195329a7-5dc7-40fd-9820-5275d2710730,2026-05-22,shipped,2832.83,2 Holmberg Center,2025-07-22
c36b61c8-bf37-4250-8db0-4caa0624d1b9,8bab09e8-352b-440a-ab24-cb92a7206ad2,2023-04-04,paid,826.15,2659 Cardinal Drive,2025-08-14
95bdad56-1434-4de2-87a5-56d465264c4a,08037a5e-fe36-4d34-ab10-293d9031a798,2023-06-21,canceled,8713.26,989 Mallory Parkway,2026-01-28
a00ec358-6120-4924-888d-4ea956a443e5,069d5e1e-2a5c-40c7-9547-76ca3aaf5583,2024-01-30,refunded,6036.43,7 Pleasure Way,2026-05-25
45e4b53e-8cb7-4ed6-80a6-d8762c8bca1f,44e899e5-90d6-47da-810c-8cebd9f22390,2026-05-03,delivered,3485.54,0618 Amoth Parkway,2026-04-06
3991f82d-1ab7-40b8-b453-daa96f981521,11028424-c89d-41db-bad0-2d0dffb09480,2024-10-23,shipped,1944.61,81 Atwood Pass,2025-11-05
8e99c62f-21db-4412-b5a5-9f2aabb0ae03,3bc174bc-9f59-4c0e-8d23-c70adb045ea0,2024-10-10,pending,9877.01,2413 Springview Crossing,2026-03-11
b690600a-fe74-4376-8735-a753a2954da7,0180a7e4-65f7-4eb6-81d2-8137f077fe60,2025-02-28,paid,4116.98,3 Dayton Pass,2026-01-11
57974db2-4d95-49fa-adaa-abc4b0fc3135,4f3114f3-4e7d-4610-9918-39ce226636b5,2024-10-01,processing,9917.96,9 5th Terrace,2026-05-17
b131d631-2ad0-4bd9-a214-b560f9a37b85,2efb7aa5-d06c-4807-93b4-f19557c5542e,2023-05-29,delivered,3427.35,9 West Point,2026-03-29
358db102-746f-483c-ba4f-ab236c7a2305,29426c8b-d9fb-4b98-8350-a7a5c2c64f6d,2025-02-12,processing,7389.71,4178 Chive Junction,2025-11-27
a404d145-c64e-4098-8ddc-c4e90a87b16e,e3522525-7708-4535-8582-a287de25ddc9,2024-02-17,pending,7637.16,0 Autumn Leaf Trail,2026-04-16
0162b723-91cc-4ecf-9ee4-b589174c4572,25dffdf4-9783-4ee5-bf64-fa059c5cdc07,2025-12-16,pending,2680.78,1 Meadow Valley Parkway,2026-03-04
342d26aa-629a-432e-ab86-7a7989d7c732,2653a148-bdc6-442f-a1cb-48f314a5df5d,2024-12-12,pending,2927.83,5327 Buhler Trail,2025-06-16
38865100-cd84-42aa-b7c8-1438962a8a34,39a35155-67c8-46df-9437-f752c58c6a89,2026-04-29,pending,9884.07,11294 Doe Crossing Way,2026-01-11
674b0909-4088-451d-b588-4e7331571849,8e590f2f-e548-45d5-986c-02303455fbe2,2025-05-24,refunded,3714.15,07007 Barby Circle,2026-04-06
825489b3-7e69-45e5-9149-407cc792312d,ab71849e-62a3-4534-a402-307c686451d7,2023-08-15,shipped,4829.41,03997 Westridge Alley,2026-03-02
fd80b9c1-5cf8-49ab-9a10-828684b370d3,51c3b282-cdda-432f-92c8-2bfada4fd10e,2025-06-01,paid,3786.46,12096 Union Point,2025-12-13
25861597-657f-4efc-8e1f-ae5689d7af3c,4ff2d399-9ab3-4585-9923-5949e1499c81,2023-07-22,pending,4220.75,5810 Loomis Alley,2026-01-21
13821ff2-34e3-490a-bc03-76b8af1aee9d,7d2496b4-118b-4443-8fc0-40f904b4d93d,2025-10-18,pending,9380.84,57855 Commercial Hill,2026-05-09
fee4cda4-e4bf-4461-99dc-74d22855133d,909a70e2-2e65-4016-93df-f79811747aea,2023-05-23,processing,7638.25,50 Loomis Center,2025-09-04
53151d3a-0e83-4296-9721-a49a2c13f9cc,062c3e7e-6e76-408d-890f-d5170927dd0f,2024-06-28,paid,4748.54,67026 Warner Point,2026-03-29
095cad37-da2c-4137-a18c-189176110b58,ee60e3ae-ee0f-431f-b83d-30a98d8b61d8,2023-10-04,pending,2715.78,082 Barby Road,2026-01-29
58f60422-7696-440b-9bec-4743948fcb58,1d9ed980-f054-48ce-9617-23b3ce7753a3,2026-04-20,shipped,5159.14,65 Oak Valley Road,2025-09-21
ac3d9b3a-505b-44a4-9ef8-445e6016ff22,6809a66f-3e85-4eda-bd6f-58a44535a01e,2024-09-01,canceled,4199.16,68 Forster Point,2025-11-12
1a28e3cb-3549-4a2c-9cd8-f3c3e55fac69,41e5d51d-e8da-4de2-8ba1-03d793586d09,2025-03-28,paid,6685.45,617 Corscot Road,2026-02-07
e32dfe2d-9c5d-4752-894b-abf4ba50526f,e1b7ed81-4217-4cd2-ad3c-6ac13c5d40a7,2024-10-18,refunded,1460.54,242 Debra Terrace,2025-06-01
0d5ffcf5-5517-467f-9d38-ecec31c58eee,cabf858d-6a53-4234-a915-c512292044a2,2025-11-29,canceled,5675.09,71971 Ridge Oak Street,2026-05-02
fb97b85e-fba5-42cd-a8e7-9865713414b7,bdec4c7e-35d7-4f5a-831f-f9a9f5f26968,2024-04-23,delivered,5117.66,1581 Village Green Place,2026-02-13
519686d5-88f5-40d9-8460-60d83d192c00,7d024e5a-33b3-4367-ac34-52582e61170a,2023-09-16,paid,849.97,874 8th Pass,2025-09-24
6a2c87c0-31db-49f6-88bb-c9e8b40b99fd,3236cafc-9a30-46e5-b930-c0714912d6f3,2024-12-26,delivered,4900.43,2 Hanover Hill,2026-01-18
a70f8cf7-576f-45a7-8e91-a4488a91a223,e0a11240-0a54-48b1-9828-2b50e26d318a,2026-04-01,delivered,1497.63,2 Morningstar Point,2025-11-22
c6105ab3-68a1-48e2-bc9b-2d2480e2e27d,58be0991-c735-4dc3-9797-d1bdedf88915,2026-01-03,pending,9800.47,6 Logan Court,2025-10-30
9d0c23bd-70f1-44ff-a38e-d8ce392a387c,4d084b58-2118-40d0-a057-0584dc7a7248,2024-12-17,canceled,857.45,407 Fuller Drive,2025-06-30
97ebb78d-3596-4550-bd2e-3cf469c82cc6,76f394f7-be6c-4b62-a3a3-f9fb3b44ffc7,2024-04-20,paid,9677.81,44732 Eagan Plaza,2026-05-22
f937dfb5-3307-4489-9181-f088998598cf,0cdba7bd-7eac-4228-9ea9-8e90b653d9f4,2023-10-07,refunded,8523.71,2 Ruskin Street,2026-02-16
bace12d0-5c06-4326-952b-18428d4fe9b5,1a60a7a7-f5e9-496f-849d-4dacb2af7b34,2024-04-15,shipped,8011.10,0684 Pine View Parkway,2026-04-06
58a266b0-ad03-408c-9df7-0f076583e478,6f7340ce-6d0d-426e-a468-1c630605afaa,2024-11-29,canceled,9660.75,533 Artisan Parkway,2026-01-26
44908c5c-f30f-4b04-b0da-802c52df535f,c7056c71-cab4-462c-8225-a8235b90f258,2023-09-03,canceled,8074.85,188 Burrows Plaza,2026-01-30
9f7dc304-648f-4dbf-92fe-5391df7d7480,f2e4b9c0-751a-48ea-80be-2e726d378234,2025-10-12,paid,5218.23,3643 Sheridan Road,2026-02-15
57cbf303-8a93-4f99-a65b-a1107a61e9e6,3abca528-8776-4a56-95e9-cb6a5d7ecff7,2024-09-07,pending,3853.34,01001 Crownhardt Plaza,2026-01-07
3e13dfe5-5ae9-4716-b7b6-11b754a80619,2e934e25-cbf9-4963-8d4e-031251d9857a,2026-05-10,refunded,8871.43,762 Lawn Hill,2025-10-11
23b0abb5-0d5b-40dc-90ef-dcb51731683f,262f7fbc-aede-40a3-b0ab-ef65fcd89e32,2025-02-06,delivered,5682.60,5 Kim Road,2025-11-11
92c1c694-da9a-4dda-82a1-3c419ac5269c,3d2720fa-27ed-46a1-9aae-86db25c708d5,2023-07-07,canceled,959.36,587 Melby Trail,2026-01-20
bd373caa-600d-4d69-a5f7-07c7bec6df64,63e6cbf4-f481-4c16-88d2-bd12b523c033,2023-04-13,canceled,9708.16,2 Helena Place,2026-02-24
d0ee8e49-a7b5-4827-8910-6931a40e1ff4,429b3bdc-620a-459f-84f4-86952f14c4d7,2024-01-29,shipped,6494.38,61 Judy Plaza,2026-01-03
4371eb65-56c4-4188-9bfc-0b0d691d4e3a,44c63dc0-b237-4983-8dcb-f6b05b1140f9,2023-09-14,delivered,984.42,78 Jackson Lane,2025-06-01
8074eb7a-edda-41b1-946e-0aa83188b71b,a403ba51-eb83-4734-ab2e-be26dd10ec07,2024-05-03,paid,1221.60,811 Anniversary Avenue,2025-08-15
7613d609-2d8a-4a95-83ba-3f5e4698c560,58dfeec8-1a64-4156-af48-620993ca8604,2023-06-02,shipped,9607.75,3322 Hayes Way,2025-10-14
7ad6edc0-c52a-4f51-95f1-2361c928d3df,7f2ed47f-6c83-46b5-8f37-6d546803b8e9,2026-01-08,shipped,9589.59,49865 Basil Way,2026-05-13
80da2f7f-c95a-4b3e-bd90-d78702e7f3a2,0180a7e4-65f7-4eb6-81d2-8137f077fe60,2025-02-11,paid,3462.31,010 Springview Crossing,2025-06-06
a872efcd-0e5d-4cf2-89d8-1f80d0bfc777,0d788556-dadd-4f12-b754-4d1e258be91d,2023-11-05,delivered,3154.27,7 Erie Way,2026-05-18
86fa6a88-42e5-41a8-95e0-04d5783e4655,622c530f-2eb5-4fa8-a26d-d218a1db6309,2024-04-02,refunded,2176.29,40 Burning Wood Junction,2025-08-31
9246be44-c30d-48f0-b178-f20f259f029f,57fe05fd-cd7a-4964-8f01-3e4bd3a65112,2023-02-02,paid,7501.34,19192 Parkside Alley,2026-05-08
ffba7c90-5219-4b30-9d9e-4e3e9d21e6ef,6317191f-d23a-4908-9065-afc9e155067b,2023-09-21,canceled,4022.41,5270 Kensington Terrace,2025-09-05
bf462054-d865-4c8e-b6a8-9a23847916bd,a3cc35f5-cdd2-428b-8243-65c84ad7bcdb,2025-03-03,canceled,4754.47,8713 Graedel Avenue,2025-11-12
f8ef0b78-1a4e-400a-876a-7bbe294bffa6,5837d985-0aa6-43dd-9738-6378ae23938d,2025-02-26,canceled,8960.50,0071 Union Lane,2025-08-22
5abead2a-968d-4163-bd14-ca15bc4f8699,4215a4b0-c850-4da1-b556-53fb01f44658,2025-02-21,shipped,9845.17,25 Marquette Point,2025-11-25
76820f68-4afc-4173-8605-4fd5a21a039f,73f6494f-db45-4b0f-9bad-f44e9190826a,2024-10-24,shipped,9333.59,39 Maryland Junction,2025-11-25
76bcf362-89e8-4630-bafb-3998be027d20,a0e93be3-8833-4d3a-8650-b07ff2e41734,2024-12-04,shipped,9302.07,417 John Wall Point,2026-04-19
e8f86a2d-1002-49ef-b3cb-637ae2318edd,50ea8953-b45d-4209-9f12-85417ebfb039,2023-03-09,pending,729.23,63 Scott Lane,2025-07-28
ee12442d-7655-444e-abe3-c0bfb996294d,631f2016-3682-4114-80f8-5c06e97485dd,2025-11-29,delivered,645.88,11704 Hoepker Terrace,2025-09-21
e20fa016-3f78-4e01-8e44-84770046ccd9,70a6e763-7596-4ff3-aafa-b48f82dbd2a3,2023-12-29,canceled,7579.87,0 Ridgeway Park,2025-12-16
c6fdfc0b-3a9a-4d3e-9153-b1be26f653b9,13334c9f-6496-495b-a7f6-3cf273031bed,2025-05-13,refunded,2842.30,1119 Valley Edge Road,2025-07-26
f6dd31d9-a6b8-450b-8fd8-a053fda30f14,c22d2202-d742-4543-94c3-fb461d6d22ae,2023-03-15,processing,4430.82,312 Mayfield Crossing,2025-06-24
da33612c-ea4d-4a90-99b2-5902a3f3fde3,6cfe1569-3567-400c-a865-9b31b51e2bcf,2026-05-01,processing,3449.88,23 East Alley,2025-11-04
5585b207-cf30-4f2e-ad9b-6eaa8a030f0d,fa02f0c0-07ff-4d92-9a0c-c2ea90b09f79,2023-02-24,processing,5482.59,224 Mayer Street,2025-09-26
673d78ae-a587-4942-866c-0509062e2a31,b52acd28-5284-487a-ae0e-6c1ddce7fc63,2024-09-15,delivered,2696.97,6 Northridge Hill,2026-05-10
b7c094d1-0dc1-417a-9090-b0067cf9e48d,0cf6ef56-f161-4110-8ba6-f02051e5c271,2023-06-13,pending,3886.32,009 Hintze Alley,2026-01-22
3d237260-2788-4808-8d3d-a70809a30523,1a2ef5da-a9f2-4ac4-be18-d9acd9eb098a,2023-11-27,processing,1762.78,68237 Golf Course Alley,2025-07-29
bc0905aa-f82c-4557-8e35-82bc17865402,aacb3917-a0b7-4785-a457-29d002890baa,2023-06-02,processing,26.61,8 Fremont Way,2025-10-16
fe709cd4-d4fd-4a56-8ab5-85bbf2a83330,364a72ff-a2ef-463d-acfe-37d6fb6f2268,2025-09-24,delivered,2868.07,28 Schiller Plaza,2025-06-02
4f443193-a24e-421e-b8fb-182b62ce45d4,c5aa3300-51a7-401e-b562-345bd2f6574a,2023-05-28,refunded,2782.82,162 Towne Trail,2026-05-18
05471671-0af5-45fd-b127-75ec24312313,2c0d249d-07a0-4807-bdb6-b1a155d4e4f2,2025-12-31,shipped,5121.10,2841 Delladonna Road,2026-05-18
7d39ed6d-64b2-4e94-ac58-8c4ca3395e08,68750447-c6e5-4cec-a6d1-ab49494f752b,2023-12-19,paid,1616.56,7 Del Mar Parkway,2026-03-20
92b99a60-b7ce-419f-9970-9f0f8e13c93d,08a273e5-68e1-4112-8b3f-f8cc4935815d,2023-06-27,processing,7993.22,7663 Ryan Parkway,2026-01-22
78541da7-7f50-416a-addd-324e2ffe9ff3,a23a9cf5-6a9e-4700-9f86-d360464d5ce8,2024-12-16,refunded,3625.21,36259 Atwood Pass,2025-09-04
f22fb693-6954-4a12-b42c-4bb68efb1d32,c40081b4-e60e-415c-b400-4a6bc125bc00,2024-10-26,canceled,757.13,68041 Milwaukee Park,2025-11-28
6101fb6f-f7ab-4699-9f3a-d0b54c068fcc,57089314-376a-4a4f-8096-c87be1aa6f71,2023-02-19,refunded,8625.40,41 Corscot Alley,2025-12-04
3143abfe-9694-486f-976e-8ab22a453d50,ae07b37a-baed-46c1-b67c-63b7aec9fcdd,2025-11-03,processing,1763.02,026 Magdeline Center,2026-01-05
d9646ffe-0a7e-4074-9abd-23e509bb1401,2e5515c5-0b8a-4ef7-9dc9-e944a05724c8,2023-05-10,refunded,9578.98,3 Birchwood Alley,2026-05-02
f7a43f70-dca5-4d29-bb7a-0b5bf6f21381,32dfc915-337b-42c0-8955-541d88da6104,2023-09-23,refunded,3214.85,32 Saint Paul Park,2026-03-02
9d4bc32a-d632-4a27-89ea-d5daeffd2318,0a94997e-93b1-49ff-b55d-84bf9419f95a,2024-11-04,pending,7397.60,5 Killdeer Alley,2025-12-20
fab2674b-28c0-4545-ac41-64455a75d653,8c7f62d1-4cf4-4af5-b3ef-402c618133fe,2024-12-08,pending,8440.49,4891 Pennsylvania Trail,2025-07-26
b05c5b3e-f91f-4d7e-aa45-a069dbbbdd7b,abc2decc-24ee-4321-ab46-600a4228206f,2025-03-26,delivered,1051.26,0 Armistice Parkway,2025-12-30
2dd8a3a2-bc87-4cbd-b460-fcf555846f78,99fc1ba9-7f7c-4989-aa9d-69bcc36be77b,2024-04-19,shipped,8282.75,2 Dexter Street,2026-02-04
0243eb1f-1e65-410a-a667-5f3c7366ddc1,edd9a845-c135-403f-b2c9-cd43d8902c42,2025-04-15,shipped,2178.29,232 Sutherland Pass,2025-08-18
e87e005f-9358-49d7-a227-f8a0143653e3,2a829c5c-ad3a-4267-9cdf-278d342dcc36,2023-05-25,delivered,8966.38,082 Armistice Way,2025-07-18
7eb33844-b492-4ab5-b122-61a1ac803128,cd6df5b9-0a78-41de-b428-0b4238870738,2025-12-16,refunded,7702.14,57128 Prairieview Hill,2025-07-24
d766db27-7024-4285-8755-77a6d3ffaba1,95117bb4-4995-4bd4-b6c8-327b4d57eeeb,2025-10-01,canceled,5275.53,18 4th Parkway,2026-05-16
e3fe702e-a3ae-4d78-ad1b-3a46ccbc786a,28d36f0b-4169-4d63-a698-ab313603c395,2025-03-12,paid,6897.77,203 Pleasure Lane,2025-07-12
cdb29705-d91a-4222-9665-e2c41fc5f957,849e97c4-4eb6-48d9-898c-65f644751430,2025-05-31,paid,3843.65,878 Meadow Valley Plaza,2025-06-19
8b588e49-57b6-4a48-8220-f28f77c2368c,ab71849e-62a3-4534-a402-307c686451d7,2024-06-19,shipped,2430.33,8292 Harbort Road,2026-01-20
1217011b-f544-4747-925f-f851c200133c,c659f0dc-514e-468f-844c-a009202a250e,2023-05-19,canceled,3618.67,4744 Truax Point,2025-07-07
4cfac07e-5241-4cb0-a3b9-d5eb2f19eb60,91785f35-a065-4cd8-bee7-08acfb6c5777,2025-05-01,refunded,6666.21,1 Westend Alley,2026-04-18
b198fe9a-a5ed-46c3-9e18-a155976d558a,800fa54f-404b-47ca-9169-9d277596c6e7,2025-04-17,canceled,7404.46,484 Burning Wood Way,2026-05-16
f458de9f-1f52-4824-b34b-2d734a38c21f,6a5be884-5e4b-42ee-a90e-ce08738668b1,2026-03-10,processing,974.46,45004 Mockingbird Circle,2025-06-02
73afc006-f5d5-49be-bd27-709878badc5e,56ba4f58-0d3a-4bda-ba8f-f1fd1c730d8f,2023-12-27,pending,4733.76,81 Transport Circle,2026-01-11
9cfd3cf4-fd29-4b2a-8349-ef8c32a81142,41e5d51d-e8da-4de2-8ba1-03d793586d09,2024-04-08,delivered,4606.97,04525 Schlimgen Circle,2025-12-16
43ade53f-1436-46a1-a5c3-e8ef653ee49b,4a9deb0e-f7f1-4bf9-a347-46c67a5c7def,2024-09-21,delivered,2597.56,44275 Warner Park,2026-04-28
82c5228c-0c21-4385-8b11-e4c356a81bf2,be7a95e1-b2e8-44be-99d5-34edac482c4d,2024-10-12,refunded,5233.28,722 Lawn Court,2026-04-11
04e3d858-e9ae-4706-bc3c-d47a520bd31e,a282b96b-674a-4216-9b28-aafb35b7469b,2025-07-30,pending,5294.08,40515 Dapin Point,2025-07-22
fff8e352-0811-486c-84ee-b7af40e1d6f4,937ae2ce-9f3d-4293-8be5-b717e7c555e5,2023-05-26,pending,6004.41,3138 Hoffman Road,2025-09-27
c614499e-f49a-44f5-ba69-cca32ff6463f,ab6f81ad-9db3-4f87-bede-a26ac69d8210,2024-10-28,canceled,2826.81,529 Corben Trail,2026-04-05
1e93a4c1-bc04-470c-9177-c466dfe7dfc4,b642d8ed-a9a6-4e64-9897-8ad42e2b41cc,2024-12-22,processing,4559.10,2147 Chinook Street,2025-12-23
3d724234-2a46-4d89-bfab-26101869da1f,8f6f2e17-944f-468b-a8e4-e25d2568dca0,2025-12-30,refunded,6667.40,2 Springs Road,2025-05-31
b48475c7-2ccd-4a72-b70c-4e80c099e4db,80f5025d-21a2-41f1-b4cb-b7d7485b1855,2023-05-14,pending,9063.19,303 International Alley,2026-03-07
141c92f6-6af7-4715-b1c4-cde38c360cbd,42942837-d08a-4232-b001-011d4e994712,2025-04-06,delivered,79.22,734 Randy Lane,2025-07-19
dd817f7c-6b3b-4b70-9a1b-5ea833c09a0a,a173b17d-6ba7-4c7b-8386-0a719ec57f63,2023-05-06,delivered,9393.80,0 Shoshone Point,2026-04-01
3e2aeb43-2988-448c-9e65-f42cbed258b6,3fe0f6e5-a106-4cf5-a536-21008247ea9d,2025-04-23,pending,8577.19,8809 Talisman Terrace,2025-12-13
07d00118-d948-4a40-88db-c4cacdb737eb,9c1c44b2-49f2-47d6-9225-ecd4d8fd7523,2025-09-14,canceled,6717.85,56233 Anhalt Trail,2025-06-20
cbed87b1-ad2c-40e6-bfe4-19cff2f46089,cfe9b8ec-18f1-44f4-862b-3561ad0a2496,2025-08-30,delivered,4804.02,53707 Sycamore Road,2025-09-06
5d1549d3-3ae0-4e2b-883c-91b03a94692b,251d4ec6-ae4e-47d5-a5c5-9f2bdd08f9c5,2023-03-04,refunded,7839.35,05539 Larry Point,2025-08-29
cf0c8b1a-5bd9-49f7-bf80-916744eb36ff,bb01ccbd-1e62-4153-a0a6-9f152ce99850,2023-05-16,pending,4640.56,8 Karstens Way,2025-10-08
ae12eb9a-9d4a-4d70-b353-9eaaf9d6cbdc,6a638d95-134c-46f1-adbf-a977092046da,2026-05-06,processing,2834.71,5 Manufacturers Avenue,2025-07-06
bfdb0008-f51e-4969-9846-5397620bdb95,004ab54a-9610-4e8e-9663-6e47b7e54d16,2024-11-01,processing,8597.08,79 Lunder Trail,2025-10-30
f7209742-ca37-457f-8caa-c957f1dbb03c,004ab54a-9610-4e8e-9663-6e47b7e54d16,2024-04-07,processing,751.84,018 6th Trail,2026-05-21
da7382e2-473e-4574-aeed-2932f83776cc,71308973-7a71-4d33-bce8-11956be9bfa3,2024-02-11,delivered,437.42,6703 Sycamore Center,2026-03-26
ae1fde87-c85e-472e-9239-15e3fa5f1bd2,2457b458-0467-453b-9835-87cfe9d23ef3,2024-04-12,canceled,2582.87,69 Sutteridge Hill,2026-03-27
487a0ee5-3155-4b93-8148-4a78844e387a,aacb3917-a0b7-4785-a457-29d002890baa,2024-11-17,paid,7749.15,2 Ilene Terrace,2026-02-05
fcb86d36-db35-40c0-8e64-c626a373fcf6,c805718b-c5eb-4e52-a01e-a6ba45d27320,2023-07-25,refunded,7975.26,49651 Bonner Crossing,2025-09-29
a1bbee08-7ac0-4793-854e-c95b49f59333,997319f0-3895-4414-8cdc-e864e409d23a,2026-03-18,shipped,3057.84,984 Rusk Hill,2026-04-04
a39f9c60-234d-4a2e-bb1f-90b6f0ec88e1,cb077bc1-2af5-4494-b851-66cad52ac2fe,2024-05-27,processing,150.23,57 Katie Parkway,2025-08-20
5c2387bb-a098-48ac-97d0-1963e25096e0,3a7d2c3f-3a8f-4be0-a3c2-9aa27b4140af,2024-04-29,canceled,5964.17,84 Monica Pass,2026-01-13
5125ad4f-892a-4ba3-854c-a8a8ee7a1cb3,85ab6e5f-085f-493b-bd36-fea6a408a322,2024-10-25,refunded,6159.92,9 Hoffman Terrace,2026-01-08
8002f9fb-e5c0-4608-b7fe-cc4ecedf9c83,502baa09-8370-4053-8d73-ef375b981d94,2025-10-14,delivered,2207.93,07 Vernon Trail,2025-11-06
7b95ab83-9dba-4343-801d-c568768e9fd9,4107b59b-402d-4396-8daa-46895ee3230d,2025-03-16,paid,1581.63,0144 Surrey Terrace,2025-10-01
6d251eb0-f887-4d4d-90ca-da0c8c96f548,ba9b0622-ffb0-419c-9c60-907950bd8a8d,2025-07-15,paid,6480.84,178 Spaight Terrace,2025-06-05
2a30236b-23a1-49b7-83af-4a2c3b08c739,62130c1c-fcfa-4ec3-b71b-35d6711c11b3,2026-05-12,refunded,6048.74,3 Maple Junction,2025-08-19
5c0ff553-2632-4386-a630-0c5c383e3223,076f3101-f5a3-42c9-868b-9b3ee546c9f4,2023-06-14,canceled,4151.50,53869 Vermont Alley,2025-12-04
1ae564ec-b912-467b-9e0c-31f21c93be87,d475b1eb-0685-45a0-b152-10a737b87a6b,2025-12-06,paid,2607.86,961 Menomonie Hill,2025-12-02
389ea4d6-4964-4b13-bbb7-84edb01f9ad1,631f2016-3682-4114-80f8-5c06e97485dd,2025-11-28,canceled,5125.96,5 Hanover Park,2025-12-14
eb713971-3b9e-469e-b5e8-503d4d73f547,aacb3917-a0b7-4785-a457-29d002890baa,2024-05-08,delivered,2644.26,21151 Reinke Parkway,2025-08-01
5c7283fc-de37-49df-886a-ed792eb3fc5a,9c654a69-f1f0-4d1e-b553-fa023c479c18,2024-11-03,processing,9447.55,39421 Kinsman Trail,2025-07-21
136ba8f7-58f6-400e-987a-3d6c4153bc56,251d4ec6-ae4e-47d5-a5c5-9f2bdd08f9c5,2024-02-23,canceled,3624.21,87486 Myrtle Way,2025-07-19
afbf476f-4029-45ce-90e9-fb8175bc7bbd,c96ca02d-60b8-4205-bab8-8b488a6816e0,2024-01-01,refunded,2086.01,34018 Lunder Pass,2025-08-27
811981f5-c953-4675-870a-277828989f1c,52161676-d3b8-4e22-826e-4180c9324ad3,2025-12-01,pending,8346.96,8197 Granby Court,2026-03-06
648ffb0e-958a-426f-9b1e-8919295dfd4c,5a37ecc8-79bc-4a3a-a948-a79888ebd179,2024-11-30,paid,2519.88,3202 Stang Avenue,2025-07-25
9d25d668-61cf-4a6e-8399-f6e57eb79ce2,6a344f04-73d5-4c31-b3f5-1140cf27766b,2023-08-09,delivered,3274.56,6 Mifflin Hill,2025-08-26
cde794d0-9075-459e-baae-51cc6030fe4c,723e65c1-6ccf-40b3-8d8f-8e427fbd9752,2025-10-02,delivered,7253.26,816 Brown Center,2026-04-05
8c5083be-3dfc-439c-90b1-5398d4559a00,2584f5fd-f075-40a5-8a25-50d2e4db6a04,2024-12-01,shipped,3724.80,56 Twin Pines Way,2025-09-11
d7d16f49-6633-40f7-8dec-63bafbfe4c2f,5d1672ef-8257-41e1-b059-f63fc90e7baa,2023-03-03,pending,7092.44,66776 Farragut Point,2026-02-18
20d59c05-d699-4cab-9940-055f312eac8e,dbf09e4a-e873-45bf-b44a-078d046d67ba,2023-04-14,pending,5812.84,84807 Warner Junction,2025-06-23
7e7c3526-8850-481d-98c5-0439ad58275e,ba77b798-e4ea-497c-8c9e-a88e47465deb,2024-02-29,delivered,2034.62,54 Oakridge Center,2025-06-24
316b2ce8-e85e-4775-943b-2142a4cf188d,1ff22fd8-36e9-4321-b697-67219ebbb832,2024-07-06,refunded,5026.76,439 Vernon Street,2025-11-11
ad68eeed-85b7-46ae-9ddd-191e557ae617,3236cafc-9a30-46e5-b930-c0714912d6f3,2023-06-15,canceled,3792.13,5 Nobel Plaza,2025-07-27
81b2a9cf-be77-44e6-be7b-8ec1272e592b,f6de1eab-5f82-464f-9110-ffd796f41e6b,2023-12-16,shipped,5779.55,7 Fieldstone Street,2026-02-06
16d123f9-541f-4aa5-a046-c008a1294b40,438b68a5-e46d-412c-81ed-8d9b57ed1f59,2024-04-28,processing,1749.93,412 Bashford Park,2025-08-13
5698eef9-5fab-45e7-b903-af1618c16778,5f27e0c6-0d4b-4bfa-87f0-05b937d9f47b,2023-08-14,paid,3456.24,316 Grayhawk Terrace,2025-11-24
844e7c78-2838-48b5-837d-e46a9d80896b,5e205b44-2060-4327-9cd1-eaef3f85a1f7,2026-02-09,shipped,909.05,3883 Arizona Road,2026-01-06
1c099c09-9a9c-42b1-861f-21cca06e1759,c2463bf8-3089-4779-a1c2-f94f226a33ef,2024-01-27,processing,9753.86,3714 Pawling Pass,2026-02-13
ba385e4f-155c-41ed-a1ae-ee8134a5d1b1,53e6f1f6-6d11-4381-8bb4-b7a4dd8c5aa0,2024-05-04,pending,9420.07,79 Redwing Junction,2026-01-04
3cc89f22-bebf-4bef-b219-5f348cf1fbe4,b6b3f1e1-8521-4733-b106-e351b4f40d95,2023-10-16,pending,476.13,66 Mccormick Crossing,2025-06-06
57b9f3f6-d51a-4ee5-8aad-a099e26506d0,10ae0e23-71f9-433d-95b2-4875bd72549b,2025-06-18,pending,5580.30,9079 Jay Hill,2026-04-24
1887422a-7206-4c63-ae0a-631df5bce9df,131b1be1-9b2a-4a8f-90b5-8fee747fb85a,2026-01-31,canceled,3009.14,8 Summer Ridge Lane,2025-11-16
8a3b158b-2d72-42a9-a78e-02aa56958f8c,4f9b89f7-7a64-4d06-970f-bc4f938cf50e,2025-11-18,processing,9234.50,7932 Park Meadow Plaza,2026-01-24
8d4089f7-b5e5-499c-98ad-2d0c0945c884,4a297416-86ef-4d8a-9909-18f6c23e8cc1,2026-05-28,refunded,6509.99,3 2nd Court,2026-01-25
50ddcebf-9cb3-4f97-b58b-78e5dbf5d5f1,be7a95e1-b2e8-44be-99d5-34edac482c4d,2023-07-04,delivered,6578.25,68 Charing Cross Way,2025-10-04
fb9f842a-2af2-4fa6-a85b-03399c56b1b1,3d4e7411-cd0d-464b-97b2-b90b48e552b4,2024-11-04,paid,6366.59,36015 Old Shore Street,2026-03-08
01829f4d-ef1c-4b69-8d7a-10e2b3076e92,5c17060a-5d1b-42bb-a906-d4e2a2a07bca,2024-08-09,refunded,1782.16,28952 Jenna Junction,2026-03-13
79597d57-b2fa-4bf2-a7ba-50d25427333e,6a205b72-5efb-4a63-875f-640e31585da0,2025-12-25,processing,8742.38,095 Loeprich Alley,2025-09-19
4c7ad248-854a-4113-9bc1-0ee7f6dd0a9d,a900feaa-e364-4208-ae31-c4f9736e663e,2023-10-05,pending,7548.35,9816 Killdeer Circle,2025-09-07
ccf04c2a-ddde-48b6-a5c2-4b03c92efc50,800fa54f-404b-47ca-9169-9d277596c6e7,2026-02-06,pending,508.07,72 Petterle Pass,2025-07-18
5b892d24-83f6-41ca-bb47-90937d6129d6,edce9699-d9e6-4d47-9c3c-eb5992c361d4,2024-05-29,refunded,189.03,8 Summerview Way,2025-10-17
7ad7f4a0-1322-48d8-9443-a76e7e782ee2,bc22c38a-1e52-40ed-80e5-4e47ea3fabcf,2026-03-04,processing,8303.54,91 Arapahoe Place,2025-12-18
995833d0-852e-49d9-b415-d8312b12f6f0,5d1672ef-8257-41e1-b059-f63fc90e7baa,2025-06-29,refunded,3981.01,694 Eagan Center,2025-06-26
e75c32ad-a240-46a0-8ce6-560344366225,3f43e3a2-41ed-492b-8a2c-f4139266bce9,2025-05-17,refunded,259.20,82843 Pierstorff Way,2026-01-20
58d0a7b1-7447-4f78-9786-c410f432588d,21a1d837-fc53-4f76-9e13-49d6a60ef266,2023-04-15,delivered,5254.28,28885 Northfield Road,2025-12-03
880c88b0-4976-4d2d-9c9e-a10fb0385cdb,989b3dbc-ea41-45c8-8305-68bc8a24d9eb,2023-08-04,delivered,4244.10,51 Loomis Road,2026-05-28
5eb9785f-29a2-4a61-b52b-354604b08a9d,3e7daa5d-c71e-40c3-8425-b5d22c86080c,2024-02-25,pending,6743.14,496 Green Ridge Plaza,2026-04-15
15963ba1-4467-455a-9a92-4e23fb42e809,d092d6db-ed0d-4a37-b41b-1127643fc674,2026-01-09,pending,4403.59,03601 Kingsford Place,2025-11-07
3ffed84f-be97-4cdb-9db9-01042dfa4140,8eb57351-95f5-41ca-ab43-18cda29c4d89,2025-08-29,delivered,1433.39,0901 Walton Avenue,2025-11-26
deb2409c-2167-4ee6-bcec-3a0be0f0ddf0,992d3b83-1373-4966-a452-4734f310bee9,2024-12-12,delivered,1103.62,77947 Morningstar Way,2025-10-20
c1fae2fd-93dc-43de-95a2-d8078b1cc49b,ccf3a77e-ebc1-4850-8cf7-5f96d103b772,2023-04-13,shipped,8706.48,07 Manufacturers Pass,2026-02-28
749208ad-625f-4e20-8e7e-44e6de1da3bd,ba840f15-d7c7-46c7-b997-812aa5933bd6,2024-04-10,delivered,5144.94,7 Anderson Junction,2025-09-13
caa97427-a189-4f50-b5f1-c55115d3e68f,1433d52f-c6f4-4e9e-8a63-0bc0cc1f1924,2025-01-22,shipped,279.80,78810 Esker Circle,2026-02-17
f38103cd-17c1-4b9f-8704-f13a36e163cf,899eca9b-cd13-4e90-820b-91c0becd304f,2024-09-13,processing,3534.12,62 Bultman Circle,2026-01-17
ec4a1325-69aa-4836-8664-3f3f1cd8e08a,d8212786-25ff-40a9-9cc0-b6a0d88919d8,2023-08-28,canceled,1967.10,4 Vernon Avenue,2026-04-07
3bbaabb0-34c8-41ed-98b2-c31fef617ba9,f9123942-8fd8-44cf-8b8e-47b4889c04db,2023-06-02,canceled,1780.33,43 Northridge Way,2025-12-17
0c550063-3be2-4534-9e05-3a0dfc6fb897,3abca528-8776-4a56-95e9-cb6a5d7ecff7,2026-04-23,delivered,483.20,90 Bunting Center,2026-05-22
24d242f6-5ed3-4355-82d0-4089b6ce511f,53e6f1f6-6d11-4381-8bb4-b7a4dd8c5aa0,2023-02-11,paid,67.24,3734 Twin Pines Plaza,2026-05-26
20b6dca5-ad2a-442e-a56f-f93746d80796,004ab54a-9610-4e8e-9663-6e47b7e54d16,2024-09-29,delivered,1869.88,3581 Reinke Avenue,2026-03-26
ceac3e38-40ce-440e-90c3-cfb841fca08f,306faebb-6d63-4b84-b778-942e8675f268,2024-08-20,refunded,4039.19,74521 Northport Road,2025-10-30
fa3d46c0-ca22-4486-81f3-030ff2abbc52,1fe102f0-cebf-4d57-8b77-d1be0d74eff8,2026-02-18,delivered,2539.24,0 Vermont Pass,2025-07-04
3422fbad-56f0-477e-86b6-e24488a22932,bd24d0b5-53b8-4feb-a9d4-821baa6427ff,2024-08-20,shipped,2095.40,9 Lake View Alley,2025-06-23
20a3ce32-4f2b-43a1-a2b0-5e252a09d710,a785be33-8ac4-4294-a758-295f267cf432,2023-02-05,pending,9568.82,1219 North Circle,2025-12-04
44fe68c5-967d-4fc8-b462-01e4a6b0e052,466f9acf-6799-49c8-a025-d1da5d182ed5,2023-10-21,shipped,601.62,612 Fulton Alley,2025-06-29
107b56fc-2512-4b24-acc6-b5be0c5b90d8,128de427-a542-4782-872b-96745ec594a8,2025-09-11,processing,6014.82,1 Knutson Plaza,2026-04-04
3b023c4d-7764-407c-b33b-7e9a1dc8395c,d092d6db-ed0d-4a37-b41b-1127643fc674,2024-01-16,delivered,8567.06,826 Graceland Center,2025-11-09
ca3c9794-a963-4a7e-b981-055e2f7fe1be,c3714309-d077-4c64-b8ac-ba03e0421bb1,2024-04-29,paid,7062.18,16779 Vidon Parkway,2026-05-21
f81aa091-2632-4539-9af0-869e6e64d5ee,149ceece-7cd8-4957-8b71-ff2264ccd064,2025-04-06,canceled,1333.51,20905 Sutherland Junction,2025-10-02
622c0c9d-0b6b-4d88-9ecf-e2fdb17790df,e2cd47df-6dc4-4466-978e-57659e5be5a9,2025-06-22,canceled,8142.83,065 Kim Street,2026-01-20
cf128de5-373e-413a-b4f4-5d61f3f54715,4a7e777f-3920-4426-aacb-27cd3b8e5bd4,2026-02-28,delivered,3229.98,2022 Sheridan Circle,2025-06-30
802c815d-958c-420b-98d6-c1dbd40fed97,289f07f7-023d-4b52-8cd8-ea8786132cb2,2024-09-11,refunded,2719.99,03055 Chinook Avenue,2025-09-26
fa5edef3-1546-4a0e-a7ac-22c787971a7c,291d8466-71d7-4e0e-a3bb-1d2e581e3a0c,2025-06-07,paid,3204.47,090 Dixon Avenue,2026-04-17
2e551fff-2705-49a3-ab13-9333585f8556,22c63e77-8b18-4895-9047-62ac4d9d5002,2026-03-11,processing,380.06,010 Hooker Street,2025-07-11
e8e82e58-1618-4380-8387-2605d0bd676b,a53b564c-a57f-45ea-9316-26a14e401309,2025-05-20,paid,5638.46,565 Veith Way,2025-08-20
868f3b02-3de2-468c-ac15-ff3df7e1eac3,1d9ed980-f054-48ce-9617-23b3ce7753a3,2023-12-03,canceled,6723.77,74908 Lakeland Hill,2025-12-16
c537fb17-b024-4a02-9952-e7dde8294a46,5e205b44-2060-4327-9cd1-eaef3f85a1f7,2026-02-04,processing,3772.81,835 Luster Place,2025-08-24
1a468aab-0c8a-4bc6-ac5a-0ff56dd328e9,c26e526d-3ff3-411d-aceb-1bb33b8cb849,2026-02-20,pending,8962.86,9 Anzinger Junction,2026-05-17
4dd5c8aa-0fad-4eb9-877b-f30eddc9d588,f143bf01-5a4d-410c-ae0c-ac4b7e8d7107,2023-07-02,processing,7499.38,5357 Buell Junction,2026-04-05
5cace5a5-7d6a-4f4a-bb01-d216254e4fb5,5ead03a3-485e-425e-a12e-b4a531efd00a,2025-12-10,delivered,1492.60,13049 Dawn Avenue,2025-09-24
6a8ec446-7558-4e7d-ba89-301280cff46d,3dba1432-9fb0-4608-a03e-1eb545740a92,2025-04-25,delivered,9630.60,4 Magdeline Alley,2026-02-20
c454f249-9b0e-462e-aa25-b09eba5a36aa,1f255086-f5df-4afc-93ae-21489251a6ae,2025-08-08,refunded,8524.53,86 Coolidge Hill,2025-06-12
7a317c53-527b-46fd-87db-834dd83ff792,262f7fbc-aede-40a3-b0ab-ef65fcd89e32,2026-02-17,delivered,331.76,2 Starling Drive,2026-03-17
13365237-ea57-46cd-8d84-1c31cc16b028,cbc25fa3-821e-41b6-b5ec-753f4d7c3cd0,2026-02-25,refunded,2343.81,4126 Hansons Drive,2026-01-15
