id,order_id,payment_method,amount,transaction_id,paid_at,created_at,updated_at
79a272ef-d09b-4ef1-b4a8-08685ab040ca,82151bd1-1a66-4611-99f4-111e7b57c5a1,check,6599.65,15556875-f158-4eb2-ac76-9dd38cf8926f,2025-08-14,2026-04-21,2025-07-03
3520a746-2a3f-4336-a696-f13ffc5db3e8,80802f72-3d50-4ec0-a591-61ae30dc79a7,pix,4960.38,0fb9fb63-6d3d-4346-b0d3-9a5fc9444f48,2026-03-30,2026-01-21,2025-11-27
53b8ecc1-bd77-421c-ba58-a838b55cd7e3,f18ce207-7a58-4752-945f-64877d48f7b5,debit_card,2264.92,db1ada99-085a-4264-b1e2-8a8963531458,2025-11-04,2026-05-04,2026-03-08
63acf57a-b3ce-45c8-9a7a-eb2b3b95a7d5,6101fb6f-f7ab-4699-9f3a-d0b54c068fcc,debit_card,8625.4,5f9493de-3a1a-4fbb-a941-50ebb9839ae7,2025-12-28,2025-11-18,2025-11-01
fc8f3460-4f47-4b73-8763-929ea69d1cf6,20a3ce32-4f2b-43a1-a2b0-5e252a09d710,check,9568.82,c0539aed-6c79-4663-98eb-2398d997ebc0,2026-01-29,2025-08-30,2025-09-19
f2fe5d88-9e45-46eb-a7d6-7a6eb5ee9f2e,e4ae2717-2d63-4920-bfbf-933a335adfef,credit_card,1582.58,26c02c8d-91f2-4eda-8a55-d98644bb17e4,2025-10-29,2026-03-17,2025-09-23
336126c9-0431-4b0b-a91e-b63d015d5445,7de34403-53c5-425b-a380-d6cf87b96787,debit_card,541.74,d58efd15-a467-4919-9e26-798226dedf36,2025-12-20,2025-09-13,2025-08-18
85aa67da-7319-45a5-ab93-1ae3f6142969,2dd8a3a2-bc87-4cbd-b460-fcf555846f78,pix,8282.75,a2045db4-062b-409a-afe8-9cec2f68675b,2025-06-22,2026-02-21,2025-09-07
3d459010-113e-41a2-b09b-68d4099b71c9,8f62035d-1891-4785-b495-04894a7ebe6c,credit_card,5859.85,c94dfe1c-3860-452e-a430-f72c17561319,2025-07-21,2025-09-26,2026-05-27
1914d0b0-67bd-4c8e-8d2d-c065a0565bc2,32e3adae-cedf-4789-a4a6-17e34c2ce261,pix,8227.76,7618197b-5681-4918-b46a-6a90654deb89,2025-10-19,2025-09-04,2026-01-06
73424a64-4e18-46d3-a2b0-779d69e19533,89aebb63-f6a6-4c89-8e52-1b3b091eac88,check,781.41,b124a481-1797-4638-b30e-437cd69ece94,2026-03-27,2025-07-26,2025-10-18
369a1cca-4a2f-4963-b327-ec213a06017b,51d1e637-681b-4938-b974-a36cac1cbfc8,pix,685.43,4ab57f98-6d04-4fd2-b677-7b9a159ba7ab,2025-11-21,2026-04-04,2025-10-02
29029688-a778-4187-bbd2-9d5f1a088f6f,16d123f9-541f-4aa5-a046-c008a1294b40,credit_card,1749.93,65131157-5f10-422f-861b-f912501b8321,2025-10-14,2026-01-10,2025-09-21
549119b6-8e6d-4d6c-99b5-b3babdc8d0c4,0162b723-91cc-4ecf-9ee4-b589174c4572,check,2680.78,29ccaee4-ca95-434c-aba5-0801aaf1e8a6,2026-04-18,2026-01-31,2025-10-30
da16dc9a-92ba-453f-b9fe-9bc91a0b1499,5a4a0d52-4be9-4013-919c-48f91cf5bffe,debit_card,6630.93,1d8619b3-c91e-4801-bb1a-1e46a571c546,2026-01-04,2026-04-11,2026-01-29
ce0b2a1f-c843-452d-9ba7-ebbe56463a86,3449dc70-62fd-4efb-8c66-f315cf287e95,check,8496.51,0d720dde-ae44-47b1-bc91-aa23bc8aeaf3,2025-09-27,2025-12-16,2025-11-21
13593001-c78d-49b0-ad4a-690f846e6a58,de989ffc-2ba0-4ae0-b0d5-cafc72099d55,pix,2570.85,86ac6388-f432-4923-8d8f-622fddf8ac3d,2025-10-15,2026-01-24,2025-11-27
8ab96a23-af0b-4d6c-9fe4-e319f3b06fba,1f4972bc-c553-4664-958c-c84739cbff86,check,9111.37,0632afca-e93a-4574-b877-c4fb4fe6d048,2025-11-26,2026-03-13,2025-12-25
43a8ba70-05d2-47a0-b70a-a24969c3613e,4e3b5fc7-c078-4b1a-9917-b9bc81c641ab,credit_card,1379.08,a1c45ca8-6b1b-4bf4-9d4c-0ffe315adb2d,2025-10-08,2026-03-09,2026-05-25
d6a19246-fb52-4fb4-8cde-a3a857a8304e,6d83e150-6201-474a-9438-b5e71410dcb4,check,9957.71,fa33988d-8bab-4bb1-928d-ada9be1f518b,2025-08-18,2025-07-02,2025-11-16
9d866428-c7de-4594-914d-902ebf851813,d77d6403-e07f-4209-93a6-9672613fe88a,credit_card,5904.32,86db87d4-ca7f-4ad1-8ffb-b209f85c372e,2025-10-21,2026-01-01,2025-09-12
2d2f8ee3-ae1a-44a0-9836-a9445e00c23f,3b023c4d-7764-407c-b33b-7e9a1dc8395c,pix,8567.06,6c35f568-0eee-4397-a1ab-63ae0e931a92,2026-05-27,2025-06-06,2025-10-07
0c1a7ab9-8b01-43e5-b790-c40811367ae3,136ba8f7-58f6-400e-987a-3d6c4153bc56,check,3624.21,2ac1b961-bc54-4315-9a7e-da9e482e7ba9,2026-01-16,2025-10-26,2026-03-24
5f35743c-7282-4a31-ba0a-fabd1a460248,9d4bc32a-d632-4a27-89ea-d5daeffd2318,check,7397.6,621ccb20-37ea-47a6-b355-8d0406b9be78,2025-08-23,2026-04-25,2025-06-12
d44d1d8d-16e1-4d5d-962f-3c5a0c89dcb5,a25c1503-f713-4436-a793-e2ef8372aa8b,credit_card,7054.17,62704a40-87f3-44cc-9d60-5f3338236dc0,2026-05-24,2025-10-15,2025-12-16
7697ec01-113a-4c33-b4e7-18132619e684,460251f6-eaf0-475c-bb66-cec56a8c57c5,check,6229.54,fff475ce-3f09-4562-8aca-ef4a07898f62,2026-03-17,2025-11-23,2026-02-01
4241f0c2-d0ac-48d5-b89b-246755fbad98,3143abfe-9694-486f-976e-8ab22a453d50,debit_card,1763.02,c8a307bb-2b8a-4ec2-a502-aa0ae442e303,2026-02-20,2026-04-01,2025-09-23
64483419-f015-4194-940d-53df1a19c8fa,7b95ab83-9dba-4343-801d-c568768e9fd9,credit_card,1581.63,3cfa4152-6380-465b-81c6-e122fa2cc893,2025-08-26,2025-07-25,2025-09-14
b4966b5d-a959-4444-8c3d-7635d05eead5,18de7b04-236a-4d7b-8aa6-5e376e5775f8,debit_card,8863.95,a9d73f7b-ef8e-4f1c-b1b0-436cedeeeef6,2026-05-11,2026-04-12,2025-06-11
8ccbaa6a-0d7b-4822-8e59-e38a72ce0e77,f32ce43a-8c3e-458b-ba00-820f387c31eb,credit_card,4213.45,1f28339a-c927-4abb-b8e3-ae5fd1029301,2025-07-23,2026-05-28,2025-10-16
ddf90f08-bcbe-4465-a4ec-1a2bfe4bf741,79b4f34e-5f21-4c75-b29d-c9e34396581a,check,1639.78,643b6907-3039-4833-b1e5-0b99da51ef6c,2026-05-21,2026-01-28,2025-08-23
89a899ff-5885-48c5-b902-81e48e21b63a,20167e09-f80f-4609-8946-0d283173a222,pix,320.15,3ddb942e-0243-4a0b-903b-73550858d54d,2025-12-12,2025-10-12,2025-10-13
bfbeadaa-f7c5-4d31-828e-bffaa8cf67bb,999d658e-88d9-4a3b-b593-9b80ba09a119,debit_card,8739.43,1a49b4c1-a9ad-4d07-9ff6-d72c47fbb5fa,2026-01-21,2026-03-12,2025-11-08
42e40ddf-53d9-4f3f-9b9a-1533d068563a,bc435eb3-7176-4a08-bf19-b762caf5468b,pix,2243.85,5e4731aa-9961-4098-9f20-adbe4fdb2fdc,2025-07-07,2025-09-17,2025-11-17
8724c5c8-25b8-442a-ad6e-d184e331b27e,203d0609-1544-46b7-b538-fbe278b389bb,check,2631.21,ee443354-b87b-4a72-a321-90ac3274b970,2026-02-26,2025-06-01,2025-08-10
e037b8ca-11df-4026-a02c-39594ca9202c,9d4bc32a-d632-4a27-89ea-d5daeffd2318,debit_card,7397.6,fc285903-0ba6-42fa-ba3d-5f4b522c193c,2026-02-03,2025-08-03,2025-12-16
ee5d31fb-5fcc-4e8c-9001-b7ea98c19433,14dd4f3f-d877-42e4-b51c-4f85bd554cc1,pix,9781.86,51ccfeab-8520-4f6a-bc9d-dca7a319d714,2025-09-03,2026-04-20,2025-10-19
06707af5-c2bb-4bbb-830b-ecdcf1956b9c,a7e71cbc-b4fa-4e99-bb53-05e7e8350c9d,credit_card,8478.95,52e958fc-2261-4bcb-b773-b88c0a4fe8fb,2026-02-17,2025-10-16,2025-06-10
2a98c652-9a86-4cc1-9e8f-03f6c88bc65d,8f9e0508-d24a-4a65-ae1a-4b78d9f8f6b7,credit_card,7052.63,a0c49416-f220-4741-8f34-52e75d1308fb,2025-11-12,2026-01-06,2026-02-24
5a5408b6-ff77-4f50-b708-891e9a30ac34,96c8249c-08cc-420a-9615-a574a023d05f,pix,986.85,a4a9890f-7713-49e5-9321-77973b7ff1e9,2025-07-06,2025-08-18,2026-01-15
41fc8d90-6525-4911-8736-f50d6e94ca89,c454f249-9b0e-462e-aa25-b09eba5a36aa,debit_card,8524.53,b3c2f9ef-92f0-4f67-be94-de06aa666a93,2025-08-12,2025-06-22,2025-11-26
8e492821-33a0-458a-9f9e-0ac57d024121,c8fa418c-1e91-40cc-a011-2db3b80dd0a3,credit_card,2938.21,f3ec6411-c4c0-4170-846b-43717d3e0b35,2026-03-19,2026-02-19,2025-11-27
5ce6b7fd-b517-4d2d-ae18-3eb84bf022cd,2b835467-e573-4b55-9973-1ae658026879,credit_card,6827.44,39cf5f30-2dfa-4a45-9af3-ff4cdb4228b1,2025-08-04,2025-11-10,2025-10-17
46b0aac2-0a29-4ead-80bf-ab561664d5e5,4cfac07e-5241-4cb0-a3b9-d5eb2f19eb60,pix,6666.21,36a6435a-f1ef-4482-a8a4-5215613d45b3,2026-05-01,2026-03-25,2025-08-28
8fc4ca26-e8e6-46de-b2b0-02fdbb65cfa5,0bd19e0e-2e5b-458d-ab1d-67db3cf1f99e,credit_card,2502.93,c35d3caa-9654-4f1c-8047-3d7fa1b0458e,2026-03-16,2026-02-24,2025-08-08
0106ade3-cbff-4021-be44-c09251af15cd,9cbb112d-0b34-4142-9b67-ddb7952a53e6,credit_card,4938.58,129e070a-f819-4b55-a105-5f6662eb4ea8,2026-05-21,2026-05-08,2026-02-25
b559c239-0bfc-4194-8266-fcab9799f985,fc32ac1b-eb4a-4099-a202-f08943025ec2,debit_card,6172.96,4789af0c-06fd-4638-99f5-02a81642b693,2026-04-29,2025-07-08,2025-09-18
4893d656-8b59-4d60-babf-f4e7667d5968,ad6dc67c-6017-4145-9acd-e72bbe6dce81,debit_card,2379.83,b304ce31-4e90-4be5-88a0-db9b2d45ce6a,2026-01-08,2026-04-18,2025-08-31
54eeb20b-0ec6-4c21-8a36-c00198217d4d,20a3ce32-4f2b-43a1-a2b0-5e252a09d710,check,9568.82,592c42b4-57e0-44d3-ba48-ff1a71a4d9a2,2025-06-01,2026-04-07,2025-06-19
c7a8d250-f420-45e8-a2ab-c1ddc3cc312f,b5ccb048-692f-47b8-88bd-26f1455fc4bd,credit_card,6317.41,6c456dac-5da6-4d96-b423-6e2eb88fe09b,2025-08-19,2025-11-05,2025-08-09
f53e95ae-7256-4d75-999a-3b1ff96d98f5,c4edeb04-afef-4968-85aa-20e308ea3395,debit_card,2589.81,6fbe6e96-c971-4ea3-8808-2a5006fd5e6f,2025-08-20,2025-12-04,2025-10-21
0d0ea277-7444-4049-8f28-c543185ff137,ccf3e812-bbaf-48a5-9121-a1789639cdba,check,9264.17,79a73299-03e7-4840-9b4d-7087d73a1c83,2026-04-28,2025-06-24,2026-03-24
60585d41-eb32-404f-8b0c-63ce2a902c13,c520f34f-5e37-4373-adec-aa1877f18bfc,pix,1393.37,5fa3e6d1-e45b-418d-a730-182cfd250f08,2026-05-17,2026-04-05,2025-09-28
a284afb8-407b-4703-86d2-1ed7cf4eb076,040cfea3-e446-422c-9496-31bd873f67ed,pix,6373.67,83d8aca0-a87c-4ca1-9662-f26e5b4b282b,2026-02-08,2026-02-15,2025-07-27
94f76ca3-74ce-4b5c-9321-68bf66c4ad34,42027d73-2588-48ae-8ef0-0b6454c6c636,pix,6135.82,ce7124c1-1c18-4fcf-92af-ca5b224553a4,2026-04-18,2025-11-11,2025-11-11
09e9a177-c58d-46d5-b946-fe0552df6130,bd39e781-f1d4-49dc-ac0b-1beb61f22ca1,debit_card,5166.73,e08e83dc-9e6a-46ff-bfb5-d80da2024794,2026-02-17,2025-12-06,2026-01-31
29102c1c-3366-42b0-8775-0acf8d9607c5,0cdfb29a-81a1-4a59-9b4d-96898bbdac78,check,4068.67,6ff1b9c7-c31d-45df-b3f9-d114c8152a1c,2025-10-06,2025-10-18,2026-03-13
7c4ad8f5-7fa5-4b5f-9044-dbd889602865,650055ba-b6c9-4945-bf14-d60ae0585dbc,check,348.21,8d250d1b-6a60-4949-b269-918b33337201,2025-11-22,2026-05-17,2026-03-30
6fdb43ec-35ce-45cd-9c59-7f390e5bda7e,96f30ffa-6d02-44b8-a69b-d7c79bca15f4,credit_card,6519.59,774043a2-fe0d-4a9c-8053-d4e91efd6802,2025-09-08,2026-02-13,2026-01-29
9ca657f2-01aa-46db-91b4-ffe6f9fde0cc,eafae743-2a80-4703-bbde-fba8989b311c,debit_card,36.04,27fe186e-f107-4984-bedc-41e731dddf0d,2025-10-17,2025-08-04,2025-09-23
16736391-a3e2-4de8-b467-2b0794f33673,62abf084-8485-495b-a81d-efa981a5d6c4,credit_card,8203.95,cd904eab-812c-4c22-ad03-3c02a33fd29e,2026-03-03,2025-08-26,2026-05-04
772cf3df-6ce3-43a2-8ca9-cc3e8460783a,e7b6c52c-54be-4c08-b0bb-7e4e4b80eaab,check,6491.8,d1e41958-59c5-4d17-9ecd-ece9be88cd68,2025-08-23,2025-08-15,2025-12-07
2f2adfbe-1d20-4f26-a9d0-2917cc0a66ca,164d2931-2f5d-4cd8-b879-a45f0a154486,check,3438.65,653bb62b-b123-4c38-98c2-3017a85c9248,2025-06-16,2025-09-15,2025-10-23
78366c60-a81f-4604-9c5e-1c041565361d,a70f8cf7-576f-45a7-8e91-a4488a91a223,check,1497.63,20d0283d-a4a3-40e8-bb2b-4c74ec62cdc2,2025-07-24,2025-12-01,2025-08-17
d5524cb2-1353-4196-bf38-8031d21f2e89,b5ccb048-692f-47b8-88bd-26f1455fc4bd,check,6317.41,cb7e3f98-02f8-421c-9f79-28dc1a9d0f0e,2026-02-02,2025-12-23,2025-05-31
683f8428-d6fc-4697-afbf-4247d823aa80,0917020a-9232-484a-a03d-0d0de41fb98c,debit_card,2384.27,fde41e3e-a2b0-4370-a608-dae2791f042a,2025-09-19,2026-04-02,2026-01-10
d54a0600-6470-4f15-bb67-0b924a25f490,af8a2de5-6b89-4949-a38c-a6f408dad615,debit_card,9387.62,dd564224-4fda-4a71-9508-c19ecd5b68e6,2025-09-22,2025-05-30,2025-07-20
679999af-1763-435b-9ab5-422bd6f87e60,cde794d0-9075-459e-baae-51cc6030fe4c,pix,7253.26,0690aa0f-1473-4b80-9dac-c86e853eb2bc,2026-05-12,2025-06-13,2025-12-05
6d805312-2337-4956-830a-b32ddee0a95c,c7c85a7f-6d64-46e4-9179-30d92920e007,credit_card,4702.97,6f6b6190-9a52-40e7-b601-dd1c6f893f72,2026-01-08,2025-09-01,2026-03-17
a0a9f59b-d517-4381-82a1-fe272f974aa0,bd3ae956-160b-4de0-9cbf-db233fa787d2,debit_card,7352.36,cb242d4f-af92-4dae-8900-f4092cae7ede,2026-02-07,2026-02-07,2026-04-29
3bd46901-5fd3-449b-a0a7-1dbef46e90a2,05832e56-2630-4338-b1ec-11033c7df866,check,984.46,2fed5b06-0e6d-47e3-9465-f1c1ed211abe,2025-07-23,2026-03-02,2026-03-10
50911882-d9c4-43fe-9d98-9c7f8ecf5cbd,76d463be-1a66-48c2-acf0-940d325d88a9,debit_card,5944.9,058158f8-d505-41e9-b03b-9c17bef75724,2025-08-15,2025-10-22,2026-04-11
b87f50fe-2c56-410d-aee6-cd661e14ec60,fdcb0ba1-40bc-4a94-8127-a5120f3d4d5d,check,3805.84,5b6b9e2f-e0a3-4a0e-9665-abb2a923e5c7,2025-10-28,2026-01-28,2026-01-01
aa6c07f6-2da9-4706-af7e-a9647c31fe3c,1a339aba-c303-47c8-b6b9-1fc8cbd44232,credit_card,2236,29b9d8f9-1115-4f25-984c-7c756a8ade4c,2025-07-26,2026-02-27,2025-10-21
3b975797-d485-4009-b475-8cf47a755701,7f94c880-10a1-4b61-89e2-bfb382cd87d8,credit_card,4849.95,57cc0605-bae8-4abd-b187-359f1163255e,2025-09-24,2025-07-16,2025-11-21
a040e7c4-1213-446f-b8dd-b6b60c277a01,b8037550-8aaa-4863-aead-0a35db607ae0,pix,7159.02,c206fa4c-cfef-4daf-90d0-521c8b1e78a3,2026-05-10,2025-09-12,2026-03-31
ab3cd869-e14b-49c7-9ff5-9cacc758fcac,ef400a6d-2e97-4d7d-80a0-8802f26f15ec,credit_card,1282.75,7e1a0856-d53d-4a4e-9def-bd97d32d12ff,2026-01-02,2025-05-29,2025-07-19
7db07d6f-2ffb-484f-b16b-7ede446651a0,a5b00c82-fe5d-4fa0-930b-7ee8542d3f9b,debit_card,8871.41,d6dbe497-414a-4637-9c5d-f33a647fc0f6,2025-12-18,2025-07-03,2025-08-12
27d718c6-38b7-4dae-af52-2cb68012a5f7,d8c9b6bc-d2c7-4286-8c6d-b0f3a2a303b3,check,6837.08,16178b6f-961d-42dd-95dc-6ce46ab58272,2026-01-22,2025-12-22,2026-04-15
f775fa18-f6f2-45a7-9161-fa71a52f1a75,25861597-657f-4efc-8e1f-ae5689d7af3c,pix,4220.75,224efb5c-5619-444a-a074-544c9029a835,2025-10-02,2026-04-21,2026-04-03
6dac2b57-ac03-4995-ab97-cf8e517ca1ac,9d1d378c-e300-40ef-acdf-fbfafa5f3105,pix,6593.67,64d1aa13-909d-4adc-bf7d-4570d6274048,2025-09-29,2025-10-24,2026-02-18
cfec2d22-1fee-4808-9f6a-cf3421a70225,fb8fe3d2-1a74-4acd-99df-c9782fae8afb,debit_card,5587.76,45231d62-e64d-4887-b839-2b1b492d418f,2026-01-30,2026-04-26,2025-05-31
1944b385-3b18-43c4-97bd-af4a3e020ea7,491bfd74-8bd5-4e9f-8bbf-02d54818aa52,credit_card,5482.37,106cc854-8c54-4dc9-97e9-ec7332df539a,2026-05-11,2026-02-20,2025-09-25
1eefb74a-a953-474b-b732-99ae8d6b30d0,89798284-3568-4124-9fb2-3292fc71c0c1,pix,5703.85,a6c4c537-7b9e-49fb-b871-babfe7427553,2026-01-10,2025-09-30,2025-07-18
0ba6f631-397f-419c-934e-4d01e56b4e81,c9cc0581-9ddd-403d-bfd2-2e9489deb9d8,pix,3790.72,52b10683-d2c1-4d27-aac3-087d5ebe3467,2026-04-26,2025-12-19,2025-08-17
96d4d376-3215-473a-b403-e0aed423a684,24a06a6c-2a6f-4ccc-b987-7befb62868cf,pix,9698.58,cad085b4-6e28-4dcb-903c-2f7467192af1,2026-01-02,2026-05-06,2025-06-02
349903f3-a455-436b-9e2e-f79be4975882,07d6f6c6-604c-42a7-a248-c5f133ba5544,credit_card,3768.85,8697e695-1461-4348-85d1-3c6e388db805,2026-01-15,2025-10-04,2025-07-20
50bc2e81-be23-4881-be63-b2ff3a5d3302,ecc74b69-0f5c-4614-8d35-386c2b13446c,credit_card,4216.21,feb96c95-e056-4f52-b5fc-4a018bbef926,2026-02-10,2026-03-26,2025-11-04
fbbe741f-cd7f-4991-94ca-d37b882bdbd2,6b1c3eb6-0382-499d-adae-ab649885d3bc,debit_card,3828.6,adc1c226-aaf1-4bea-8800-2c2f544e17b9,2026-01-23,2025-08-25,2026-04-16
fa76c49f-395f-47f1-8ecb-c3eca47b27b7,0d5ffcf5-5517-467f-9d38-ecec31c58eee,credit_card,5675.09,0039c0b3-a7b5-4215-ac50-2d149bd1598b,2025-11-02,2025-10-21,2025-11-29
fa2f53aa-692e-43ae-ba40-561f5a3b69e8,57cbf303-8a93-4f99-a65b-a1107a61e9e6,debit_card,3853.34,9647bd45-2275-4815-b359-88fcfefa5beb,2025-11-05,2025-08-25,2026-03-04
6e61c38c-e0ab-4525-aabd-62f96626814e,bd3ae956-160b-4de0-9cbf-db233fa787d2,check,7352.36,3ce58e67-a1da-4295-8647-26b00c4d225c,2025-07-09,2025-07-01,2026-05-14
26dd3800-d782-4df8-9732-cff70617c02d,2b835467-e573-4b55-9973-1ae658026879,pix,6827.44,5b00c7d1-bd68-466a-8dc7-0d09cd127369,2026-03-18,2025-10-20,2025-11-27
2699e186-80ae-44e7-b4d7-61816592a357,df6471fd-c4bd-42f9-93ab-a2c82e459de6,pix,7560.58,75e348e7-c8e5-41dd-ba94-747056bf5325,2025-10-17,2025-07-08,2026-03-23
3442ff6d-68ee-4279-a9db-790e7db68dd8,9d4bc32a-d632-4a27-89ea-d5daeffd2318,credit_card,7397.6,ea60632a-017d-4ab4-b543-3701741cec07,2025-08-31,2025-06-01,2025-09-17
d0b9d11d-5e7e-4551-bff3-9c899b15e9ab,7c840b68-6ae6-47a0-bfd4-5640b3d21550,check,5825.7,103c2d9d-54f5-468d-8caf-0f418b1df723,2025-12-09,2025-11-26,2026-03-25
d8d8829b-067d-4840-9dfe-d38c1b06d03c,d7f8c7ea-c9b9-4eb6-b8dd-99aceb119caf,debit_card,2808.64,93a71a7e-87be-42ea-a63a-6f0979c83698,2026-04-29,2026-02-21,2026-02-03
e64a62c2-f5e3-4305-92ce-6d5d97cd19a8,756daa27-2c1f-4338-8dc6-b275a114a273,check,4906.82,3e3ae81f-afd4-4c38-b419-c80f30aff6b8,2026-02-17,2026-01-01,2025-11-24
16fa64d8-bdf1-423e-829e-b9f4ebd65687,23b0abb5-0d5b-40dc-90ef-dcb51731683f,check,5682.6,0c8c9d44-fe88-4a62-b8d5-4b7938778241,2026-03-27,2026-01-16,2025-12-17
810991fa-14d4-4f24-ac1e-4a94209e3ac1,bc7d4a16-a786-4bee-804c-f62a8092a8aa,debit_card,2558.11,81cb2776-d3e5-4cb5-964f-7463a56849e5,2026-04-16,2025-06-08,2025-09-06
1e1a6227-b0f1-4fb5-af0e-7b60f01ea3af,29674d47-01fd-4600-a86a-d3c0aa002779,debit_card,8917.11,43ecf169-9bf9-4f06-a6b4-369b6f841a77,2025-06-18,2025-12-24,2026-02-04
7bf70e99-89ee-4363-8cf7-ef18d40f1bb2,69a294c1-3b42-4025-8316-5628501b45a1,debit_card,3501.46,9f353072-a6c0-425f-9173-fde0970df72b,2025-09-15,2025-06-21,2026-02-10
b1403170-e336-4c60-8d9b-36e41b72d29f,cf0170c4-b338-49cc-a932-4f5f4993d932,check,566.42,09e50535-f07b-405d-b3bd-6238cf6e0fc1,2026-02-04,2025-09-01,2025-07-23
c9602979-f3b6-4f33-aebe-fdc401c0dc29,cba55283-1886-4a40-9434-eb3cfda5d3d9,credit_card,919.57,263337e3-1069-4e42-9c11-11cf588f901d,2025-05-31,2025-06-09,2026-03-24
8c24e10c-2861-4aa4-89e5-d9276e316f78,45423d50-6c43-444c-971d-ce8bab9e90cf,check,4637.83,f506c44e-7a45-4080-9c9b-6aff8b63c604,2025-09-19,2025-08-24,2025-07-12
3c2ab924-d5cf-4efe-8b84-124e452afb6d,92d75343-3b39-4ae3-97ba-c96a8e83a950,check,2711.49,58b598b3-2d1f-4db0-85f3-cc953bc6e061,2026-02-07,2026-02-03,2025-09-14
cf47c753-4c2d-49be-8af4-718c15935409,b48475c7-2ccd-4a72-b70c-4e80c099e4db,check,9063.19,bfacc0c0-d440-4a0f-9cf4-2f81f3729c60,2025-10-01,2025-09-08,2026-01-16
9ed75c50-3546-44b7-9232-6b9ed2dd4b2a,1f46186b-4b02-4d5f-9de7-24b02ab0764a,credit_card,3355.73,f3c095e6-bf5e-48ad-87d7-4be27d154056,2026-04-26,2026-02-28,2025-10-25
25f13496-2bbf-423e-b19b-c18b1ef82cb6,7276a1b7-a7d6-43c1-8d4a-bffd636896fa,check,7769.05,8e0bba7b-432c-49cb-8b38-b7aff7da6339,2025-09-10,2025-06-04,2025-11-09
eb9b99a4-cee9-429a-9739-e85eceb29c76,adf0db66-84e2-41af-ac2f-a177644f28d5,check,1973.46,eb3bb1ce-feda-42bc-b5e7-17ae83bf0c3b,2025-08-24,2025-09-09,2025-10-30
7d30a7b9-5d16-4e46-99ef-7245931be1d8,28efb9a3-201d-48ae-80ab-dbce98817572,debit_card,9014.84,36277448-7a6e-40e0-a0ca-a95dc1838cff,2026-01-30,2025-12-11,2026-03-03
3e24ed1f-bea3-4768-937e-4c31187828d8,b7c094d1-0dc1-417a-9090-b0067cf9e48d,credit_card,3886.32,4f001a30-ad1b-4ee6-9195-ffc26fe0aed5,2025-12-05,2025-12-22,2025-06-07
d21ef248-3549-4bde-bf52-a04139dea2de,01dc5a70-c8ad-40d0-9d2c-54986c31766e,check,79.96,8bb3a512-464c-437f-9f0a-6c21612ba589,2025-07-19,2025-12-18,2025-10-09
d5bb9d96-a710-4b5f-a413-f9a078a7790d,eceff1e3-c7b4-4536-92e3-159f2c9665f9,check,8977,91ad1472-3ab9-40b5-b341-7503253aabc5,2025-09-18,2025-09-23,2025-08-16
2c25cdab-9217-4755-a91c-cd663caacb06,caa97427-a189-4f50-b5f1-c55115d3e68f,credit_card,279.8,0a94b65f-01ac-4e87-af13-518d27cd799d,2026-03-16,2025-09-25,2026-01-20
4bf8742f-8647-4a1a-9beb-762222289475,87549b99-86af-41be-a096-25039425c56e,credit_card,4872.16,2aef8ad7-9061-40cf-ba0f-0373b18ada8a,2026-05-06,2025-12-17,2026-03-25
d7a35151-4e03-4565-b95c-f749ba3b2b0d,ba94de12-38a3-4ce1-a3ac-b9f0e71e797e,debit_card,6513.85,9133d5d3-4f2b-4fc1-81f0-31b47c451cc6,2026-03-21,2026-03-05,2026-03-07
10b930f1-d10b-4075-9b69-8bb113fa9380,b5d6c4bb-ddf7-42c2-ba7c-7ad3dbeea05c,pix,9467.22,8e0702f1-256c-43cf-91a7-90e284deee26,2026-02-17,2026-05-16,2025-09-02
b35a7bfb-2736-4350-9e47-ffa686c6d9fb,23ba5542-1e15-40a3-b718-5be5bd537c9f,credit_card,4935.14,87fc5947-35e2-40ed-aaf3-25505a56e7fc,2026-04-24,2025-11-01,2025-07-26
821d1422-8ce2-4f13-82d1-9c3cd572df40,97e84fc5-308f-40e9-b8bc-9ad5f1aaf564,debit_card,2634.95,aad02416-fd3a-4efb-b8af-02b5082d8f89,2026-04-11,2025-06-13,2026-02-14
16868040-4cab-4b10-98b4-81b5a72b9a71,5b892d24-83f6-41ca-bb47-90937d6129d6,check,189.03,ca5d1d96-e762-41ba-88d3-facdcbdce3db,2026-04-23,2025-07-03,2025-12-06
c8aa1101-1ca9-483c-af06-724fc0a89d07,239a13b3-6930-404b-ae76-02d3a916138a,credit_card,5317.52,656a9b23-c581-4b3f-9901-71e2d1fd65d1,2026-01-11,2025-07-26,2025-08-11
5cdd4829-c6cc-4576-addb-057f4ff2e97d,91b9456b-3234-4fee-8e2b-486fb404dc7a,credit_card,9157.26,ab2e0e64-143e-4cb4-a28d-27855698ff1f,2025-10-13,2026-02-07,2025-09-21
1ffb7017-78fd-44ff-bded-390ac0641786,2b365453-c8cb-4829-8a3d-e82eb9b71690,pix,6557.98,b7bdfc71-7b66-4363-a6c3-d147b7543168,2025-10-11,2026-04-04,2026-05-28
172b0f19-398e-4c87-a3ad-be95940db98f,2b835467-e573-4b55-9973-1ae658026879,credit_card,6827.44,c3a9806d-132b-4cf8-b2c5-ab62744415e6,2026-02-23,2025-10-04,2025-07-11
bc0b866d-682f-4529-9020-5bbe3e1d6bc1,280eafd7-f5d7-48b8-a419-d8153b07b252,debit_card,3303.48,a7c31751-491b-4578-9637-779ce348c029,2026-03-04,2025-08-11,2026-03-15
a6eb6541-bea9-4194-b9d2-fac51db0daf6,392f53d5-f029-47b8-bd64-86c1424fb7e5,check,1464.81,c515499b-4560-4b89-ab47-fc75037c107a,2025-12-04,2026-05-24,2025-11-20
2f9be19b-3eb6-4693-a846-d68345c91989,6c645596-25e9-4ccd-8564-e7cdb4f2b59b,debit_card,3693.55,cdfc5d1b-1b1c-48bd-a8d6-1cb17cd31235,2025-12-22,2025-11-21,2025-12-28
f5d55d4a-8155-4f40-a20f-c6b33d5d2192,38786736-2d81-4296-9f4e-e78bb6883923,pix,2656.1,b143350d-c966-4a87-a091-ad88ea9dbfb3,2025-08-11,2025-12-27,2025-07-07
7d8b6b96-c64d-43f3-8c37-7c5f9789cbe2,3143abfe-9694-486f-976e-8ab22a453d50,check,1763.02,ed3083dd-8043-44b9-9d81-bcd342241a40,2025-06-17,2025-11-07,2026-02-06
4bafff0e-4737-4c0d-8019-5c842f2c90d6,b26c6575-9aaf-4083-aa0e-6158f207bf24,credit_card,6422.13,6ab864f7-d238-42a5-942c-5b5cf1e77f3d,2025-10-28,2025-07-26,2026-05-10
294a084a-3abd-4766-b1b2-45151f9d5405,ee12442d-7655-444e-abe3-c0bfb996294d,check,645.88,9966dd23-5fad-4caf-8ae0-3add3df98b92,2026-01-05,2026-01-03,2025-07-12
0c946673-1c9a-467a-a573-0f0f5dac553c,3d5590cb-7de0-4460-a5b5-b21177a54e2c,pix,9996.95,31606d38-fa90-4bf2-8d93-3aded0f69045,2025-07-11,2026-03-18,2025-09-10
ba39e81b-892d-4286-a7eb-b01d6f695614,136ba8f7-58f6-400e-987a-3d6c4153bc56,pix,3624.21,2e14bf8d-3341-4267-bc6d-645b2fdd749b,2025-11-30,2026-01-06,2026-01-20
d3f17973-9188-402c-b8a5-d51b77157aa6,23eadb99-4f68-4498-82c6-0ef30d453b5a,check,3602.55,430280cf-73d3-435d-977b-5db5242e2f89,2026-02-18,2025-10-02,2025-06-07
ac9bd33f-f09b-4fc3-9a09-5c61ee1d95d0,73afc006-f5d5-49be-bd27-709878badc5e,debit_card,4733.76,678072f4-8f54-491a-84f8-d249a4e004e9,2026-01-18,2026-04-02,2026-03-26
9a5220cb-19bb-4c1b-861a-b5d250a3f998,57b9f3f6-d51a-4ee5-8aad-a099e26506d0,pix,5580.3,5c3d8792-6f33-4ddb-ad4c-cc907ee44d38,2025-08-08,2025-06-20,2026-04-08
5ffdc27b-855e-4571-8f96-aacff56f7f59,d55607f7-fb78-4f1a-869d-eb802a3c4b9e,credit_card,1407.61,635dc5cc-ea2f-4e8d-aafb-701efaada9ad,2026-01-25,2025-12-09,2026-02-09
0244ef58-faff-4559-b3ec-4ea0ffa4b014,9bc59337-7572-4bad-a23c-2e4383f328a8,check,8814.1,d5f31d03-c0df-49f5-ad9d-93cbd5f77a5b,2026-04-04,2025-09-01,2025-12-03
6270745a-907e-4881-9639-594c0f886ed7,59ad1554-dbbd-4e96-8d2b-e9659e079232,check,9928.94,bd32785c-323a-4157-9bac-2df6771c25a9,2025-12-23,2025-08-13,2025-09-10
87b39481-224a-4987-acfa-f56456b37995,1f6faf77-d7c4-443b-8956-38ae1b97705d,check,9902.86,4fa84aaa-c998-4d53-85e9-2ce61a6c1902,2026-05-12,2025-09-01,2025-06-23
413327e9-520b-45bd-9798-8a7e97f75ab7,a18cc40b-c70f-48b6-bdaa-9b364ad4849e,debit_card,932.43,43058295-4413-46b9-b130-548f7adc1cbf,2025-08-04,2025-09-25,2026-01-11
f25d892e-edec-43bf-b4d0-f12f31fd3239,ea27b43d-3ac1-402f-be58-d6058a1841c5,pix,2393.81,e802855c-16dd-426a-b006-f4c5b65855f1,2025-10-29,2025-06-19,2025-11-01
3290d28f-c48d-4875-a5e5-29c4434eccec,c4edeb04-afef-4968-85aa-20e308ea3395,pix,2589.81,988d26e3-e6ac-45d4-b2e9-e0a82875bffd,2025-11-14,2025-12-02,2026-05-17
31352701-08c9-4812-8a09-b24d6c84ca0d,32edbb34-cf85-47cb-9f57-36c8264856c6,pix,9510.99,0e143c25-c8a5-4cd9-892f-818e75a35bb3,2025-08-09,2026-01-01,2025-11-30
5eaeb719-fbce-4a1c-8525-ece7484d9596,5698eef9-5fab-45e7-b903-af1618c16778,credit_card,3456.24,3d09ef44-3f8f-426e-b24e-11ed6ed1023a,2025-11-17,2026-03-04,2025-06-07
f83d1bec-2c78-4441-8ada-27dbc19d16f6,ccf3e812-bbaf-48a5-9121-a1789639cdba,credit_card,9264.17,33be279a-d681-4fee-bd34-f5ad5a7148cd,2025-10-27,2025-11-15,2025-10-19
de2efe63-3620-4c21-97ec-e0397f75f2ae,38ffe759-abd6-4dc1-836a-9446f7391038,debit_card,3689.09,40749c3f-d555-49a3-ab31-3c5095a5f336,2025-07-09,2025-12-17,2025-09-02
26e93bcd-abf0-44cb-890c-47d107733e85,43485fb0-60af-4e3a-9cef-06b72e87eaf0,pix,5784.76,5b4c63fe-6e2d-4cd4-98ef-da185a98810f,2025-06-09,2025-07-30,2025-07-03
b68d3e69-3ce9-4db2-96e5-a7dad38960fc,fb8fe3d2-1a74-4acd-99df-c9782fae8afb,credit_card,5587.76,203544b0-0325-4b75-8505-6ea07ccb3d89,2026-05-09,2026-01-24,2025-06-11
f54d21be-0dd5-415d-a57d-7a4d0e033d96,df2a3649-4fb0-4aad-8fda-2d3bda4fb35e,check,6702.96,8403367e-d838-4d7c-b8b2-e0b3fa23b0ab,2025-05-30,2025-11-18,2026-04-11
1c3057c5-e0fa-4fc6-ada2-9ab567bcdf07,92d75343-3b39-4ae3-97ba-c96a8e83a950,credit_card,2711.49,d645ca5e-32f5-4c0c-a9ae-3866bc5074b1,2025-08-27,2025-07-27,2026-03-09
6ee6f464-91c5-452c-a3ed-b9b114f7f266,2cd70370-e21e-474e-8b0b-485fdbd80ff4,check,4638.2,784314c0-183e-40e2-be7e-cf462a02220f,2026-05-10,2026-03-26,2026-01-10
14914e53-cb8c-4da9-8e36-43f2eb9d39d0,97c68066-fab6-42cc-9e67-df7256d6762d,check,8142.75,694c19a3-46e2-4610-861d-f991be94455a,2025-09-21,2026-02-14,2026-04-14
92b66ae0-0356-4cd1-a33a-5338c8cacc3d,0f806046-3ead-4342-8e87-efe29458e497,check,3615.35,52657e79-080c-4edd-9177-6c0f47492e68,2025-08-08,2025-06-06,2025-10-15
bf57a815-aebe-4b6f-9e18-278be9d3b0ef,756daa27-2c1f-4338-8dc6-b275a114a273,check,4906.82,6e9a3be7-84aa-4e9a-9b95-fc7327d0605d,2025-07-11,2025-09-17,2025-09-13
9a520203-3a34-4846-a1ed-8d1555ebe33b,9ddbcc5b-97a4-420e-b624-bb8b08c830d7,check,7173.65,653944b0-bdee-4ec7-8fe5-b716fe1ebdf7,2025-12-11,2026-04-26,2025-06-24
c06e14a4-bc18-4baf-9e63-a421fa6a90b8,fca2ba1f-bad1-4028-a672-610645e02617,debit_card,2483.19,39eba1c0-a77a-42d6-b6f8-cc43cf54938f,2025-08-20,2025-08-01,2025-12-01
0a710819-4d65-4379-b1fa-8fb6f3ed6a35,92fb7fb4-307a-4331-9032-f62c3aa591b3,pix,8182.32,11bfb260-5e21-4c5b-ab97-25feddd400c1,2025-08-28,2025-08-29,2025-12-19
aa544932-95e5-445f-aac4-e735e99a73b3,715aa0de-054a-45c8-bf93-0ed7f7d8fcb7,credit_card,582.61,f5a6f986-e072-406f-b2d2-bd6604abb563,2025-06-19,2025-11-27,2025-10-14
2dc0ad3e-9a3f-47c4-b57a-e9d808b54b1c,c7ec80a7-ff66-4a77-84a6-4fd3b689068e,pix,4229.64,c7c921fe-1cbd-4725-abfd-87296cf71125,2025-07-16,2025-12-07,2025-06-24
3d9b8051-e108-4ebb-826c-4d26d39b36fa,f3685e83-181b-4e92-b887-0fc04ea4e46a,check,9606.22,39a6ff6a-17eb-4136-9f52-2bb69005b4de,2025-09-10,2026-01-16,2025-12-07
080cdd05-e086-4960-a195-944fdf70b9ff,a25c1503-f713-4436-a793-e2ef8372aa8b,pix,7054.17,3cf70c20-a2eb-4c79-97be-849fd94b4da8,2025-06-13,2026-03-31,2026-04-11
1a017da7-b0e3-490e-87c2-355a54663781,af8a2de5-6b89-4949-a38c-a6f408dad615,credit_card,9387.62,ea1c7b31-6c01-458e-a76b-bd7e37d445b3,2025-07-01,2025-08-01,2025-12-21
659a889d-844e-4aee-80dd-54f9fb4efc3a,b43fef8c-83eb-4a48-8c11-29080c969ece,debit_card,2676.29,312eab39-f246-4a31-80b6-f2afe27b8047,2026-03-31,2025-08-01,2025-06-21
37d7391a-30d1-4981-8eec-ace9bb485f21,5125ad4f-892a-4ba3-854c-a8a8ee7a1cb3,check,6159.92,66ef2a2a-82a3-4338-8e63-ad637bd2f47e,2025-07-21,2026-02-22,2025-09-30
81117e04-8e6d-41a4-90c9-0fa74e9988d1,e504c746-5b09-478d-889e-396deea45e74,credit_card,3119.37,a09b2c50-9861-47ff-ae44-5d97a73bdf6a,2025-06-14,2025-12-03,2025-05-30
ef5abe8e-431b-4771-b840-79312fdf8688,38ffe759-abd6-4dc1-836a-9446f7391038,credit_card,3689.09,5bc875eb-823d-4518-b040-87db526821a5,2025-09-25,2026-01-12,2026-02-27
1798ab73-2edd-4978-995f-676da7ee3457,1a28e3cb-3549-4a2c-9cd8-f3c3e55fac69,debit_card,6685.45,3a914bd6-0ef8-4f07-b14b-460c65539622,2026-04-14,2025-12-01,2025-06-15
ef183f2d-ffec-4f68-b268-afcc06940132,1a7e64f0-6e4e-46b0-9820-3cf8725bacc0,pix,1649.63,881db8fd-a936-44f3-8bb4-b699f2da1620,2026-04-23,2025-10-29,2025-10-12
c5d8469c-bd7f-4558-a3e9-2ec9962b4f2e,9ddbcc5b-97a4-420e-b624-bb8b08c830d7,check,7173.65,b2721dac-78ac-44c5-af48-46b076336fc7,2026-03-21,2026-03-10,2025-06-13
e534f722-3435-4a94-bbdf-fa52eb28c752,96e0a617-6fff-458d-be78-6260a9006fb5,credit_card,5092.2,b7fb6775-72a6-4735-9628-3b255ac64a03,2026-03-20,2025-09-09,2026-04-24
683abedd-7dbe-4e87-9bc8-aca81550986e,2e551fff-2705-49a3-ab13-9333585f8556,credit_card,380.06,16db6c20-50a2-4d82-9c67-a08e8358730d,2025-08-08,2026-03-02,2025-10-29
3f65e348-79a1-41fe-b34b-56153cb6736d,926d170f-1a4d-40b1-bfbd-821090a3cca5,check,8474.61,6b4f2e06-24d7-4314-9b8a-a2eaf75ac749,2025-07-27,2026-05-14,2026-03-25
fa782e0b-db99-45ff-a237-6246f8587bb3,50973bb7-a5f1-4d45-bd3e-d1037a3e46f4,check,8476.06,9ca9a805-bf01-4b36-8c91-bcb9df378152,2025-06-13,2025-11-28,2026-04-19
f61152e2-8afa-487a-a2b7-604cbd8b7fc5,62306181-bf06-4281-a959-c4952edd17a8,debit_card,7294.96,e84894ac-8bf4-4031-8c7d-6d488a9bb388,2026-01-17,2025-07-20,2026-01-23
ef6aa3ca-234b-41ad-82be-cdc14b477cb3,8b7afdd7-d356-47aa-a627-3e1fce927bb8,debit_card,2877.59,9bf96b9d-157a-424f-a134-87e39ecd003c,2026-04-23,2025-11-15,2025-09-24
7e1e116b-a89b-4914-b649-88b3714f4388,58d0a7b1-7447-4f78-9786-c410f432588d,debit_card,5254.28,4f882f46-93c6-440b-b21a-7979428e9a6c,2026-03-30,2025-10-29,2025-11-05
10df976e-ed22-4319-b5f0-43fbb7756297,f05830b9-6afe-4fb3-a6e4-3ba14abfe304,credit_card,3109.55,6f4a69c6-af94-41ab-bc4d-c5da48683c8c,2026-02-21,2026-01-20,2025-12-09
8e5f5892-7a15-4037-b1e7-2e89528ada72,43485fb0-60af-4e3a-9cef-06b72e87eaf0,credit_card,5784.76,2f1a9bbf-d8ca-41c4-b78d-80479b322b3b,2025-06-02,2025-11-08,2026-02-09
6b67f56b-1d91-4600-b108-b3e413de141a,51d1e637-681b-4938-b974-a36cac1cbfc8,check,685.43,6f443033-37e0-4be0-87ce-197cb74e1069,2026-04-20,2025-10-30,2026-01-25
240d9333-f580-488f-a1e1-d44c8c6e0f18,262bbfce-9d54-4685-918f-086e8d74d49b,pix,9308.95,02bd19e6-0772-4535-8cef-8e33582baea5,2026-02-15,2026-04-02,2026-01-18
2b0e2151-5185-4382-a883-f98493733f1c,ce66d4e9-ba32-4a55-9edc-d888b5fc2e49,credit_card,4122.5,fd2a4cde-d271-4e38-a37e-50e1e5fd088e,2026-02-01,2025-10-08,2025-11-16
65510acd-6565-48b6-812d-de025a7402ea,2cfbf73d-d425-4b26-a03c-3c5f86b61030,debit_card,9663.34,fca537a0-ca54-41f8-b1e4-fe9286bf69db,2026-03-04,2025-08-10,2026-04-20
8f89c125-7842-4841-a71a-0d5ec3a75286,3e3afb5d-8ee4-4e1c-8db1-e87b8dfe2636,pix,28.24,11183892-ca89-429e-a665-a05d6fc57ff1,2026-05-10,2025-06-22,2026-03-02
8738b3a5-5b8e-40e6-bd3e-2efb18abee16,efd9c233-1a27-4f76-90dd-d2d6e6f3c03b,check,262.5,2d590afe-1595-49c6-ac61-5c05b79cab5f,2025-11-30,2026-02-20,2025-10-10
c048b4fa-203a-4b4f-8128-57dc98b3d59a,5c1e68be-76a5-417f-b3e3-60e4b6cfb205,credit_card,4859.95,a2e20348-a1ff-417f-8e66-f97d9199d18f,2026-01-25,2026-05-10,2025-09-09
4af5039f-7557-4e4b-ba18-ddadc356ccc5,1817071b-c7fc-43c0-8579-925d59ed6811,debit_card,893.57,4e83ad28-60a8-4cab-9cce-954ae28368f4,2026-02-15,2025-08-17,2026-04-14
7929684d-6cde-4df1-b430-a57818753d75,9bc59337-7572-4bad-a23c-2e4383f328a8,debit_card,8814.1,e2364ca7-13b1-4df3-96d5-4d134e7ebe34,2025-06-29,2026-02-05,2025-07-02
aad4296a-3487-4488-bacf-1d342aac6734,c2007c8a-9d79-43ca-8068-c660f72aab43,check,5794.01,2baf8a93-20b4-4e1f-855b-319fb799fa5b,2025-08-11,2025-10-06,2025-07-30
eb87c05a-fe4c-484c-b3e1-4ca65da12846,12591b16-aee9-43e5-b8d7-a67b96e9c281,debit_card,6312,5f18ae6d-ff71-40fd-adf8-a23f2f0658c3,2025-07-02,2025-09-14,2026-03-22
989dbe78-289a-498b-85af-80cba849b562,0dadaeff-111f-4b94-a2de-3d3d4ee7d10e,pix,8608.72,2e7982ba-2c1e-4bbe-87d4-de2a3b58075b,2026-03-02,2026-02-08,2025-09-11
2a8eec96-4989-4c84-8c28-c54506819c01,164d2931-2f5d-4cd8-b879-a45f0a154486,credit_card,3438.65,4f2f7440-b106-4ad2-8d45-f84f3d35723c,2026-03-22,2025-07-11,2025-07-30
8624c52d-60b0-4998-bca0-c8fbb352b188,1ae139c1-c041-4fda-b90b-0661d330320c,credit_card,4435.19,4b4f633d-121f-459b-bcb3-9b73dc482fac,2025-06-06,2025-11-05,2026-03-20
e3c59d79-c0cf-4e02-b6a6-1fb0de2377be,50ddcebf-9cb3-4f97-b58b-78e5dbf5d5f1,pix,6578.25,8ee71e04-c1a2-498d-b165-5b2cc02fb0fd,2026-05-25,2026-05-08,2025-10-25
1008aafb-5b7b-4e32-bf2c-7bc41afb2a7f,c454f249-9b0e-462e-aa25-b09eba5a36aa,credit_card,8524.53,afab4ec4-c01d-4d17-8fda-ad7024e497b5,2026-01-31,2025-06-04,2025-11-13
67034af3-5ad1-45e1-ad97-fbbde957dcfc,676ddc27-5189-4a1e-8839-5cc37fca700a,check,2905.51,8069aae3-2ff4-4868-9690-ae5a3e2e7c37,2026-02-13,2025-07-19,2025-05-30
ffd16421-cb9d-495e-907d-52c19bd53648,bc0905aa-f82c-4557-8e35-82bc17865402,debit_card,26.61,05ab8477-0e97-41fa-ac98-07188f80e59d,2025-10-30,2025-11-14,2025-06-29
36ba7643-fc69-4be8-ada4-39af5bd3e948,04f18937-c801-4942-947a-1b14152533ca,debit_card,1032.84,2c93481e-268e-40cf-a953-49a28ac33be4,2026-03-21,2026-01-08,2025-12-13
373b81c9-9b4e-444c-a1df-800c3bccaa12,bc7d4a16-a786-4bee-804c-f62a8092a8aa,debit_card,2558.11,f4c6b8a9-f6fe-4eca-b098-8c14172bca94,2026-04-21,2026-05-13,2026-03-10
393fbe93-e29a-4a77-ad37-62d30cb08501,92f674bb-5d7b-466d-92de-4fabdc61e7d9,debit_card,6823.57,45c83661-6bc8-46c0-b66d-a62b15140961,2025-06-08,2026-01-17,2025-07-04
113688a6-6a83-41a6-9c90-2391e1e4ade4,629d74b5-654f-4043-ab09-58e5b9d26b37,check,6650.15,42ff4c4c-16f0-4593-9c1a-5fe04697ab9a,2025-10-06,2026-05-04,2026-01-16
2328a15e-2734-4d83-b1fa-bfb284499f46,a39f9c60-234d-4a2e-bb1f-90b6f0ec88e1,debit_card,150.23,db8da226-ec17-4c90-9118-f074f213d60a,2026-02-14,2026-02-05,2025-10-30
f63d6aa3-0ec0-4229-8c47-8b520130cfcb,4d61f795-e592-4edb-bce3-8dbfd4326b78,credit_card,1326.52,af0d00f5-a0da-436b-9888-20daeffc36bd,2025-06-15,2025-06-25,2026-01-30
a8b5413f-4e83-493b-b511-0d6a293beeb0,9bc59337-7572-4bad-a23c-2e4383f328a8,debit_card,8814.1,45433e72-3b69-42e8-b524-058fb60615f2,2026-03-09,2025-10-09,2026-02-24
29d91b27-7e5b-4a81-97a3-fc9ee572a6f3,8f36a61e-4742-465b-8856-b8a1de7b668e,pix,406,12020fe5-eddd-41a5-a9cf-9be614ad92c0,2025-10-08,2026-05-25,2026-01-09
b4129a73-9dad-4403-9efd-047b9a2836f3,a5dd7cea-351e-4479-b59e-41bf15edf32c,credit_card,6801.03,095cb14f-137b-4d50-b852-1b42531697f7,2026-05-02,2025-09-11,2025-12-24
45a6ecaa-67f8-4494-9612-19ff4aaa707a,f2009a48-90d1-4703-8b5e-60ca01e91d61,credit_card,3979.75,a1872a54-024c-464d-af4b-365d4e319cd6,2026-02-24,2025-09-24,2026-01-06
13691aa8-16c0-43ff-a781-2abc1bd1a197,2e2b098f-a657-4bca-b728-8225351e3f07,credit_card,5498.46,2c5b9dfb-72fe-4be6-9b4f-ddf9b7fd8ba4,2026-04-11,2025-08-02,2025-12-31
df891712-66cf-4daa-8c4d-65966e79246c,5e3ac788-0555-4a87-b165-7f5581ade755,check,3343.97,e369c1b6-5554-4294-a867-bd7afb9d707e,2025-10-28,2025-06-17,2026-05-27
e41d1b59-acb7-4dd3-9d5f-1b38cb388a6c,040cfea3-e446-422c-9496-31bd873f67ed,credit_card,6373.67,105128ef-3440-451f-b1b2-62f28a1d1fa1,2025-06-15,2026-02-06,2025-11-04
9f9659bd-d900-4b54-8a7d-c113d415c503,bfcfcc0f-2b27-40a4-b4ba-8d7821145971,debit_card,9668.47,034d3ab9-61e7-429b-8fdb-21f2f738fabf,2026-03-30,2025-07-22,2026-02-25
1ad2bba3-6c33-45f6-892e-64e18c636815,96c8249c-08cc-420a-9615-a574a023d05f,pix,986.85,4d7f8052-88b0-40cf-bc15-22e3c63200b9,2026-04-07,2026-01-05,2026-01-16
47437600-33f9-43e5-a534-3baba7a31683,e25b995e-63f5-4a19-a808-ec41c4102c94,debit_card,12.76,7dd6163f-e68e-43e0-9783-7eab4a07e0b6,2025-10-14,2026-04-16,2025-11-13
20b0cc5c-78a9-4c51-8b52-6d92c737f6ea,b792f953-4a2d-47e3-88ee-43b6b816676a,debit_card,1078.83,6a815e18-f80f-4a0b-bce9-b6315c3fff5c,2026-03-09,2026-02-24,2025-09-11
261d06bc-3d49-4145-b83c-edf197e4dfab,1a0c9e2d-74b1-46f5-8449-1dcf3ee89d53,check,4066.05,59790032-9653-493e-b1ce-e432368c8cd0,2025-08-20,2025-11-05,2026-05-11
5081bec2-9182-49bf-ad10-9dcb1d9a1b7b,b690600a-fe74-4376-8735-a753a2954da7,credit_card,4116.98,d16c3bcd-6f83-46d3-9d62-74f1cf1e4c9d,2025-11-02,2025-11-19,2025-11-12
7f601eaf-b62d-4727-892d-8e3b6e64d9e3,622c0c9d-0b6b-4d88-9ecf-e2fdb17790df,debit_card,8142.83,dd37afe5-4b72-43f4-ab7e-c377c51828e2,2025-11-12,2025-05-31,2025-08-24
1ae77167-7a41-4a6e-9f76-ad062821d6b9,df3c4f13-c619-43e1-98ec-698cc9e5af3a,check,5947.63,4f9428cf-ac42-4cb3-b895-5c2e4306d1d9,2025-06-09,2025-10-12,2025-08-14
586d3f27-8fc6-4f7d-b67f-ae18af6570a6,23af181c-211f-4857-b3d5-256624e369bb,debit_card,5623.66,8229e790-22ee-434a-abae-80c9a9c2b7a7,2025-06-02,2025-06-03,2025-12-03
d8ae4bc3-3513-4a9b-8739-da554cd13678,3c1babf4-71a2-4526-9a30-ac31eb6cbd76,credit_card,6014.03,cd3212c4-06cb-4e53-8d4f-3c53a6b2b1e4,2025-10-13,2025-08-24,2026-04-13
d833589a-592e-4c2e-9572-be889b916700,82c5228c-0c21-4385-8b11-e4c356a81bf2,pix,5233.28,095d1a59-2af9-4e31-b45e-e14b78682a4c,2025-09-09,2026-03-25,2026-05-28
903ac4c2-8a1a-4938-8486-145a3df9b7dd,92dc223c-a7db-447e-844c-64313b3d4e29,check,6049.09,1aa9443d-d9e2-49a9-96c6-7b3de8b2a785,2026-05-24,2026-03-19,2025-08-18
3e1e1e17-6b98-413c-906b-0da601259f96,1817071b-c7fc-43c0-8579-925d59ed6811,debit_card,893.57,4ac2348e-f444-414b-8530-458470a08211,2025-06-23,2025-12-31,2025-07-26
f9fefa45-9d34-48b8-b7de-37851e909fd1,5585b207-cf30-4f2e-ad9b-6eaa8a030f0d,credit_card,5482.59,59bc6a98-1d58-42e8-8391-1be4ca67fa4b,2026-02-20,2026-03-22,2026-01-12
e8fe8944-4a87-44d0-9cf7-cfe8424c1991,629d74b5-654f-4043-ab09-58e5b9d26b37,pix,6650.15,9776a9c3-424d-46da-9647-b497d5dc2905,2025-06-07,2025-11-29,2026-04-15
28865162-e13e-46ba-8d93-e637a6f2735d,01dc5a70-c8ad-40d0-9d2c-54986c31766e,pix,79.96,76432bac-ab7a-43fc-a53d-a44bb7b92cce,2025-09-04,2026-05-14,2026-02-12
bbbe59d2-bebf-4d61-bf88-6f16123b9a57,658580e4-6129-4a13-8a19-20b6521d9a98,credit_card,2884.78,584ca433-60b1-4a75-a638-e279f3c2120f,2025-12-03,2025-08-18,2025-11-14
ad36b8bb-c240-4cc6-ba71-f44614689be0,53c6d2a8-842f-4a83-a9fb-82686ee48b19,check,4269.8,21933a80-0519-4d6d-b547-3b6f00916696,2026-02-03,2025-11-07,2025-09-14
07dbeb05-5ba4-4525-968a-19a42e546cdd,05471671-0af5-45fd-b127-75ec24312313,debit_card,5121.1,2f0dfc07-6677-4438-93a1-27b82082eec0,2025-11-29,2026-03-16,2025-09-01
b1a28e79-7520-40ea-b320-48389b5726bc,f7206773-6208-4fd7-98e8-ebae09647e03,credit_card,2604.59,7d5b3765-e5fd-469f-8a8f-9f27d4a2324e,2026-03-12,2025-11-25,2026-02-25
da22c1d5-f47d-4eac-b96d-3031cb6977bb,8f9e0508-d24a-4a65-ae1a-4b78d9f8f6b7,debit_card,7052.63,b932cf91-d354-497c-b7b4-f44924268816,2025-07-30,2025-09-07,2025-11-27
5260c7e9-4607-4ed9-86e3-cd61b2997a07,2cd70370-e21e-474e-8b0b-485fdbd80ff4,credit_card,4638.2,f72ef290-7edd-41aa-9159-25eaf38c3ba6,2025-08-01,2026-04-22,2025-12-12
f4b5c18d-06df-4939-8e50-cbd631244002,335180ed-8177-44b9-b8ea-68a54638f82e,debit_card,6996.18,74d13edd-e2d2-43c2-a41b-2a0ca81da9b1,2025-06-12,2025-07-14,2025-07-06
0759ae03-304f-4568-b528-e299060efa8f,ee9540e0-6049-4b76-8f9f-e4e69ac69d12,check,5214.98,0462222c-d1ff-481e-a3a0-24bc0eafcc6f,2025-09-21,2026-03-13,2025-07-27
b6a8f70d-e54e-4246-8950-066ca420cc04,0243eb1f-1e65-410a-a667-5f3c7366ddc1,debit_card,2178.29,c70b2b9f-92c0-4fa9-9519-aeea83441b39,2026-04-09,2025-10-25,2026-02-26
912ee067-a37b-4723-81fc-8e655cce90f3,6360b11a-6d97-4933-9928-16f3af47d1fd,debit_card,6172.32,f5c2aa0d-99d7-4b6b-94f8-143f8d910404,2026-05-24,2025-08-14,2026-02-11
56dbde35-bdbf-43c9-8604-d1ff7d319fcb,c7c85a7f-6d64-46e4-9179-30d92920e007,pix,4702.97,bc27be5c-1c9d-4d6c-8d81-385465c1ead7,2025-08-18,2026-01-24,2026-04-02
4cc928d6-6efa-44f5-b698-88db69502735,2dd8a3a2-bc87-4cbd-b460-fcf555846f78,pix,8282.75,b4c6084d-8847-46e4-9f02-266743365868,2026-03-21,2025-10-10,2025-06-03
967e64dd-a782-49ca-8580-4afb60597df9,3422fbad-56f0-477e-86b6-e24488a22932,pix,2095.4,ab636415-48a4-47ef-ac86-64cdeef21275,2025-10-18,2025-07-17,2026-05-28
062d6d15-fbaf-49f0-89b8-7ef9f7e97e67,8ce5ece5-bd67-45ef-8a82-48d2bad4a58a,pix,185.01,68c33d54-070b-45e2-a00f-6f70698f2ec8,2025-12-21,2026-03-15,2025-12-16
4d8f70e5-e36d-4b62-9ab6-b23f32933894,96c8249c-08cc-420a-9615-a574a023d05f,check,986.85,da9bd998-4c2a-4821-adf8-94590f18fae5,2026-01-06,2025-07-19,2026-04-08
5370364a-ac8c-4bd4-a2e3-e004c9dc30ef,cc16ccd1-e692-4a19-a3b5-b0dc12bda942,credit_card,6773.49,62578a2d-777b-4668-b494-d2ad21770e21,2025-09-05,2025-08-22,2025-07-02
428cc45f-0498-40dd-be49-320d1c3311e4,bc7d4a16-a786-4bee-804c-f62a8092a8aa,pix,2558.11,14cfad73-efb1-42de-bc27-49ca0a432f92,2025-09-11,2025-11-26,2025-07-19
f31765f7-185b-4e53-84e7-d90d0fda8752,bf462054-d865-4c8e-b6a8-9a23847916bd,credit_card,4754.47,093f50ce-a689-47d5-a577-021cdb3bba21,2025-09-17,2026-04-04,2025-08-22
556d81b8-4ee6-4d4d-aeaf-3b04a4b97edc,269b4ff6-d85b-45ca-b903-3d287fae60eb,check,4531.92,6d3401a7-dbc4-429c-8f79-b7730df0d846,2025-07-13,2026-02-02,2026-03-13
7bf79f29-2d11-4829-bebe-d53c9c7500c0,74f77ee7-64a7-4155-a9fc-b7ed92295e89,check,2770.97,a64e3ee5-e9b1-4001-95b6-1bab48223baf,2026-02-06,2025-12-09,2025-08-27
1459d80f-2e7d-41cb-a48a-f1ba7ba7409b,3422fbad-56f0-477e-86b6-e24488a22932,debit_card,2095.4,ad130da5-6e1d-4879-bbad-231520678959,2025-08-26,2025-07-26,2025-08-19
f2004eac-beec-4550-8b0e-8e3a7f655189,4892c452-cfdc-4a09-b8d5-1897a09bdea2,check,1565.8,e96fe0de-cc12-4847-98fd-6815da065fcd,2025-08-02,2025-07-20,2026-01-15
5490d2b7-63b1-45cd-9c53-0ddaeb6f426b,749208ad-625f-4e20-8e7e-44e6de1da3bd,credit_card,5144.94,859be639-534b-45f4-aa8c-290e48b551c0,2026-04-16,2026-03-13,2025-11-10
403b3ffa-0c3b-4e67-b86b-9398c136dee0,58f906b3-6d4e-4597-9ee7-fb7db646d6e6,check,9859.9,d09a6973-5218-4acd-ba5c-443bc5a2d386,2026-04-14,2025-10-06,2025-06-28
cc6e4d01-da58-4dac-b4c3-0532177dd22e,3f524926-b947-4ff5-bca2-11b4a7f623e8,check,8326.21,16e5d832-b093-4cf5-b868-4702e8c43105,2025-08-26,2026-03-06,2025-08-13
f925d4fe-d281-4d05-a398-472232c7e193,01c44592-4afe-4bf3-80d4-5efcbdd65fbe,check,4277.41,d2544a41-9228-4cc0-9ed7-fa1c66f41a98,2025-06-10,2025-12-03,2025-10-24
b65dcebc-ea12-4b8a-ab58-cbb50aa65123,f7563e39-070f-46c2-a3cf-11cdb88629aa,check,1965.51,c737026f-eb0a-4b6a-a308-41c368bd38e3,2025-10-02,2025-11-22,2026-05-28
84130f4c-6cb5-4299-9cc5-186c22dbd9a8,ab6db3ad-13cf-49c8-8920-b9caa41d9794,credit_card,7907.61,ded4aff9-d998-4135-a555-fb833b6ae655,2025-12-24,2026-01-04,2026-02-12
baa7c6c6-783e-4576-a486-c34b0f69b539,96e0a617-6fff-458d-be78-6260a9006fb5,credit_card,5092.2,869ab427-88db-4111-a510-f17239083ef5,2025-06-04,2025-07-17,2025-06-28
6043768a-e4d2-406f-8c03-75185a806d04,6101fb6f-f7ab-4699-9f3a-d0b54c068fcc,debit_card,8625.4,ee19263a-b816-473a-a418-16236bf7814f,2026-03-09,2025-12-21,2025-10-30
7a908068-0e9e-4b4e-8a39-1a2b1a4a2471,1cab2e23-90cb-41da-ad35-a136cab45890,check,6669.19,d493e32b-c657-4175-966f-0baed0ab155c,2025-09-14,2026-04-10,2026-01-01
591433af-7254-4c33-97ed-810aa142f95f,7ab3c639-8ce6-49a7-b5be-d13db7939b72,pix,8161.13,96b613df-a555-4cfb-bea5-dd6988b3ab88,2025-08-04,2025-07-28,2025-10-22
37a7c638-704b-4bc5-94fb-fb8e6d897419,26fffe31-41e2-4026-8ff4-09f48e89f8a5,debit_card,9845.39,69e70930-5540-482c-84f7-f86c4356d00f,2025-05-31,2025-12-16,2026-04-23
4a72045d-d77e-468c-b8bb-1a1a1f4233a2,2a41e6f2-8e38-4c8e-bd13-06fc4716d34e,credit_card,612.09,f10dca66-6bcc-4f41-966e-d3bb24812d22,2025-07-03,2025-06-22,2026-04-12
123d9a5d-5785-4bee-89c3-3e6dbee30a77,ed4dcac0-e251-4f83-aa26-95b1e7f4486e,pix,5846.78,539434f2-7a22-4687-83b6-fb0de688efc0,2025-06-30,2026-05-02,2025-07-04
904adf4f-a15c-46db-9872-a3c57056f140,7ee765d5-3c17-4fb8-9edf-5e044399ffb4,credit_card,3952.27,93d5a759-20cd-432b-b5f7-6337cead98ac,2026-05-02,2025-05-30,2025-11-30
660402de-69ea-4f00-b795-69a68e70bc3e,b8e7e8ed-fa8c-4c80-8d25-e4e9f3daeef8,credit_card,5333.7,f0e3e8de-855a-4a2c-9d37-9c3f283e6ccb,2026-04-09,2025-06-08,2026-02-22
2263d765-bd7f-4444-94a2-64d0e996b625,8d4089f7-b5e5-499c-98ad-2d0c0945c884,credit_card,6509.99,46066420-5cb8-4052-99a5-0bd004f83ebd,2025-08-07,2025-07-30,2026-05-09
7aadd5f4-adde-483a-9610-b6bafa8ca4be,1e52034d-6f60-40d0-8c19-4e83a566c49c,check,3374.86,6d057916-f170-49a2-ac28-85a568e470bf,2025-11-02,2025-12-16,2026-01-04
9d95f557-bdc0-481a-80bd-9651296843f2,519686d5-88f5-40d9-8460-60d83d192c00,pix,849.97,cf935b09-9041-4b7d-a9b5-e76799f503c2,2026-03-14,2025-12-21,2026-01-30
debb363c-075d-4095-b7a5-e6eccd3aac20,432f585c-2402-43a0-a6ab-cf953b217dc9,debit_card,9988.34,d850e105-0a6b-441b-8948-5709285a3797,2025-11-22,2025-11-17,2025-06-22
874a0f10-ac76-4c20-a34b-8c4b56df80a7,ac6db820-fb89-4061-bc7e-e169d97bb656,debit_card,457.85,10991c0b-49fe-4f25-97f1-4a5c743d051d,2025-06-14,2026-01-04,2026-01-29
ce61b45b-8c8d-4f9e-a1ac-eb382d8f35e8,ee12442d-7655-444e-abe3-c0bfb996294d,debit_card,645.88,3503ad8e-1548-4894-ba23-a6136d3b8810,2025-11-29,2025-11-25,2025-10-23
aa412396-7071-4ae4-a4a5-011826516225,b852cd1e-d762-4b3c-afcd-f465482f6242,pix,7735.71,f1a9d51d-8e1f-4c10-8b5d-7b627dde778c,2025-08-25,2026-05-21,2025-11-15
7f12d9e5-862d-4ef3-b500-416acb0c1745,a2b28934-ef0e-430a-8330-8eff485aa3c1,pix,2962.97,3b48ee94-dbeb-4b6d-8a64-3c5bf4d23814,2026-05-10,2026-01-31,2025-06-08
37949968-bf0b-4b9b-871c-7b8ca92ff922,b881ebb6-c823-43a6-9e9c-36d8710e3608,credit_card,4122.13,52005e30-92aa-45d3-beed-dec1abb3e8db,2026-05-12,2025-07-19,2026-01-23
66f0c6d3-5234-456f-b17a-2a435d645654,c05ec1fa-3269-40ef-971e-30da62e29f6a,credit_card,5028.97,77eaf5b1-baab-4605-b426-365b50b1e0da,2026-04-22,2025-06-25,2025-06-08
90f86429-c7c8-43d9-95a3-9a4b5d59caa9,b43fef8c-83eb-4a48-8c11-29080c969ece,pix,2676.29,2ca7e045-67ca-4985-8d9f-6d78e9420e7b,2026-02-24,2026-04-02,2026-01-19
517dde30-3632-48e8-9793-43f32b0dfbd0,9504d672-f87e-4f75-aa3d-3bcc3acb94b4,credit_card,9081.64,1d37956f-d041-42fc-8be2-3d128a39c30d,2026-03-06,2026-05-04,2025-10-15
0556a530-d136-47d4-9131-cc147c8adec0,f81aa091-2632-4539-9af0-869e6e64d5ee,pix,1333.51,848bcb37-7097-4555-9f1b-0079d47894f7,2025-05-29,2025-11-09,2026-02-19
2e89b743-4e69-4eb5-b17f-9757cc5b0b11,58f60422-7696-440b-9bec-4743948fcb58,credit_card,5159.14,49514843-263f-4759-aa3f-260cc2a95d23,2025-10-11,2026-05-23,2025-12-20
a0c4381c-f45d-4976-b403-8902d43b6077,040cfea3-e446-422c-9496-31bd873f67ed,debit_card,6373.67,c9d850f3-20d6-4b83-b09f-fabec8476c40,2025-06-16,2025-10-03,2025-11-20
6f0c635e-b12f-42f7-ba04-9bbea6413331,91b9456b-3234-4fee-8e2b-486fb404dc7a,check,9157.26,775a7615-2510-40e7-9e4d-b294e199d68d,2026-01-28,2025-10-06,2026-04-06
79e9bb5c-6bcc-4044-9ca1-e157ca6fd039,e7d068e9-d6e6-47a7-8701-f1add3c41bce,credit_card,9299.07,41dc3e9d-9662-4fc5-a012-8a79b641a314,2026-05-02,2026-04-24,2026-05-13
8f1d910e-e0ee-437e-be79-bc136e1ced51,c9d95c94-d7de-4961-a6f9-7d5d9e8c6367,credit_card,3076.54,8b4b04c2-a04a-42b1-9fdf-79e8ed5a2961,2026-02-19,2025-11-18,2025-11-28
02f8d42a-2590-4395-8a24-4fe835c231f9,0dadaeff-111f-4b94-a2de-3d3d4ee7d10e,credit_card,8608.72,b55ef9f1-3b65-47b2-b281-72ba1956975b,2025-06-18,2025-12-28,2025-09-23
dc4db1e5-fb7f-4935-8946-0ad8b6871833,676ddc27-5189-4a1e-8839-5cc37fca700a,check,2905.51,354ca8ad-261b-4911-84c2-e2bb99a5c3a4,2026-03-14,2025-10-02,2025-09-07
b2c8991f-ef40-45e3-95b5-41d74b425c52,301adb5a-6801-4532-b1b5-43a68cf44bda,pix,6359.95,8c0fcf26-e3ee-48f3-be6d-a74fba425ee5,2025-06-17,2025-12-26,2025-11-12
468acbf6-ac31-4e33-a85b-3f4e32dca091,07d00118-d948-4a40-88db-c4cacdb737eb,check,6717.85,822f5b82-6745-4082-9ac5-c8008f51f8b3,2025-11-28,2026-02-25,2025-06-27
3be4a83b-dad8-440f-a16f-04a053ae9f14,24a06a6c-2a6f-4ccc-b987-7befb62868cf,pix,9698.58,20bac0d0-add1-4a79-8aa5-e3018ef95dce,2025-11-03,2026-03-17,2025-07-04
e57246a2-7130-4004-a53d-bd0ccd082d2f,ea763ee6-0827-4fab-af57-2402420d28e9,debit_card,6613.89,5627376b-c5ad-49af-8252-dd0f64376d24,2025-11-08,2025-05-31,2026-04-05
56493977-d1da-44ef-ac75-5bafc79171d2,895f4d54-74da-4cf2-a850-b8b0b3f4ad52,check,6685.83,1a198990-324a-422c-8656-3756ed88ae39,2026-05-24,2026-01-22,2025-06-28
1092b559-50d2-4d06-88db-1e9592452010,8b7afdd7-d356-47aa-a627-3e1fce927bb8,check,2877.59,eddce7f9-f04a-49e9-8f3b-ef341c2fa29b,2025-10-05,2026-01-21,2025-06-02
81e853f2-6ff4-45c9-b9b2-7fd32c9c4747,d2fbede5-1180-4c8b-ace5-512c25de796e,debit_card,8510.71,b7798153-d6dc-4340-9384-291f908dfdfe,2025-11-30,2025-11-15,2025-10-17
854e6ffd-6c91-4db5-967a-21b23bb299e6,32e3adae-cedf-4789-a4a6-17e34c2ce261,credit_card,8227.76,31846890-6417-45d5-97ec-0a9ab2a7a058,2026-02-14,2026-02-06,2025-08-10
a5574929-9077-4e25-b3aa-f8df2db15418,136ba8f7-58f6-400e-987a-3d6c4153bc56,credit_card,3624.21,1a5f7afd-adbd-4675-ac87-34adfabc30b5,2025-06-08,2025-08-17,2025-11-03
1b0739d6-1a37-4896-a721-376eaa14f1fb,2cd70370-e21e-474e-8b0b-485fdbd80ff4,pix,4638.2,bb80e180-7b02-43e8-881c-775ac5252c2f,2026-02-15,2026-01-05,2025-06-10
d61025cd-b40d-44c4-b710-c994e485143f,20522c6c-03f0-41bd-a3fc-25f1d673405e,debit_card,1079.98,d057184f-c776-4c90-868d-d26493a53aa1,2025-09-27,2025-12-21,2025-11-05
a31a3ef4-35ad-4b5e-be6b-c8f187594cca,1e93a4c1-bc04-470c-9177-c466dfe7dfc4,credit_card,4559.1,690d7b8b-0a61-482f-8829-d28b282a6be7,2025-12-04,2025-07-09,2025-08-19
432add0a-4386-434f-8cbd-1e1c481a6709,22cb288e-6e81-4878-b918-626342eba58a,check,221.05,3ee42c8e-65e9-4fcf-8be8-202ba2583307,2026-01-10,2026-03-06,2025-07-16
f36e733b-25c2-4b15-9bed-0285bbf064f0,f6f428de-c988-4bbd-9ce4-07621c980512,credit_card,9916.79,7a98b954-de7f-41e9-83b8-5a39db15cce6,2026-02-06,2026-02-28,2026-01-20
b6055416-b2d5-40d2-944f-4bcf51829d03,fb97b85e-fba5-42cd-a8e7-9865713414b7,check,5117.66,8335e17a-ca2f-4741-aae5-2b801e75ec79,2025-10-22,2026-04-11,2026-04-01
5907c7a0-cf4a-43b4-b1c6-2de559999390,ac3d9b3a-505b-44a4-9ef8-445e6016ff22,debit_card,4199.16,ea14e6a1-0e7e-4c69-a219-c4abb017e9f8,2026-05-23,2025-07-28,2026-03-15
ca4642bd-f0be-4ae3-8af3-2c7d815e743d,da3117d2-1f99-416a-a25c-6b0ad14aa421,pix,173.31,ca82fcea-4d28-4101-aa35-03a4b028275d,2026-04-12,2025-08-12,2025-06-07
06ac02b7-ee20-4b1b-b42c-599e0d47568d,91b9456b-3234-4fee-8e2b-486fb404dc7a,credit_card,9157.26,26db4027-6da0-4fe5-9b0b-69c700acb699,2025-11-16,2026-03-03,2026-01-20
07f9cc58-8ddc-4fd8-bb05-02fe24761fb4,ab06d534-d90a-4e20-a1d6-505c4160adee,check,1240.66,276bbb73-e69d-457c-bea1-d7d2809b1d2f,2025-05-30,2026-02-15,2025-10-27
c5e8be18-c071-4f6c-bd59-7dca649ff101,c8fa418c-1e91-40cc-a011-2db3b80dd0a3,pix,2938.21,1b92e6a8-386b-49dd-8556-9db73cdbe302,2025-08-22,2025-07-12,2025-08-26
32e5aaa8-89c3-4dea-b9a4-a68d64ddf9ff,92fb7fb4-307a-4331-9032-f62c3aa591b3,debit_card,8182.32,69fefb9b-9672-4921-ba6c-3c88996b8eb3,2025-10-13,2025-06-04,2025-11-27
51c18c0c-2859-48af-910e-0822c0eb35fa,23eadb99-4f68-4498-82c6-0ef30d453b5a,check,3602.55,3797009a-b4cc-4bc6-bd77-61b79d727a0c,2025-10-24,2026-03-18,2026-04-10
8a0f80c1-cec0-418e-9999-a0f74057793b,8d8d7fac-141f-41d4-9fb0-485337480631,check,7897.96,dbf53d3e-c767-4981-b7fe-2095c7faf903,2025-06-22,2026-01-21,2025-12-09
c3ce0554-318b-4c2c-b687-7957fee4325c,af94e81c-cad5-4297-9b4c-cdd73fc050f9,check,5449.14,3e28761a-d407-4cb3-9e77-d756a02101ef,2025-07-30,2025-11-29,2025-10-31
a585aeec-baaf-499e-980e-216270b45b26,2dd3e077-ddd5-49da-8e40-d54d7ac4e385,debit_card,8333.69,546d5b88-0c88-4240-a997-49b9e210852d,2025-06-27,2026-05-02,2025-11-16
a396a143-2ded-4881-8fed-966d213384f4,c1fae2fd-93dc-43de-95a2-d8078b1cc49b,pix,8706.48,1d45b0af-4cf5-4297-9087-09728dca749b,2025-08-26,2025-07-17,2025-08-13
6a85fbd3-cfa8-4f4b-a93a-6edbfd365fb5,859395bb-e56f-48fc-97fe-b9c15a8c5fde,check,6227.3,8bc6f755-6de9-44ee-a64e-87995ac6a464,2026-02-25,2026-02-20,2025-08-27
76cbd0ff-7b35-4fe7-b847-63654e53cdc7,275ad1fd-2d98-49e9-91e4-01a6dec368d1,pix,4769.28,715c615d-f413-4745-bb76-2f21f28005e3,2026-03-21,2025-09-11,2026-02-03
87b72da3-4f4e-4014-bd9e-7f6c80b0b597,1a0c9e2d-74b1-46f5-8449-1dcf3ee89d53,check,4066.05,a7fc419a-2f61-47ed-85e9-98342b4d76b6,2025-06-21,2026-04-17,2025-12-03
aad14420-5561-4195-b48f-79b839523b61,fb97b85e-fba5-42cd-a8e7-9865713414b7,pix,5117.66,84498db5-4483-45e1-b0a1-012a846ab078,2025-08-22,2025-11-03,2026-01-31
6858c5ab-c89b-46a7-bc22-eee6bdcbb708,460251f6-eaf0-475c-bb66-cec56a8c57c5,credit_card,6229.54,2fd84b97-a129-4dfc-b98e-6a58bc3a43cb,2026-04-30,2025-07-05,2026-05-08
26dccdb5-2089-4a70-9c33-13853232790f,b198fe9a-a5ed-46c3-9e18-a155976d558a,check,7404.46,d049a3d6-f637-40e0-a8a5-ab493c97a557,2025-09-16,2026-03-09,2025-11-27
0b26fb00-a6e1-45a5-9388-73d52e2891bf,45423d50-6c43-444c-971d-ce8bab9e90cf,pix,4637.83,65f8ba04-3678-4b88-86df-91d51846d1aa,2026-01-07,2026-05-21,2025-06-23
6b518bcd-1491-4794-b764-796f6e8b56c5,2b4a814c-5f17-439f-b4f2-e6a66b655d3b,credit_card,8096.42,0b01245d-8286-4bce-b0f8-a921fce78e8c,2025-11-05,2025-10-04,2025-11-16
af34bf16-ad46-4a18-8bac-09a313259ed1,e49e376f-97ab-4cd7-8369-9eee52f69836,debit_card,3157.85,5109cd16-3221-46d9-bcf3-da960f418b64,2025-08-12,2025-10-07,2026-01-19
61fc76ed-9f62-40ec-b62c-290e5f728deb,0f806046-3ead-4342-8e87-efe29458e497,check,3615.35,89616763-322f-43c8-82bc-c855f20de57a,2025-05-29,2026-01-15,2026-04-23
db4c9e71-ee61-4dee-ba98-696aa76531ba,676ddc27-5189-4a1e-8839-5cc37fca700a,check,2905.51,5ec3c812-06a9-4466-9316-8ba437fa37ea,2025-10-18,2026-04-01,2025-11-11
d4da280e-2638-4545-a014-37a7766f7e9d,2b365453-c8cb-4829-8a3d-e82eb9b71690,pix,6557.98,e9f5c3fa-dcae-47ff-b080-305cb3fbf1c7,2025-11-08,2025-10-29,2025-09-27
162e1e1d-0ab0-4b01-932e-2a91ad0e641a,5c2387bb-a098-48ac-97d0-1963e25096e0,check,5964.17,3677c4be-b111-4710-927b-ce9b5f1b4fd0,2026-01-03,2025-07-26,2025-06-10
829bd56d-cc40-4bee-80d0-1fbd6c34fc06,e75c32ad-a240-46a0-8ce6-560344366225,credit_card,259.2,eb10c321-4927-4fe2-9795-21d55e285cd2,2026-01-02,2026-04-28,2026-04-15
be4c8ebf-5d2d-4499-87b2-27de5e820b65,c18a0bb3-04f6-48f1-892f-563d614246ed,pix,1492.17,9381dc25-cc84-4baa-91c8-1aa7934706ca,2026-04-03,2025-12-15,2025-06-16
0c4b740f-af89-4a21-b640-33690d38f8b3,d7d16f49-6633-40f7-8dec-63bafbfe4c2f,debit_card,7092.44,c02ad602-2423-488f-94ca-03f2b1e5f078,2025-11-06,2026-05-06,2025-06-01
3eb20055-6b9d-4f60-aa5c-b28dc4fb830f,233b0906-ad89-4d07-9da2-1670be89cb44,debit_card,7375.09,582e6504-baab-4010-acee-3c1bc03ece91,2025-10-28,2026-01-23,2026-03-26
90053eca-1194-4032-a8c6-5e8c18b2296c,3d724234-2a46-4d89-bfab-26101869da1f,debit_card,6667.4,678355e3-b96b-4100-bb58-49ef07d096e8,2025-08-06,2026-03-29,2025-09-10
e00a90bb-62d3-4afa-bbeb-391135ea7ef6,49f64f97-2987-40f8-91db-ee74b0636c54,credit_card,18.4,aceb4317-74e9-46e8-89aa-dd42f3034b17,2025-06-28,2025-08-21,2025-08-26
e9147ed7-0bfc-411c-a45a-0f2f2333663d,b881ebb6-c823-43a6-9e9c-36d8710e3608,debit_card,4122.13,369878ce-57e7-4d64-adb8-694c770117c2,2026-05-08,2025-08-01,2025-09-17
5919d05b-962c-405d-9abe-e0462204decb,4258fa5f-6d94-4ca6-968a-0f86d633b324,check,1430.85,734c48a8-f2aa-4ed4-82bb-cfa5a368a381,2025-11-04,2026-05-24,2025-07-03
c675adf1-da42-42e4-9907-9905e3163091,4f443193-a24e-421e-b8fb-182b62ce45d4,credit_card,2782.82,eff162ac-c42a-4005-9958-a3c195a23321,2025-12-15,2025-10-06,2025-10-18
5e26cf20-cdd7-4881-bb91-6feafea1f0dc,9d337328-c0e6-4e43-ad02-ef25c4150e69,debit_card,2819.18,b8ada9f6-5757-4442-922f-996237798a4a,2026-05-22,2025-06-20,2026-04-27
b5591344-7eef-492c-b227-ba0964b2c53b,01c44592-4afe-4bf3-80d4-5efcbdd65fbe,check,4277.41,c4065953-9e43-4ae2-86a5-f002ce16848f,2025-05-30,2026-03-28,2025-06-11
00f10efb-c94b-4f6a-9371-b7cd193afee0,0d06e308-01c6-41da-889d-d44adac4ec5e,credit_card,7655.86,aa4d8663-5ac0-46c9-bbc5-85b2a522b236,2025-06-22,2026-02-12,2026-03-16
1e5f3981-ca89-4498-9d69-508a0da85ad8,d6411315-e386-4ba6-9c52-f7e7cd1c194e,credit_card,5865.14,5973f387-f605-4d44-86f6-bde5c7c694e1,2026-03-12,2026-03-31,2025-10-20
0c9f73d7-218e-4d2a-a972-00e3d82d9fe9,f6dd31d9-a6b8-450b-8fd8-a053fda30f14,debit_card,4430.82,dd2f16d6-140f-4ccb-ba18-580b7b4c5df3,2025-10-08,2025-10-17,2025-10-05
02511d9e-45d7-4ec6-b3a8-9fd4fac0f10f,dc71180d-250f-4c6d-a7f2-92eec7677a85,check,3104.97,cde56227-a577-420b-9c8d-cc10f4438bc2,2025-12-18,2026-05-07,2025-08-02
54843829-fe54-40ba-a2b1-dce835ccf7f8,6360b11a-6d97-4933-9928-16f3af47d1fd,pix,6172.32,a38e648f-9344-43f2-ba80-fc0d5ee4dc37,2025-08-01,2025-08-23,2025-12-19
7090308a-bd6d-47e7-b956-2581205010fc,279003d9-5a19-4113-8989-17253eba148c,pix,4918.5,c39e1bc5-7567-4b9c-899f-f7b58858ec7f,2025-08-02,2025-09-22,2026-02-12
7106ba2b-0788-4a58-8af9-85460e6e2442,7ea371e6-cfca-4a33-a26a-10e65d464a01,pix,5370.99,2e2cd278-2e19-4b2d-800f-44f84c320433,2025-09-19,2025-09-15,2025-07-03
6af161cd-b5c5-4cec-9b66-3d154fa5fc81,6f6b2ec4-a0ca-40c2-a6e5-7bc3d1545fe9,pix,7973.32,7a3d0c95-405c-4d72-b0df-7b18879403c4,2026-03-13,2025-06-02,2025-11-16
152ace4b-e019-4ca1-9d1b-2b550a584f69,ee45cb83-7e32-4873-b67d-08632c4bbf00,debit_card,6473.16,36f68713-2aef-4b78-a134-7d561b5f9ee7,2025-06-28,2026-03-25,2025-09-13
5f1773e3-1c5b-4604-9075-9d2dca3113b9,8d517ce0-65e8-4e32-872e-5b87ec68fa3d,pix,6544.23,96e42d8a-087a-4775-8523-0dfae068fa49,2025-06-03,2026-02-18,2026-03-08
f895fbf6-cfe6-422c-a73c-96e9622fb58c,2cfbf73d-d425-4b26-a03c-3c5f86b61030,credit_card,9663.34,2449ede8-3882-4a28-8332-3e2787793f1d,2026-02-20,2025-12-06,2026-01-31
e73b2247-fb6b-4313-81cc-3cb9bdc314df,3c7bab32-1b72-48de-b574-6480e050fc82,check,6917.85,2964a7bd-841e-4040-9d86-5a002ae810fd,2025-10-18,2025-08-05,2026-02-08
777c3b33-b875-4629-a148-166d07474087,10a9195e-119c-4955-a45c-62c8a9fa4f3a,check,6900.63,6866114b-5d9a-422a-8b7c-8af5ec127469,2026-01-16,2025-09-10,2026-01-25
86efa8b5-1dd5-49c6-8889-b182731c3d1b,336c1eb0-3907-4be2-99f0-4d53e47f616a,pix,622.36,6c0358a6-0de4-4f7b-8f34-4e8fbd112e44,2026-03-05,2025-06-22,2026-02-24
52242357-8170-4f9e-8c9b-18b4f1188b2f,bfdb0008-f51e-4969-9846-5397620bdb95,check,8597.08,b140d9c2-27f0-4b3f-807e-41bbd06743e9,2026-01-19,2025-11-08,2025-11-02
00d31ba0-159f-4d79-a94b-bdcb427e3331,4001a72e-98fb-4dae-88ce-8cb066a24683,credit_card,6532,6369a8d0-1a3d-41e6-b504-f674ddea705a,2026-03-05,2026-05-28,2026-01-13
8028011b-b2c0-47ff-a44c-8fef1157c710,4c5daf46-ac94-4227-bc98-9844bd09e9fe,credit_card,4513.28,215178e5-ff11-4029-883a-cf3f6ae3d3f2,2025-11-21,2025-07-15,2025-10-03
25638e10-8e64-4ca9-b832-306cbfa5a41d,7d651f6a-b6ad-4c37-be5c-87fbe3197daf,pix,4524.31,b8b2f007-78c6-4861-a52d-4cd0f7c79375,2025-07-23,2025-12-26,2026-05-04
9336ad77-f7b5-40c5-a020-ded017a811ba,b26c6575-9aaf-4083-aa0e-6158f207bf24,credit_card,6422.13,0811b43e-b003-4ec8-993d-5b862bbedb08,2025-12-09,2025-08-18,2026-04-04
cd2a6457-5098-4b80-9a5c-1e1da4d9a908,842394c1-3540-4031-8f23-7d0b5ae954f7,check,9656.7,fd3c6d35-9e16-420f-bd53-7f99bfbde103,2025-07-30,2025-07-25,2025-11-28
ef03e8fc-47fd-4350-b784-5d49a4472407,ef1d3506-de8c-4321-95f2-a2fcdd81aee1,credit_card,1142.91,e252a021-193a-46a8-9e27-f304cee5dba7,2025-11-22,2026-01-27,2025-09-24
472be38f-c0cc-4874-9660-5c6ea2bffb68,316b2ce8-e85e-4775-943b-2142a4cf188d,pix,5026.76,9afcaced-1a3a-4d1b-aaf6-52d272571811,2026-01-30,2025-10-17,2026-05-19
e3c75bfa-80a8-462e-a298-265915c58f98,3616aea4-9dcc-47cf-bb61-115a311b7801,pix,2841.1,a952f6ea-e7b9-419b-ae4f-94a0134384ac,2026-02-24,2026-02-01,2025-07-02
3ab77698-2df9-4cbb-8238-eb806e00146b,a8c9c6a1-e21c-4da6-841a-c5b9858a99f6,pix,626.95,b50336d3-2ef2-4c4d-9b60-41f3435695f4,2026-03-16,2026-02-14,2025-10-21
6cfae429-bd1f-45b6-b519-a208f72861c8,a125ac01-4ec5-416a-96aa-08636d568a11,pix,9891.78,1af6af2f-952d-41a5-9393-a7767752aa2a,2025-11-27,2025-11-19,2026-04-28
e928b21b-c274-4244-b404-02a57fd87fca,94828428-ec90-41fa-8783-9884017a32f7,check,1095.44,a0eb3f85-ea33-433b-b9ee-97fe2b3aa3fc,2025-07-19,2025-10-22,2026-03-23
341d157d-e124-4f35-a60e-844963478aca,92dc223c-a7db-447e-844c-64313b3d4e29,debit_card,6049.09,fc479283-fa42-4343-8d0c-c93f694abe9e,2026-01-19,2025-06-15,2026-01-18
a9c3d898-ed4b-433f-8113-1ed9bdaa2713,6814eeff-eba4-42d2-97e4-32fb15cf0494,credit_card,6998.1,856ce0ef-8ad5-485d-8f0d-7a66d296df28,2026-02-03,2025-12-24,2026-01-04
50566e15-e52f-4378-a192-419ffbabc6af,cba55283-1886-4a40-9434-eb3cfda5d3d9,credit_card,919.57,d4c590ad-8552-4671-ac59-de230c9072a5,2025-09-16,2026-05-24,2025-12-28
3d10b689-403d-462f-851b-8d07f4c73b5e,200c5468-b12c-43ae-9054-607e94b81a08,check,3532.01,9943bf84-dd05-4ec2-995f-b2e127ebf2b0,2026-04-24,2026-04-20,2025-07-22
14d7fbdf-92db-486d-b841-a69a066cf91f,7aaf963f-655a-4f74-8229-62b8bdd579da,debit_card,5904.23,2c2a9660-0a5a-40ce-a5d7-0c417d090c93,2026-02-10,2026-03-14,2025-06-05
3241ee5d-4236-4df7-a01d-a9479fc419aa,972ae1de-25a6-4ffb-ad73-1299e905fcbe,check,7008.66,a7036a54-67d9-4eb6-961e-478a659d417c,2025-11-22,2025-12-04,2026-03-28
fa5ed136-cf59-4456-b891-52189fe2dc0c,156e7411-d632-4917-b4ec-d49980dd7a7e,pix,1085.78,fbffe110-8db1-477c-ac53-d532f6484954,2025-10-07,2026-04-05,2025-08-16
0b3ab785-9047-49a5-8b0d-d3ff7ad03e95,233745b4-a329-48c3-9bfc-84a9e2c03c20,debit_card,8557.6,1f94f757-e013-47f2-a5a5-14dc67c4959b,2026-04-28,2025-06-07,2025-08-11
a0b5108e-ee94-4c6b-8d1a-9ee1dc704eb8,81ba48d7-7840-4527-829a-3851a89ff0ed,pix,9467.64,79a2a20f-bc33-4646-9c5f-90ac39bd084c,2025-06-15,2026-02-26,2025-10-18
7b3b4384-4547-4f70-bb69-8c29610deca0,fb0bb31e-b4d3-457a-bcfc-ed0234e3cbf3,debit_card,4560.18,476ef4e6-a698-493c-a356-21c89b86bea3,2025-11-08,2026-03-09,2025-10-07
791edff3-693c-475b-abfd-632f70eccd98,49f64f97-2987-40f8-91db-ee74b0636c54,pix,18.4,b6c6dbc5-9fe0-4a03-8576-d8ad054d6645,2026-05-10,2025-10-12,2026-05-10
df03bef3-cbbf-4396-9aba-fe1beed68cbc,8b7afdd7-d356-47aa-a627-3e1fce927bb8,debit_card,2877.59,4b47ca11-d643-4b36-b1cb-aae4db93a735,2026-03-21,2026-04-07,2025-06-16
bc0f53fa-ada7-46ec-8290-feb225c57fdf,e8e82e58-1618-4380-8387-2605d0bd676b,debit_card,5638.46,187f3755-14d6-4acf-a84d-60b4c4b5e297,2026-03-11,2026-05-26,2025-11-02
dc67386f-dcab-43fb-bba6-92569773ef51,fb66f12f-1b66-4db6-b0e4-d026d6a74fb7,debit_card,5922.66,6b976ebb-f494-4772-b987-46a42518d7b7,2026-04-03,2026-02-03,2025-12-12
4e7d4e2e-4294-470c-a040-2e986bf6e873,ec4a1325-69aa-4836-8664-3f3f1cd8e08a,debit_card,1967.1,dd6f4017-0278-40cb-b946-9f833526e2e5,2025-06-02,2025-12-27,2025-06-12
fbf90ca3-5ce5-4a5b-8aa4-9f28f6ac6298,db422da3-f422-45d6-97ee-ab9efbc4c47b,pix,3935.25,602b879c-4f1b-4a2d-a088-d0493643269d,2026-01-05,2025-09-18,2026-01-25
945514e0-b07c-46f7-a35b-09ce511f5812,7ad6edc0-c52a-4f51-95f1-2361c928d3df,pix,9589.59,28f44646-30cb-4c5d-83e8-115abe5c1bfd,2025-06-15,2026-04-19,2025-11-01
ef035d44-64e6-4fd1-b1be-c251cb7e692b,3518be8e-2d46-422e-9496-dfa5bc325fec,debit_card,6032.13,af4df7ee-c365-4cf5-ada8-5d9d471662f7,2025-12-10,2025-09-21,2026-05-07
b82e2765-78c4-431f-a664-78e0aa359ce3,874fee2e-9ee2-402b-a29d-ba9b9130f207,debit_card,5566.78,c0b6baa8-8a60-4fb4-81ee-1dc030c39e83,2025-06-09,2026-04-10,2025-10-09
a71977dd-342d-4125-8d80-debc0c81044f,02eff6b7-23a7-4daf-971a-67a205220c24,debit_card,7533.87,96915115-c133-459a-be68-c963350b1905,2025-07-31,2026-03-20,2025-06-06
1d925b40-1513-4c02-b798-f218b587e15c,50ddcebf-9cb3-4f97-b58b-78e5dbf5d5f1,check,6578.25,736e4d67-aa60-4320-a5f5-2f6a70e38a77,2025-09-19,2025-12-08,2025-12-31
cbae7446-f7a0-48cc-92e3-2e3d77823edc,8a3b158b-2d72-42a9-a78e-02aa56958f8c,check,9234.5,29107ab3-cc3b-49df-a7b9-a1ea493aa892,2025-07-17,2025-06-13,2026-01-11
dfe1fc3b-ad40-46f3-98c1-73014bcbe4b7,7791e9aa-5713-4206-8fc3-b66bf6cef588,check,6061.3,98c5a2a5-9678-4d83-82f5-6686ef1b7d27,2026-04-29,2026-03-02,2025-07-08
fc390c6b-1847-4dd5-a101-b7ff9f26beec,99100ae6-cd6b-4b95-8cc9-d251f09ea193,check,9238.91,412770e8-71c9-4169-8442-7f9921356290,2026-03-30,2026-03-31,2025-09-27
c55eef79-58db-4ff2-8405-d686d9a23358,45e4b53e-8cb7-4ed6-80a6-d8762c8bca1f,debit_card,3485.54,61eb306f-b069-4597-a231-62d19869823e,2026-03-26,2025-12-04,2025-09-12
4485418d-cce7-4ce4-976f-c988c68a5784,6741ecd2-5dd2-441a-977d-593fdb5f6b9e,debit_card,5547.4,07b69b18-6f16-482e-99f8-bde03d0246bd,2025-10-31,2025-10-31,2026-05-02
0d4235fe-ee0c-4ebc-a7a2-733c5bbfe7f7,62df86d5-c27c-4750-a361-1e68de1b4dc3,credit_card,5182.06,7eda118c-726e-4dc9-8df1-fcf6dbdba679,2025-08-07,2025-12-19,2025-10-13
9ebaac7e-ef05-41b1-b28d-20b09ac8711b,2f6a6ba3-8714-4c2a-9e74-28581edd74a4,pix,5142.67,bcf80c54-163d-4ee8-a89c-ee7232329456,2026-02-02,2025-07-25,2025-07-05
538d29ac-e5f1-4e70-b8f2-52010b3a163b,9ed7d9da-c151-46e5-90c2-8a95aab2f3d7,debit_card,9753.14,8ed1380e-7f49-4ef2-a2f0-eac1999ba066,2025-12-03,2025-08-23,2025-07-08
498f4a8b-f81b-4292-99d0-d4f7c92b55a1,c9828d28-f6e7-475f-aa5b-39f8c9c3ed55,debit_card,7936.27,f1f7dd13-834b-4595-8c4e-7e83e90236f3,2026-04-01,2026-02-28,2026-03-10
6db3b6ef-b79d-49c1-a89e-515bd893f7e8,775cdba9-07d6-457d-89a3-d0c5ce545bf9,credit_card,4883.45,17e532b3-2e29-4612-b55c-4ac5d8f88bfb,2026-04-18,2026-01-13,2026-05-27
74908c22-36d6-4f72-b184-c3f510b6ca33,58d35cfa-715e-4dca-8447-59b4621e6a66,debit_card,2903.58,428794a1-fc1d-42a6-9ec8-2d178909de38,2025-12-06,2026-05-03,2026-05-01
bb514ff0-fe78-486d-9965-f5b7b127ebd3,3e3afb5d-8ee4-4e1c-8db1-e87b8dfe2636,debit_card,28.24,b11e2b34-2a6c-4021-b396-077f55955f10,2025-08-11,2025-09-24,2025-09-14
c9ab36ef-19d9-4d0f-99bd-e8c884a128bd,a402a84d-eeb0-48ff-9976-21e228045869,pix,939.94,5537a011-3ac5-4b8e-b6cd-5851cd4b4bae,2025-12-23,2025-11-29,2025-10-17
8c981962-1d93-4964-ac17-ea331f9cf580,f2009a48-90d1-4703-8b5e-60ca01e91d61,debit_card,3979.75,69fa6e97-997f-4abc-a083-7f0c402612d4,2026-05-27,2025-11-21,2026-02-26
355e0911-825d-43fe-b668-7139eaea4698,2e37538b-ac63-4daa-8f6e-9c263421f217,debit_card,9909.95,7990b967-541f-4872-ae7c-1c1b507e2499,2026-03-10,2026-04-06,2026-05-12
0c32802e-95a2-4757-8e4c-da49cea580ca,37425314-d65a-4f81-9888-a2df065f2456,pix,5137.87,72a2fcdd-fcb1-40bc-9929-f8b79c407974,2026-05-07,2025-11-04,2025-12-09
6f89e9fa-6107-4635-8c99-396e8218573a,1e52034d-6f60-40d0-8c19-4e83a566c49c,debit_card,3374.86,0b884f9f-b150-4f89-934f-160bb687f29a,2025-12-12,2026-02-26,2025-12-04
0fe00a17-ccd3-4b64-913b-30a33beb1178,db1c8806-ddec-4d0a-91cb-058bf74762e5,debit_card,9962.25,b5fa737b-d03e-498c-876b-9ba899302c45,2025-12-20,2026-02-02,2025-09-24
2d948a6f-9bf6-4778-b6ff-0af25e459747,57cbf303-8a93-4f99-a65b-a1107a61e9e6,debit_card,3853.34,19b1074f-ea72-479f-8c96-e5a647a3b8fe,2025-05-30,2026-04-26,2026-03-22
34c72d2c-1c0c-4a30-b7e9-58cf0418e7a5,3c6b9f21-c5fb-44f7-9aac-5303efff9d2a,check,7352.55,9bbeba13-231c-4f5e-942f-b4649663de42,2025-06-14,2025-05-30,2026-01-03
39cda969-03f1-4ebc-8cbc-99efd5698b0b,f21647dc-c908-43d2-b7f7-57cb7336439b,check,1643.24,775a431d-d723-4f00-837f-3bd4fd473231,2025-06-25,2025-07-23,2025-12-25
0058ce59-26cd-48a7-9b01-ccb7f0b9982c,b3598a1e-5d7c-4eb0-9f29-e7354f1db3e4,credit_card,1645.74,074ce17c-c603-434b-814f-b14843246861,2026-05-15,2026-03-07,2025-10-21
cf44b49b-a2c5-485f-868f-99575dba58ee,67dd9270-a55c-45ba-a1ba-c87a593778bf,debit_card,1894.24,6a6d50db-fa79-4f87-8c28-f20dd35ffc0f,2025-11-28,2025-09-11,2025-07-24
d588c73b-739d-474d-af52-0e0ff626c7e4,228882e3-eb42-4c33-ae79-5e5b38265f71,pix,2911.52,a5ffec41-b672-4607-9c99-1b3c6ca7761d,2025-08-15,2025-11-02,2025-09-13
e43dc829-49e9-490c-90f7-1072e92d9b8f,269b4ff6-d85b-45ca-b903-3d287fae60eb,pix,4531.92,db46ab0b-5351-46fd-801c-76e2fdcd7ff6,2025-07-12,2025-09-05,2025-11-11
f68da1d0-a4eb-474f-958d-4b2409fed101,7ad6edc0-c52a-4f51-95f1-2361c928d3df,pix,9589.59,2d1a4713-520f-4229-bc3e-5109542bc3c8,2025-07-05,2025-11-13,2026-02-11
1e4201ad-d03e-43d4-8589-0891074217ca,fd5605b5-736b-42ec-958d-163b7e90d51d,check,5006.6,cd13e24e-db11-413f-9a7d-e4b83af25c21,2025-12-31,2026-02-24,2025-06-20
4dcb4094-bff3-48dd-804a-41bd04129d13,1ae564ec-b912-467b-9e0c-31f21c93be87,pix,2607.86,c805b132-7b43-4153-a97c-80b17d7892da,2026-04-16,2025-09-04,2025-07-22
d7d2b6f8-bb25-4927-8e26-4001e524cb43,95c5b60b-9eaa-4aa1-98da-a4a7a7b70186,credit_card,9572.4,cfb307d1-a05b-404f-9be6-cffb64506c71,2025-07-18,2026-02-11,2026-02-27
6e835274-9612-457f-a567-95ace7017086,35c48875-5ffb-4f65-8076-dec004153a1f,debit_card,5553.06,4f99f3b4-2ca3-44ca-9178-ea8790371a89,2025-09-21,2025-10-17,2026-04-30
cdd8b804-d7b0-49f2-b3f4-46d745e52737,0bd19e0e-2e5b-458d-ab1d-67db3cf1f99e,credit_card,2502.93,5d407077-16ee-4369-bad0-38ec7e32bfd0,2026-02-24,2026-04-03,2025-08-28
37fade50-893d-449e-a44b-8176a60617d0,0d5ffcf5-5517-467f-9d38-ecec31c58eee,pix,5675.09,2cf08b69-8571-40fa-8cca-e385dfa6855c,2026-04-17,2025-11-15,2025-06-02
1b778ffc-1c0c-4503-8d4a-74b7eeaf363b,1109a1b6-f8b2-4e14-9c3f-32dbc394316b,pix,4848.84,94a7d92c-f115-4bc6-9a17-f64f84c6e2e8,2025-08-29,2025-10-26,2026-03-29
ac76bb46-248b-46e4-bcf3-91a23d087b37,8fb562ae-61da-4295-8c7e-5149ffa7c2a5,debit_card,5773.43,6e6872f9-cadc-4468-9f44-0ffe7bd05ac5,2026-03-20,2026-03-06,2025-06-07
97ae402b-35b5-4d83-99bb-6183f6ed3ff5,48d78704-86c2-49bb-a43e-0b114b38c114,check,3867.09,26aed4fa-7f51-4e73-b4db-852f96c6decd,2026-04-28,2025-12-26,2026-02-15
657a019b-5aa5-463b-b409-a28af182e89e,eceff1e3-c7b4-4536-92e3-159f2c9665f9,check,8977,e5136be8-3662-42e7-86fd-7b859a2aa8d9,2025-10-29,2025-11-08,2026-03-31
67dad6fd-3eaa-4f21-ac96-15701f717403,cf128de5-373e-413a-b4f4-5d61f3f54715,pix,3229.98,f79864a2-b85d-4bb7-ac9e-3a0336bf9386,2025-10-07,2025-06-22,2025-09-26
22dce2cf-6c7e-42b9-9e08-4e3ddf5feaff,5d8efda8-a5e2-4048-b984-2e4f734fc4df,credit_card,3960.57,72f1dbc5-a94e-4d9a-a840-9f968fe73b0c,2025-11-07,2026-02-17,2026-05-27
678c2801-3fec-4cf6-97b2-7d6520eb65f5,9f484c34-18d8-4499-bdbe-46f3b0c630a7,check,9874.48,82430216-1141-4f42-a85e-15d8205f300c,2026-02-17,2025-08-10,2026-02-20
53447734-b127-467c-ac1d-51cada9091a2,95c5b60b-9eaa-4aa1-98da-a4a7a7b70186,debit_card,9572.4,66698cac-7c9d-4f00-9886-8e16c457a9c9,2026-02-27,2025-12-26,2025-07-03
3ee0d4e1-e4cc-4798-ae84-ef8d85395edc,b852cd1e-d762-4b3c-afcd-f465482f6242,debit_card,7735.71,c01811d2-23da-4085-a63f-b501075414e4,2025-07-22,2026-03-04,2026-02-04
4f75cb08-ccb7-42ae-8719-6898aa19f1c5,aa59b934-ddba-4278-af78-68669d90cfba,pix,4894.33,32451515-16e6-4d15-b7e1-d733be9c5540,2025-10-05,2026-02-01,2025-07-11
47385bac-ebec-40db-a444-74aaf5803271,7af58685-7e4b-4bef-a2ea-0648e3b49a74,debit_card,3382.09,f05e7c32-e116-4530-bb8e-5567d9fac6dc,2025-11-23,2026-02-25,2025-08-23
bfc1909a-ff25-40d5-b137-2baec74a3c01,e9292454-5da4-4ce0-8f58-98c706bd64ce,check,6408.06,8206c6cc-e0fa-48f9-8ccb-63cab0dee5d5,2025-10-11,2025-07-07,2026-05-20
950043e2-bd8e-4e7e-b0f1-9e2f2cf8f2f6,3e13dfe5-5ae9-4716-b7b6-11b754a80619,check,8871.43,a0cbac6d-9503-4fe6-b541-e0063879c0ee,2026-03-05,2026-05-01,2026-05-17
1a8ed1f7-a39b-43f1-964b-50e41ea2d179,19ab92d4-f945-49cb-9223-ed4b01feb37a,credit_card,4851.42,6a04f5c9-d1ec-43a5-8226-9402aa7e5a86,2025-12-16,2026-01-25,2026-05-26
6a014106-bf10-465a-990c-b53c7ed4fd1c,9cbb112d-0b34-4142-9b67-ddb7952a53e6,credit_card,4938.58,4f6085e3-02d3-40ad-b735-5cd86267eecb,2025-11-05,2025-07-08,2026-02-11
96a386aa-db06-4256-a9f2-55f1484232d4,8b588e49-57b6-4a48-8220-f28f77c2368c,pix,2430.33,6e9d75b8-1ddf-45e1-99cd-de4d36dc3b21,2025-08-11,2025-09-10,2025-10-16
518823a3-f800-4a11-a463-1b53cba0d797,62ff39e4-1f97-41ae-81b9-8e50e45e42d5,pix,112.99,219e09b9-68a1-45cb-b91d-1bfd124d8152,2026-04-23,2025-08-22,2025-08-18
9a4954bd-8887-45b4-bf5b-28669652fed2,bd57b605-ef15-4a3f-8c61-58c0acfb390f,debit_card,2450.18,d3664215-e967-45ee-9b38-9930a9311003,2025-08-26,2025-06-22,2025-07-15
c5b1fc36-763a-42fc-be78-99497c37b2eb,76f0c176-5489-4e49-995f-af45687fa79b,debit_card,8773.6,6060982e-15db-42cb-ba5a-98c266576734,2025-11-21,2026-02-13,2025-06-26
3b318817-9e16-4f33-8788-4b44ccb22968,e1060618-f74f-4b16-94a5-ff1361bb8b25,debit_card,8301.61,9c7087b0-f32b-412a-b406-c3688adba81a,2026-02-23,2026-01-20,2026-03-23
d8131ac0-4ba8-48dc-9f8b-56769dd6c331,20167e09-f80f-4609-8946-0d283173a222,credit_card,320.15,b441c140-eb78-4455-a1e9-c3cf0b91ddbd,2026-04-29,2026-02-16,2026-03-19
87e9e087-50a8-4276-abfb-ba813755340c,d55607f7-fb78-4f1a-869d-eb802a3c4b9e,credit_card,1407.61,6d0d69c2-68bf-490f-87da-d17b56e149f2,2026-02-13,2025-10-14,2025-10-31
f6bbc669-1a3a-42c3-a9eb-07764df4fdaf,526c6bdf-f0ba-4c0d-ae8b-df82731eaa7f,debit_card,960.41,7bae6a93-d0ee-436d-8175-06fcc0a136f0,2025-10-07,2025-09-12,2026-02-05
45efce82-89cd-4448-bed9-3f3d587d0988,2839ecb6-650f-4ddb-bf94-4c0d6f8c41a7,pix,8427.99,a6c1988a-2b2b-4aa2-b959-30a842b76ee4,2025-10-05,2025-06-16,2026-02-14
82ca3667-521e-4583-a81d-e579c5b25c81,6d83e150-6201-474a-9438-b5e71410dcb4,pix,9957.71,f4350ef0-d827-4423-a7fd-532dbf01ac53,2026-04-19,2026-01-14,2025-12-22
f946d974-41f3-481e-9057-fd78af320304,35c48875-5ffb-4f65-8076-dec004153a1f,check,5553.06,6b357553-dc13-466e-b9f2-1408f383f515,2026-04-16,2026-05-23,2026-01-08
c9ff279e-a990-4882-a229-3103ba7a4140,a6a91b4a-f2a1-41a4-9b8a-ab4c3b05d9c6,pix,7033.43,28cbd774-8490-4546-97e6-d2fcb4d98539,2026-01-03,2025-11-09,2025-06-09
5b798134-f38f-4bd7-b833-8bd7d2ec9469,12222059-3876-4598-b9bd-f185127eb7ab,check,3616.35,a3c67cf3-a78d-4ac7-af45-e33555a3f071,2025-09-04,2025-09-01,2025-12-19
08f4e176-8512-4715-9d10-b5a2a2c4da31,26b4f3d7-9300-4e40-b9f2-68bcd11d74a2,debit_card,3527.18,25c268b9-e269-4f75-9be0-ad6e377b585c,2025-06-25,2025-07-06,2025-10-26
4dcb2cf8-d242-4c54-96b4-1727af123a31,2a7f7790-c683-4804-9100-cff9531c6cbf,debit_card,6803.57,dd61e8cb-84fc-4761-8737-8681cbde6a77,2026-01-24,2025-08-31,2025-10-23
b63e98c7-8e35-4f13-847b-12f1828bbb05,4672ae3d-17be-4ec2-a098-c074a5e92032,pix,9087.26,092ddb95-8c5e-4128-bc0d-436df838279b,2025-06-03,2026-02-07,2025-11-25
1c6d17ec-75b3-40ff-b7b0-9378f5bb8c53,8f71e8f8-a63b-49e2-bdd5-7e48f4bdf778,pix,3254.25,9a1655a0-1657-4c75-b9e0-ad8b291fea58,2025-09-12,2025-11-02,2025-11-25
05cc531b-af37-467b-8e69-5468e29bdbf3,f2009a48-90d1-4703-8b5e-60ca01e91d61,pix,3979.75,3947ed42-fb36-4ee6-8baa-302c48e3f48f,2025-10-17,2026-05-16,2025-06-15
f01d73b9-3ed6-42a9-ac05-031e9f0359fa,bf5e82b0-4e84-4043-b77d-5b6aa76cae63,check,9425.08,4d4d6f04-26d1-4e94-980c-86b7fc3bf233,2025-12-13,2025-09-26,2026-03-02
6c9380c7-4d4c-4f6f-b1a3-e90e38df2ea5,da7382e2-473e-4574-aeed-2932f83776cc,check,437.42,26f301a3-2775-4749-aec2-a0266ec67a26,2025-06-19,2026-02-10,2026-01-05
7d29a0bc-c07f-49aa-bf11-aa5924af8fb1,606c3630-989c-4900-943b-526e4b391d9a,debit_card,4588.32,30bbf514-09ca-4861-8912-04a22adefc30,2026-01-29,2025-10-17,2025-09-30
bc0720a0-6031-4cda-a0f3-fdaa2bb8ccad,d78d1f65-b43d-4aaf-8361-4e6f518da4a3,check,3355.64,af746440-5eb8-4362-b8b3-35ba83cbac63,2026-05-27,2025-09-19,2025-10-30
06ece4e1-7676-4c65-b147-1c578ae81f0e,4884cafc-2246-429d-8989-67b6f8815fcc,pix,6179.95,19bfbc37-b50a-4634-a5df-9bcbb1a08eea,2025-07-24,2025-10-13,2025-07-24
40557316-debe-4e30-85cf-fab223e5ea79,12222059-3876-4598-b9bd-f185127eb7ab,check,3616.35,a59588ac-4ee1-4fb0-ba9f-9c7f5aa53f75,2025-10-31,2025-06-29,2025-12-01
77e927ed-e68d-4c74-90fd-aab92e612001,ad01e20c-aab9-40cd-9663-5173033bdb99,pix,4297.12,a436983f-8314-449e-b28d-c3c2b81a051a,2025-08-25,2025-09-02,2026-04-05
b4f7f3d2-41e3-4033-b5ef-76b3f7f253eb,97e84fc5-308f-40e9-b8bc-9ad5f1aaf564,debit_card,2634.95,7edfe48d-cd89-4279-a448-fab3f1cbd2e2,2025-06-16,2026-03-27,2025-06-09
c4f95ae1-ec17-4a05-a2cd-7fbf2df44a52,4015a754-bd96-424a-bdd8-0cd4b5da92f5,debit_card,4865.62,d1a57c72-5adc-4078-ad02-dc6c16d1c525,2025-06-22,2026-02-15,2026-04-11
20373e32-9d8a-4fad-bf2e-96b885b6bc9e,c1fae2fd-93dc-43de-95a2-d8078b1cc49b,pix,8706.48,9f6ba944-57e0-4aa3-b15f-3ac36473b869,2026-05-02,2026-02-16,2026-04-28
737d89e5-b5dd-44b3-95cf-7b44ed7ee2c7,9be89e2c-4116-4669-b049-bea74cc83433,pix,5554.54,6a135d20-21a4-4d60-9c49-9eaa84608013,2025-11-15,2025-06-04,2026-04-07
7285709b-28a3-444c-aa33-712c0a1e8676,a242914f-25e0-4c70-b89e-3b117ae5b29f,credit_card,1571.67,e145597f-5ce7-468b-bdf2-76b5a382fd23,2025-10-29,2025-11-11,2025-09-28
6b5b31e0-f75e-4654-9235-fe9fb93b555d,7647713b-aed9-4db4-be60-af5a720be908,pix,6922.07,3f778572-8208-49c5-add1-94701cc3c51b,2026-03-03,2026-04-08,2026-03-28
e933e368-b3f2-4ce1-8662-f24bfa2f768b,ad6dc67c-6017-4145-9acd-e72bbe6dce81,pix,2379.83,0a0bbaa5-4615-4222-8f08-4587b1403aa5,2026-04-04,2025-08-05,2025-12-05
84eee9d5-b57a-459e-9f9d-40eea0dd8e06,9b7cb0b7-1694-4698-830b-cddad35b800b,check,6079.54,2e4fd6ae-582c-42f1-b63d-cb0c70b51d34,2025-12-22,2026-01-08,2026-05-11
01d53524-2c3e-44d0-9bd1-eb0742906851,67dd9270-a55c-45ba-a1ba-c87a593778bf,check,1894.24,c98b584e-2189-4720-bcc9-112eb9ae4d01,2025-12-10,2025-12-11,2026-01-29
8dfc5275-65c8-4d1b-a2a4-5d77c51a61ea,2877bc42-3e7b-4b19-b953-4b29344cfd5f,pix,9639.49,235c86e6-a076-48b8-8e03-201712bbe212,2026-01-17,2025-07-10,2026-01-04
aab8029f-b97d-4b66-9a89-6805afa20f2d,5e3ac788-0555-4a87-b165-7f5581ade755,debit_card,3343.97,76169ee6-e94a-453c-8461-fcbb72346b7d,2025-09-10,2025-12-21,2025-12-25
9e6679c1-7ea0-4052-ac98-40c0787ddea9,55f1970b-187c-46c2-afb6-342d360358cb,debit_card,8703.23,70f04dd9-ea74-4d01-979a-6068bc3c28d3,2026-03-19,2025-06-10,2025-09-10
d08179b5-12d1-41fe-a950-6323531427b3,ecc74b69-0f5c-4614-8d35-386c2b13446c,check,4216.21,e76f04c7-3b40-4b85-b688-1aa3b57ea732,2025-12-12,2025-12-11,2025-06-11
5f5157f2-62a9-4cbb-bee1-a4c2c38f4f45,bd229101-d1f2-45cc-9efe-2e9fee7abdf6,check,4726.66,4d6a8fd6-2960-4564-8b83-a403e963dd91,2025-12-01,2025-08-01,2025-10-22
3f4c4672-df27-4371-aa1c-49a4cbd68dd6,87549b99-86af-41be-a096-25039425c56e,credit_card,4872.16,d350af6d-7e58-40a4-a65b-74cf41065ad7,2025-08-18,2025-09-28,2025-06-06
9064baa5-2143-48c9-9ee5-24736d9d349f,2698b6ff-75c5-4ba2-ae69-11ccbd8c83d1,pix,5236.74,4cd76423-873e-46f6-a766-06bcac4283d9,2025-08-05,2026-03-14,2025-12-26
5839ddcd-5949-4096-9ee4-95f369f16ce1,df1fa2e7-1916-4ff5-acde-3ba9ac65faa7,credit_card,4971.74,e43ec25b-abc9-45db-b5f1-14b8e350b9c9,2025-10-21,2025-09-24,2025-06-11
c0b370a2-1bd6-40f0-aca6-05a45d918856,7d8d12a6-d190-47c3-9f19-77154404c565,check,5637.54,0eb0ce5b-7a20-405a-a3dd-eb3e7ddf74fc,2025-10-26,2026-02-01,2026-03-20
5030b916-398b-4b45-b818-71adb2001614,cde794d0-9075-459e-baae-51cc6030fe4c,credit_card,7253.26,19c4a6e3-684b-4cc9-9341-0bfc4bdf01d3,2025-11-24,2026-04-02,2025-11-03
c7b16c13-1b0e-46da-9aab-5a271636e2c2,fff8e352-0811-486c-84ee-b7af40e1d6f4,check,6004.41,034219a1-e418-4cb9-9f46-db3ba1aadb27,2025-07-21,2026-03-29,2025-09-21
f42e1af3-f83a-4da1-b3c2-8d681c3e2d5d,999d658e-88d9-4a3b-b593-9b80ba09a119,credit_card,8739.43,1f3dc5a1-1da6-48a3-a32e-bcd4cc92dc2a,2025-09-06,2026-04-02,2025-09-14
b66afa02-edf0-4227-9f2a-0e773c7c5f20,a993bad1-e271-40e1-bdf1-773eddb4ae0a,check,6735.32,42ed789b-235a-43a9-a6a1-e93e1aedbb88,2025-06-04,2026-05-05,2025-12-25
34db22ce-2d4a-4ad3-989b-f92b47fcb59d,38865100-cd84-42aa-b7c8-1438962a8a34,pix,9884.07,f2469088-3362-435b-b87e-e433bc2e4f12,2025-08-14,2026-02-19,2025-10-31
13d52f5f-c11e-4e00-8b53-179744a679a6,6351c453-98f9-4793-ace0-c687241baf78,credit_card,6188.84,edbc6c36-daff-4e91-9767-4f30238d933a,2025-07-12,2026-01-23,2025-09-02
337b7d58-d555-48a4-aaa4-832105eed033,bd3ae956-160b-4de0-9cbf-db233fa787d2,credit_card,7352.36,e57f2e38-6206-4d02-953c-20aefd57b427,2026-04-07,2025-11-01,2025-06-05
02775955-6f8c-407d-aefa-2d36136d29f2,1398d645-7bba-4c94-aec4-67b8eb3ff84d,credit_card,1694.76,efbe8209-fd2f-430c-a84f-e2b28836fa71,2025-09-29,2025-11-20,2025-11-02
2c30d0fd-6ded-4a4a-9a7a-e6ce1cb8e0ee,04bb3bca-d505-4afb-b6f7-963c769d9e79,pix,8430.81,576af527-8ebc-4915-b34c-547193ec01cc,2026-01-20,2026-05-17,2025-07-25
f99eb46d-e4db-4b40-9c95-c1d86fe9a6ed,c15b2778-5190-424b-818e-55613c05ddcb,pix,965.83,b56d4184-02da-4fcf-ad87-4c968a87ef04,2026-02-18,2025-09-04,2025-07-20
e7a472a5-5b6c-4718-a0ed-471bcf6fd700,6906b1b0-22c9-4c62-b101-93d984a55da6,check,6230.51,1c01aaa9-4dea-44c5-ad71-63837a1e90a6,2025-10-22,2025-07-05,2025-12-21
87f8c7c9-5a78-4880-9ffe-c1b1cb0faf5f,3ffed84f-be97-4cdb-9db9-01042dfa4140,credit_card,1433.39,a17101f6-7f6a-44f0-8cf3-bdb89b4b91f1,2026-05-18,2025-08-27,2025-10-14
54a925a1-530b-4759-b058-7fd1bfabd0d2,87fe6956-4f2a-4632-b0a6-30e970392814,pix,4670.41,9c4804b1-02e2-4c40-ab61-09b23f155f05,2025-10-20,2026-04-01,2026-02-24
498db40e-de20-481e-9f51-60ac79f70687,749208ad-625f-4e20-8e7e-44e6de1da3bd,check,5144.94,5e91b9e9-7375-47a3-b33a-9b11a72cc55d,2025-09-07,2026-02-12,2026-02-27
7c2ce514-199e-4f11-bc5c-1a1b0268e378,b8037550-8aaa-4863-aead-0a35db607ae0,debit_card,7159.02,b4d2a371-dcbf-44db-982a-2dbdafe3de15,2026-04-24,2025-11-16,2025-08-03
b57498b9-d006-478b-9493-a9f7b439dce3,a419a28f-4bef-4b33-aa4c-77198b5abf38,pix,2850.32,b51b4b8e-54b3-4845-bba9-4501a6d34f1a,2025-06-14,2025-08-18,2026-01-04
06f0202e-837b-4838-a087-2f55355a8d1c,888343d6-ccfe-4500-aab8-8d12564b5aa0,check,9816.86,4f4cbf86-4147-49b2-bfef-731a396e218e,2025-09-11,2026-05-02,2025-08-14
35aeb9db-fc93-4329-b00b-0b28eea21994,df6471fd-c4bd-42f9-93ab-a2c82e459de6,pix,7560.58,bb4b1f65-6521-4fbe-a1c4-b972883fdae3,2025-08-01,2026-01-10,2025-10-31
33ecac3b-b604-44d0-9a75-d7e7c4313c42,3764a4fe-6e2e-4a58-864b-c2c120eef6c8,debit_card,8860.23,b6283c95-0652-431b-bfb4-bc38869c1a30,2026-04-06,2026-04-26,2025-11-12
23ec5366-3358-4623-beb1-7d21af184a8c,3fb59c1d-cff9-4936-8acf-e7207154dd62,credit_card,5204.7,5641e418-8a54-4798-8e97-a1ef78a53307,2026-03-05,2025-10-31,2026-03-06
6c07901f-e3ca-4979-8109-2022138d939c,c18a0bb3-04f6-48f1-892f-563d614246ed,credit_card,1492.17,0729d5aa-32c6-4896-bfaa-af41ef980bfd,2026-02-07,2026-01-10,2025-12-01
a4c032a0-b3d1-48d6-b266-19c83a04ed88,4cd9f631-662f-4d3c-81ec-2b3b3bf8e1cd,debit_card,9467.71,1b35d871-c580-4ebd-9d59-d6c49b262775,2026-01-22,2026-03-30,2025-06-09
1df2ae53-ac61-4c49-a70d-8fee52fa608f,a3bb3d96-969e-44f2-88ac-12c6889e6fd7,pix,567.15,dfb1c653-8f6b-4c4b-ab44-f0cbfa620c3f,2026-02-28,2026-01-10,2025-09-07
69e8ed0d-0960-41fa-ba34-388336b81750,3e13dfe5-5ae9-4716-b7b6-11b754a80619,debit_card,8871.43,d9486761-7701-4ab0-acc7-da71933267ac,2026-01-30,2026-02-04,2025-12-25
9040a73e-5e31-4fbd-acae-acb042bbe341,94816a99-c6b9-4fad-9910-d00bc1b71dbf,credit_card,6898.33,1ea8c7d5-be45-4a9d-99c7-8bf56609d57f,2026-04-27,2026-04-21,2025-12-17
1307b9b5-c472-4de7-9eea-3258141be36d,c6fdfc0b-3a9a-4d3e-9153-b1be26f653b9,credit_card,2842.3,31b93b47-14ed-4c10-a4a2-f8a52e1c02ec,2026-03-06,2026-02-11,2025-06-20
e9733176-3b5b-4179-8858-08e420e0d2c6,3fdcfa79-c7d3-467b-8970-836f96d49d0c,pix,533.67,f7c59ab1-08bf-429d-a617-b0b490cc379f,2025-11-10,2026-04-14,2025-11-16
c80c52f3-62ed-4a11-bf04-d8cbf2aa4812,d8ccd8fa-6a99-4b21-af8e-6e300e507685,credit_card,5353.64,3d5c206e-7a18-45ba-bb22-8d9c3a924303,2026-03-18,2026-04-16,2025-06-21
b4f68ef2-8b89-4cde-8901-d32cfed42fc7,aa59b934-ddba-4278-af78-68669d90cfba,check,4894.33,3ea156b0-d54e-45fb-a1df-7cdb1e8bd543,2025-10-20,2026-01-12,2026-01-18
d7195e6f-7e7d-4de0-97f1-ad70d3738f8a,1aa5c08f-0a8c-46a7-8e7b-b3538b2191e0,check,3574.27,4d8626b3-f267-46f2-ae67-a23f245565ea,2025-09-14,2025-07-30,2025-10-12
85c8e40b-269c-41fa-bede-d2b1a9662d07,95bdad56-1434-4de2-87a5-56d465264c4a,check,8713.26,8a292e75-733e-46f4-a219-42958cf6af2e,2026-03-19,2025-11-27,2025-09-09
5211a7e5-8339-42c9-8432-9a36546e9e4b,3dcc1cbb-fb99-4a8b-9806-f909ac38dd76,debit_card,9339,a16af2cc-8692-43a8-8704-ac79d9f2864d,2026-01-16,2025-09-12,2025-08-10
962d14d8-d5d9-4dc6-9514-b79edafc2633,7d8d12a6-d190-47c3-9f19-77154404c565,check,5637.54,cd989b2a-d3c3-4042-8ad1-2edb1b67ae09,2025-12-01,2025-10-25,2026-05-25
337087ca-54b1-4d05-bcb0-06ab4709ac94,ec4a1325-69aa-4836-8664-3f3f1cd8e08a,debit_card,1967.1,a1d5d373-044c-4c6e-8f07-79e9e580346b,2025-09-07,2026-01-08,2026-03-05
7ffee8ec-33fa-41f1-85bb-300823b66415,834a685d-2a1e-4db8-864f-138012c70dfa,pix,9918.7,228290f2-1f2b-4e30-9edf-14ce1b89e248,2025-10-14,2025-09-28,2025-12-06
7a06dd67-bbd0-40d3-861b-2f29c535c906,b0e1497d-4afb-45c2-9e99-7eb2c80a34f0,check,2614.65,670274ba-e7c7-43ac-a5e9-e75961e2c998,2026-01-28,2026-01-23,2026-04-18
3215f5bc-5d74-4294-985a-4d09e124b162,76820f68-4afc-4173-8605-4fd5a21a039f,debit_card,9333.59,43115e2d-c280-4fe4-8400-160db3c40523,2026-04-04,2026-01-13,2025-06-04
0238b583-2cad-4cdb-ae6d-ae9ceeb11e76,67368c1d-6254-4b4b-80ab-1ad54319cbb6,credit_card,7730.99,1d9aab10-c98d-4dee-ba43-ee1802af9ca7,2025-08-05,2025-12-23,2026-05-28
d347db37-08bf-44ab-8597-51c1e8ba44ac,66fc91ec-36da-4472-b038-7dd97f2cfced,pix,3587.12,a6785f9a-92ff-4e72-91a7-c48a5cbfafcb,2025-08-15,2025-09-20,2025-08-28
6971f22c-cf50-46e0-aa1b-ff1b920d0eca,7d651f6a-b6ad-4c37-be5c-87fbe3197daf,check,4524.31,e684906b-ee36-4d29-9851-0b9c77b38070,2026-02-03,2026-03-08,2026-03-09
b33c6dcb-0d80-4482-a92e-0d24d55ce12c,9ccfddbe-96cb-4514-81d3-ba9a3b665de6,pix,3452.19,4554e33d-a0b3-4305-bd8f-6a4b643f2e43,2025-08-08,2026-03-03,2025-05-29
03629d1d-405c-4330-949a-5c61ca259a2a,50973bb7-a5f1-4d45-bd3e-d1037a3e46f4,credit_card,8476.06,5f150925-7b9c-4a7a-bb4b-5c56ef4ba9a0,2026-05-18,2026-04-04,2026-02-11
e2576f7d-2be9-4fb2-af7c-d76b0146cf61,b4e3538f-9e50-4371-8e6a-4e0e2b9a3322,pix,51.59,81673890-b087-4404-81d7-00867ab9be1b,2026-03-29,2025-11-19,2025-11-28
7447313f-0967-49a3-922e-b471f40e1ee5,bd39e781-f1d4-49dc-ac0b-1beb61f22ca1,check,5166.73,152a4f1f-ee77-481e-ae64-20cc0a4ee4e9,2026-05-08,2025-09-25,2025-06-28
b7fae3af-5381-4ef7-92af-84fd6e5cc2a6,629d74b5-654f-4043-ab09-58e5b9d26b37,debit_card,6650.15,10e8c389-1a9b-4a87-8ff5-f1233fece4ea,2025-08-16,2025-11-14,2025-07-21
c3d42d44-6d7d-4f1b-b12f-2bc8ec67f75f,10555431-22c5-466e-ba48-2a9d5f4c30a8,check,6133.31,86c1d553-20fe-4447-a30e-e0af9cdbb385,2026-04-02,2026-03-29,2025-12-23
29379315-1a47-447e-a7f7-1a8e7bcb095c,5d8efda8-a5e2-4048-b984-2e4f734fc4df,credit_card,3960.57,1a3a0a3d-e3f4-4876-9112-14afb79b3f7e,2025-08-27,2025-08-23,2026-03-29
3d035ad3-e6f9-481b-89d3-42933be6bdd4,ccf3e812-bbaf-48a5-9121-a1789639cdba,check,9264.17,52afb0a5-1e7e-4f1a-aadb-5926ec0273f4,2025-06-14,2025-08-24,2025-08-27
9e630e51-d0b4-47b7-a0a7-989af483cbe6,76bcf362-89e8-4630-bafb-3998be027d20,debit_card,9302.07,9188488c-0834-4134-bd5f-b8eeac254523,2025-09-08,2025-12-12,2025-07-29
905b7e56-e5f8-4f8a-bd1d-302b1ebf48da,f227a411-c335-4376-9899-048c0991b9b3,debit_card,8212.04,1d01d76d-a30a-4a23-a37c-45ad546db933,2025-06-23,2025-10-29,2025-06-08
af1b9760-1026-44fc-bf21-65facaf6c127,d6411315-e386-4ba6-9c52-f7e7cd1c194e,credit_card,5865.14,ffd3afbb-3b26-4000-a7aa-86100becbe2c,2025-12-11,2025-09-16,2025-08-31
c53e8358-1f23-4f4b-91dc-532e0c938cf4,fd205e0f-a1e2-4aa9-9ec8-c19febfbc731,pix,6251.76,028751aa-48af-41c7-a0e1-7beb09c1e057,2026-02-13,2026-02-15,2026-04-03
3e563e10-92de-462e-9c1e-64d2002b0ff6,60cea942-424f-4757-acdf-a867cf79cde2,debit_card,2871,02683923-a09e-4054-ade1-98c54227a28e,2026-05-22,2025-08-21,2025-09-11
34f39e5e-65c9-4bc3-a3ea-14dbed8aea99,b20bb70d-e08f-4c86-867b-ee7512098cc5,check,9234.75,12bc4d8c-f3f5-4d18-8bde-c82fc5f86a7c,2025-09-29,2026-04-14,2025-10-07
9537930f-1e26-4c60-8e2d-26344f303e63,e87e005f-9358-49d7-a227-f8a0143653e3,credit_card,8966.38,38d8d08a-7611-4f1a-a81f-4b6dadbb9dd5,2026-05-27,2025-07-21,2026-03-08
8b6c180b-7f6e-4048-95f3-7c064b509e9b,afcaf39d-369e-4a43-80bb-e938b77f7f54,credit_card,2404.72,4a712592-aa3d-40dd-b560-acbb2bef8f3c,2026-05-13,2025-10-18,2025-07-08
99b78671-807a-4493-b384-bc590baab974,82c5228c-0c21-4385-8b11-e4c356a81bf2,check,5233.28,c93791ec-70a5-4329-ba55-68ec3107bb2c,2025-10-31,2025-10-21,2025-06-21
432288b9-0e6b-4aa2-9b34-d2699fec4df8,ab06d534-d90a-4e20-a1d6-505c4160adee,credit_card,1240.66,350d39f4-4c64-4669-8625-691f93010fea,2025-07-13,2025-10-23,2025-05-30
530c19d2-8410-4c81-bf7b-b0214e3957c6,26511c84-bfe7-432a-b64b-659ec5dd87dd,check,7035.03,9bba6d0e-5569-4e8c-b229-5b648614185d,2025-12-22,2025-09-10,2025-06-29
7e4fc050-f692-4ef6-9d0f-de27f3649a33,972ae1de-25a6-4ffb-ad73-1299e905fcbe,credit_card,7008.66,01852e6c-b770-4fa0-8ee1-5a12f08b3da8,2025-12-13,2025-12-14,2025-08-04
c4d367cb-3cde-4859-b7a8-2e4b5dcbfa68,fc3ffc30-b7a5-4bc3-a42e-336e47fcff30,pix,2736.02,197932b5-463f-446e-96ab-a0e922269808,2025-06-22,2026-01-17,2026-01-25
031046c8-f70c-4842-a751-4526db1c560a,40ad5bd8-df33-43e4-bcc9-3b33dedf8308,check,5970.85,3ee5cc4b-85de-4fea-b9da-aec5b3ab4e3d,2025-10-28,2025-10-20,2025-12-17
c9abd764-70e7-4308-8a34-08aa33638925,e7d068e9-d6e6-47a7-8701-f1add3c41bce,pix,9299.07,e59d2734-4eb9-4e7d-8bd0-f3bd52cadb93,2025-07-14,2026-04-18,2025-12-30
52dcf2f3-f034-49cf-b653-ef029ee6bc95,f3685e83-181b-4e92-b887-0fc04ea4e46a,pix,9606.22,eae685e5-843f-454b-8026-6091107fabf0,2025-06-12,2025-10-30,2025-12-03
a740525f-54ef-44c4-bc2a-133e7cb2faa2,2209af18-9a30-4378-9758-9c5a7927e65b,debit_card,6427.71,f7064a3e-1b71-49ea-b925-44a11ec79483,2026-04-24,2026-05-22,2025-09-26
8b80e4a5-b1ae-41f9-ba96-91c1197c898c,2588d1d0-fb38-448d-90bb-efc3dc04c1bd,credit_card,3032.12,3e74fb07-5f89-4650-ae13-5f35e62073f5,2025-09-23,2026-02-17,2026-01-10
d045dc01-6a3d-4619-8bbe-e2c9e08c632c,3bd355c4-a929-43b6-bec7-f2aa7cb621ba,pix,9627.3,64b44832-effc-4697-813b-58ee0859733e,2025-08-27,2025-06-26,2025-08-12
1670b94c-add3-4961-b14b-411a9843a9f8,89798284-3568-4124-9fb2-3292fc71c0c1,pix,5703.85,e199b720-b231-4001-94fd-79a41f6d48df,2026-03-15,2026-02-13,2025-10-18
ebed3603-cb6f-4d29-9154-9c79b1fef53c,834a685d-2a1e-4db8-864f-138012c70dfa,credit_card,9918.7,991ad700-7aad-4e8f-8860-d4955da4027e,2025-09-24,2026-04-20,2025-12-11
0c084c83-46f9-42c2-9ade-13d8bf76e50f,c9d95c94-d7de-4961-a6f9-7d5d9e8c6367,credit_card,3076.54,fe81dd57-6eae-48e1-94c9-6c0b118b1b2d,2026-02-19,2025-11-14,2025-10-25
b15c8b11-6a4d-4fbc-ac11-465bfd11b6a9,2353fabd-4dc7-4652-8572-917474c3a676,credit_card,3318.55,08491c33-7420-4695-8816-eeec56a29604,2026-02-12,2026-02-15,2025-12-16
db884ac0-104a-4896-9b08-555c6d68e88e,78818e76-2027-46ef-adac-d8f901b9b78d,debit_card,2259.3,dbf7dd63-8b97-4e2c-b7c4-6dfe416e03c8,2026-04-23,2025-10-28,2025-06-19
0e1172aa-efd6-4c30-a45a-17d849424936,35595288-660a-4b24-aa76-33dbd2621b4d,check,6842.97,ec9fe2dd-e4ce-422c-9cb3-923a02690d43,2026-03-18,2025-10-08,2025-07-08
40626b97-b013-4282-b22a-ee6aca12359d,9ddbcc5b-97a4-420e-b624-bb8b08c830d7,credit_card,7173.65,2cb8fbd8-9d5e-4504-9d56-5a966595cab7,2025-09-02,2025-11-27,2025-08-07
771b5363-8e2f-4290-9cef-111a32201600,02c8cea3-54d3-46ca-9307-1510e0387325,credit_card,4191.44,75794282-1085-4ef4-833f-918f8f980b8e,2025-07-22,2025-11-06,2026-02-12
57bbf501-dcbc-41e2-8a6c-49dc1688d8df,57b9f3f6-d51a-4ee5-8aad-a099e26506d0,credit_card,5580.3,93d2ca77-7d6c-4c5b-a9f1-0fb9e19a6812,2026-03-30,2026-02-03,2026-05-13
53628885-a575-4e62-b146-2e4a36c697ad,5e81fddd-8ad6-4c85-b28d-46707f5a7448,debit_card,6272.94,7112a3c0-d7dc-48e3-bdb3-adb7db4dbcef,2025-11-18,2025-08-21,2025-10-31
507560cd-5d32-4d9e-bd02-1ec895052e38,26fffe31-41e2-4026-8ff4-09f48e89f8a5,pix,9845.39,397a72d1-0b7b-497e-a18d-30d3f1e64fcf,2025-07-10,2026-03-09,2025-10-05
a9c9c8ee-1a8b-45af-a206-4308f1342888,dda2b2d8-21f1-4806-b08f-bc4453a4d1aa,pix,6314.05,8ca493c2-a1b8-43ec-bfad-8bebecea43aa,2025-07-08,2025-09-12,2025-06-15
8f3e3a86-b8b6-47b4-9e0c-cb9504e639ec,961a9dd0-0d28-4e05-947b-dfadb81eef11,debit_card,6921.38,49d2c10d-b246-4bd4-906c-37ab561e32ee,2025-07-21,2025-08-17,2026-01-17
2deed5d2-f181-4b06-9573-4ba66106d83d,db720e1e-39cd-40ff-8c44-a128ac606b84,pix,2541.39,d63ccef4-25c6-4604-9469-64627caccb4f,2025-10-24,2025-11-15,2025-09-06
c2e155eb-941f-4450-9016-b8ae35933b88,53151d3a-0e83-4296-9721-a49a2c13f9cc,pix,4748.54,7d7624a8-c4dc-44ca-b84b-538c3dd5b189,2025-10-27,2025-11-28,2026-01-14
7ee52a8f-de73-4d66-8698-7748e1506714,15963ba1-4467-455a-9a92-4e23fb42e809,check,4403.59,3052b35d-0221-4b6a-a251-dee418893633,2025-11-12,2026-05-01,2026-05-04
56cf350d-5a32-4bc8-911a-60a38c9a1ef0,3d5590cb-7de0-4460-a5b5-b21177a54e2c,credit_card,9996.95,9e4e25be-8f91-434e-bee8-82cca4a89b3f,2026-02-11,2026-02-27,2026-01-02
fad64770-5272-4e85-9a44-ad1fe6ddcc58,fe709cd4-d4fd-4a56-8ab5-85bbf2a83330,credit_card,2868.07,49c74851-9834-4977-b32d-ce3be72ffa95,2025-06-07,2025-09-18,2026-03-01
9a18f050-fd74-468f-9324-67c536a9efe7,2a7f7790-c683-4804-9100-cff9531c6cbf,debit_card,6803.57,6a5eafae-50a5-4ea9-b4c4-d6684d615691,2025-08-25,2025-09-10,2026-01-04
9d562c78-38c0-4ce7-af4e-a6b768f3bdab,dda2b2d8-21f1-4806-b08f-bc4453a4d1aa,credit_card,6314.05,4fc12d6c-3d18-46cb-8c02-976a535592b8,2026-05-09,2026-05-21,2025-07-18
3ba708a5-1953-4d85-8664-e74dd5fba360,2c7940c7-5245-4ebe-89ec-9c0b3e842d56,debit_card,1037.76,c581b3ee-8b32-4ca9-94d4-d2a26732b56c,2025-09-24,2026-01-25,2026-03-08
e4b5e8da-604d-460b-8d31-5510c057165d,10000748-627f-4b76-b6e7-0df82351b395,pix,2006.86,63cd1853-b951-40b2-ab3d-b64d5ed9975d,2025-10-01,2025-12-06,2026-01-09
eef03b43-bab3-4383-ac4b-808eddee369b,7c62de51-72a6-442e-910d-7ce39bb91a05,pix,2120.57,c6c61299-e017-4046-b438-470c84ff7b9c,2026-04-10,2026-05-11,2025-06-14
5faf432c-92ad-48a9-bcd2-aabfbfb10d62,98f56bb6-9489-4c79-a470-3d91f83240aa,credit_card,5153.52,0dc37b55-6e25-4281-a83e-5fa6d7ac450d,2025-07-24,2026-04-06,2026-02-28
5a7fb866-d227-4816-97a9-84c567825482,39ea5c0f-b67e-4695-a915-2c93ae516394,debit_card,9152.33,619e6f91-65a7-47e9-b239-f6591fbd8fe6,2026-04-27,2026-01-10,2025-11-07
ea184403-07fa-4f86-9cbc-121f50683985,92d75343-3b39-4ae3-97ba-c96a8e83a950,debit_card,2711.49,72c046c9-4adb-488c-adc9-55284732d89b,2026-03-11,2026-05-02,2025-12-03
f4e8c81f-d66c-42a8-a837-758c07ee8e3f,cde794d0-9075-459e-baae-51cc6030fe4c,check,7253.26,65a782ee-dc15-4a64-aafa-8976353aec06,2025-08-21,2026-03-04,2025-11-13
e88288a0-c575-4e60-aa76-a957022b3fa3,38786736-2d81-4296-9f4e-e78bb6883923,check,2656.1,89401ee1-d2b5-409e-b406-ed9d2fcef00d,2026-04-30,2026-01-10,2025-11-19
3ed11dd4-8ef2-4278-9ea5-8b8dbe7f8a08,b4dfb747-746d-464f-b3fb-fd77a7d061a7,check,4015.53,383b1708-7d01-43f7-83a5-25e337aabeda,2025-08-22,2025-06-16,2025-08-18
5c1652a5-5ab6-4d10-adaf-95c0851bbd26,de428458-b61b-490a-ac58-be8e538bf7b8,credit_card,3203.83,78273260-1188-4f56-ae76-c81b745089fd,2026-05-19,2025-11-29,2025-11-05
df40c4f9-0501-4b7d-8f2e-ca6d1685cb93,48d78704-86c2-49bb-a43e-0b114b38c114,pix,3867.09,eeff0cc3-4662-425c-b70b-6b2f3cb74300,2025-08-12,2025-10-27,2025-06-15
8eb71e0d-8df7-464a-aeaa-5e60c7e0e3ee,3f4fb957-445e-47bd-82a0-e764e209e29a,debit_card,3464.01,fcc089a4-052e-4d7e-9e3a-4d6dfff845ea,2025-10-17,2026-02-24,2026-05-15
965b7864-6c9d-44f3-953a-e6bcd2353b0c,5fc089e2-4380-450d-bb57-72085f151d41,credit_card,2183.25,23f72475-bfe3-493c-8435-ed2f02d016bf,2026-01-18,2025-07-22,2025-09-04
29ade962-843a-4e03-9f19-e3a7f14861c6,9cbb112d-0b34-4142-9b67-ddb7952a53e6,credit_card,4938.58,1b425d06-02ba-4b9c-94f5-6d7e514515fa,2026-02-03,2026-05-12,2026-02-22
1681701d-1999-4c46-aa53-824d095c6848,adf0db66-84e2-41af-ac2f-a177644f28d5,debit_card,1973.46,106f8aa2-0ba7-4fba-98ca-c9d1b5780e19,2025-09-04,2026-02-14,2026-02-25
ce203f0b-16b5-45e0-8094-59d26f74051a,8e99c62f-21db-4412-b5a5-9f2aabb0ae03,pix,9877.01,52177855-dcb0-4e20-b093-c3b8f47f5a7a,2025-10-07,2025-09-07,2025-11-24
ee58d918-5c12-4c5c-952f-001a2a63147c,45e4b53e-8cb7-4ed6-80a6-d8762c8bca1f,credit_card,3485.54,be25fb81-2ab2-4ff1-9d99-be5956edf434,2025-06-23,2026-02-27,2025-09-07
a3e02549-f811-42e5-82c6-47779500333a,eb713971-3b9e-469e-b5e8-503d4d73f547,pix,2644.26,f0054672-3f40-492c-84a9-ca5130bf57d2,2026-05-14,2025-11-18,2025-05-31
5359c57d-e6d6-46d0-b3d5-89c655f7c524,52c7eb26-7aad-4c16-bb6a-cebc9e4c99b7,check,5302.88,48bd7388-4b71-447b-96a4-60bfd54be091,2026-02-06,2025-08-16,2025-11-17
e39133a5-51c9-4655-83ec-5b48cd12d3eb,e9f49e10-f49c-4efe-b900-a7bf3f9fa042,credit_card,3396.87,aa1dc7a5-de4d-411d-8c81-ff9da6eee965,2026-05-01,2026-01-22,2026-02-19
7d35e20d-f371-4871-8806-2f225045a68c,b8e7e8ed-fa8c-4c80-8d25-e4e9f3daeef8,pix,5333.7,a5795fc2-878e-41c9-92ee-0c2e8bb6aec1,2026-03-16,2026-03-04,2025-07-19
818de987-0dca-44f8-8f5f-ff2a4d095d3d,8d517ce0-65e8-4e32-872e-5b87ec68fa3d,credit_card,6544.23,7c07afc1-b15b-4d22-85ad-7f62e05bafc7,2026-05-14,2025-12-11,2025-09-25
f5d24c27-d6ce-4b15-a7a3-0f7aebd22f98,f0a7e0e9-2a8e-4adf-9031-624d36586a9f,credit_card,6574.83,d2eea034-2b32-4056-aafd-6ce82ba6e389,2026-03-29,2025-07-01,2026-05-22
2c7a0d69-a467-435a-a5b8-8d569ac8a5f4,4828ac36-d5e2-45c3-bcb3-d3938f55f6c3,pix,8147.58,59421954-78b1-4cb4-946b-4bc415b02d13,2025-12-01,2025-07-23,2025-06-02
008970a3-f413-4a00-892b-a52a7cb445cb,de428458-b61b-490a-ac58-be8e538bf7b8,check,3203.83,d5c06b08-8245-452c-a549-b350dc9d987b,2025-12-12,2025-08-17,2025-09-29
c2e7c250-9f12-42a8-a8b1-8b12b872de68,0594f959-4c8e-44f0-aa3a-26c5e347ea85,debit_card,9310.56,338fa23e-1ad6-4909-ba7a-786f52f99606,2025-06-15,2025-07-17,2025-07-23
399511f4-c754-4572-b8f8-d9a6fd51ac50,6cf40a11-14c6-4934-bb56-e3c3223d00aa,debit_card,5059.25,fbd6c7bc-7cd9-40f0-843a-3e0fd7cd4a9c,2025-09-10,2025-11-26,2025-08-26
5c8eeb3f-967f-40fb-9d3a-cc930da95afb,fdbbfba7-c27c-4f88-bf34-28242ee1b5d4,debit_card,3127.01,4d96a7e4-777a-496d-9a03-91371577aa76,2025-09-06,2025-11-04,2026-05-25
9f0c36e0-c6b7-44b3-8f3a-4ac31f1bbaa1,2dd8a3a2-bc87-4cbd-b460-fcf555846f78,check,8282.75,3e43674b-324f-493f-905d-8dded3a49f0c,2026-01-28,2026-04-10,2025-11-11
51cb1095-129a-409e-928f-5c449fe74718,12591b16-aee9-43e5-b8d7-a67b96e9c281,check,6312,267aea67-3098-4c31-b2f8-b5a019fd4fa0,2025-08-11,2025-12-23,2025-12-12
df936004-ada3-4ebe-8f28-959de15141be,d193a59a-f095-4ac2-9867-9dadccc40b3c,check,4778.32,f13d8993-f3b9-48b9-8216-3af0d6aff3c3,2025-10-05,2025-06-06,2026-02-12
68b955ad-b033-4681-bfdf-e549570ec7ce,f3114b88-27ad-4456-bf18-8235c7bdbc61,debit_card,9971.55,0eb0e61d-fbc7-47a6-b3f3-b619416124c4,2025-11-24,2025-09-13,2026-03-03
35584d21-8659-491e-96cc-7de9edd53258,e4091f47-9c7a-47f5-892c-f1b8edec80de,check,2094.74,b660feaf-ab52-4174-969b-ca35b1357e73,2026-03-05,2026-03-04,2026-04-07
6e1dc3a3-a019-4f2e-a994-d57dffc292d2,fdae8a4e-8177-46f7-91df-15f9238bbd91,pix,4215.95,497b1cb7-e00f-4ffa-bea1-76c07864d5ab,2025-08-13,2025-07-20,2025-08-13
e653d744-58e1-4fea-8b3d-bf3ad6bc222e,8d8d7fac-141f-41d4-9fb0-485337480631,credit_card,7897.96,899a6796-1c02-49b3-85e3-24a67afd2a67,2026-04-02,2025-10-19,2026-03-01
b16adb92-2dc7-45a6-9a21-9620d9a91679,999d658e-88d9-4a3b-b593-9b80ba09a119,pix,8739.43,26f03893-ee16-480c-be10-484422416a11,2025-09-30,2025-06-03,2025-10-15
9c9b889e-13ac-40b0-afd3-c9f4d3eff99a,6ef82e0e-d523-48af-8525-87f74ecde052,check,5973.79,843e3673-3e92-4dac-b627-4103807ba197,2026-03-17,2025-09-24,2025-10-09
d45c0cea-3c45-45c7-9530-5863e90f1fe8,da3117d2-1f99-416a-a25c-6b0ad14aa421,check,173.31,11b900d6-57ae-4bc8-acb4-8cc369a25bc2,2026-04-01,2026-01-14,2025-07-22
d365d17f-7916-496a-ab1a-92efa1c69a91,06c529bd-0037-4211-a9da-efbf05a8ed8a,check,9083.49,73c95914-5a64-47ea-a12b-7d69751186a6,2025-09-27,2025-12-13,2025-08-04
e65e358c-d0cc-41af-ae14-088f45764639,bf462054-d865-4c8e-b6a8-9a23847916bd,pix,4754.47,ee7803fa-6a36-416d-a940-9980cc47fd3a,2026-04-14,2025-08-01,2025-11-21
0da85978-3180-4de7-bcca-dfa2b357a9d0,b48475c7-2ccd-4a72-b70c-4e80c099e4db,credit_card,9063.19,01306fff-5efa-4829-8ef3-13c1be62dfea,2026-03-09,2026-04-08,2026-03-12
cf42a991-8c35-4161-b4df-9059a715059c,76514ce2-ac12-43bb-ac19-970424a8fac6,debit_card,5310.18,c9d626e0-9a00-4aaa-a6ec-a7dd57964566,2025-08-12,2025-06-07,2026-01-02
34f2cf31-5650-4dae-a240-2f65b7be43bc,282b0bdf-4da2-4235-ac6d-d8ebee699d80,pix,3443.18,a44d2739-3673-4926-8059-7fb8ccb1fea7,2025-07-18,2025-09-07,2025-06-29
608bef7a-090f-4328-a3b1-25726dd4d39d,73afc006-f5d5-49be-bd27-709878badc5e,check,4733.76,1a2dc12e-830b-4a3b-8d34-fd9eaa1535d8,2026-04-05,2026-02-18,2025-07-05
21a42d7c-1bc5-49dd-ad44-6896037acc91,92d75343-3b39-4ae3-97ba-c96a8e83a950,debit_card,2711.49,6a2969fc-9ad0-469f-892c-319d4436e930,2025-08-26,2025-07-10,2025-06-10
90b888f7-e34e-4fbf-9c74-498f71a7416a,8455c211-6f69-4b5c-aee4-9b758ef38303,pix,7965.74,74316d18-a5b9-45b0-b4ad-d65cf91a7dfc,2025-11-06,2026-04-02,2025-08-16
513a4c75-5e05-4e5d-9aed-2ed02f0198dd,c9cc0581-9ddd-403d-bfd2-2e9489deb9d8,check,3790.72,bab0074b-4594-4121-9144-9e7824ab4416,2026-05-16,2025-11-18,2026-01-24
fd44b270-30a3-456b-85b5-e4bdc690e6e1,58f906b3-6d4e-4597-9ee7-fb7db646d6e6,debit_card,9859.9,aa90fac4-4a27-4b2d-81de-95e477a47667,2025-11-26,2025-08-10,2026-03-16
653837ab-246b-44f1-9984-a08a052f029f,686f9666-daa7-46ec-88b7-c8a3f61a5ff4,pix,2676.27,976a7a68-cee2-49c1-9e18-a331d33fe64c,2025-10-23,2025-10-29,2026-02-05
ac4f50de-86e1-4f37-9e7a-f0c1221f0b7e,ef1d3506-de8c-4321-95f2-a2fcdd81aee1,pix,1142.91,4785ba91-ea54-401b-847c-6a4332ce664f,2025-12-10,2025-11-20,2025-08-15
f8fae32e-1866-4002-b763-b27266871e90,c9d95c94-d7de-4961-a6f9-7d5d9e8c6367,debit_card,3076.54,85d6ebd7-49d0-4c3d-a86e-cf6f43fd6f84,2025-08-01,2025-06-19,2026-04-17
109277b4-c071-4d67-9dbc-ed7956e8e494,ba385e4f-155c-41ed-a1ae-ee8134a5d1b1,pix,9420.07,409c946a-440c-4d86-b13e-06e2697b97d3,2025-11-16,2025-06-02,2025-06-15
cbe8d56f-fafb-4271-bb22-f3a4381db362,c6ffe540-949e-4196-a4f0-c9ec4410d9b8,pix,626.42,eaeb5f73-764a-4dd1-bcb1-ea47529da9c9,2026-04-29,2025-06-22,2026-01-13
62ad7ab0-356c-4ed7-8983-f142dec1841c,a2b28934-ef0e-430a-8330-8eff485aa3c1,check,2962.97,b1d35988-d807-47a9-86c3-248e77c9d8e6,2026-01-24,2025-07-31,2026-02-08
897c8f32-66be-4974-acff-379b0e89e0ef,80da2f7f-c95a-4b3e-bd90-d78702e7f3a2,debit_card,3462.31,f48ce1d2-20c7-4079-ae88-53767dcce879,2025-11-10,2025-12-09,2026-01-21
f45fa61c-b17a-493d-899d-4c75ad9fede7,0f4fa775-2007-4a64-9d17-2e6abbdbf8ae,credit_card,5303.24,3629d152-4003-41a8-ac0f-bef2dbc1e4c8,2025-12-22,2025-07-06,2025-07-27
388dd174-5643-417a-a890-13bfd78a1943,ccef6526-5500-4bd5-b63c-d63dc1bd3dd8,check,2721.88,fb88f95c-286b-467e-94fe-74e86fd9af5e,2026-03-01,2026-01-26,2025-09-25
84b70bfe-d683-4cf2-b9e7-a7d89817ab48,6b1c3eb6-0382-499d-adae-ab649885d3bc,credit_card,3828.6,6c429cd8-0374-40e0-8dc3-84bb8987facc,2026-05-10,2026-05-01,2026-03-22
4be786d2-40fb-4a98-a4fd-f58d51c7002a,af94e81c-cad5-4297-9b4c-cdd73fc050f9,check,5449.14,8805cd4c-e33d-41be-a6ad-bd4a32de3105,2026-03-15,2025-11-17,2025-10-21
2666b49f-f33e-4d10-9956-506317a374f8,91a9e8bc-e7ee-412d-876f-5c5d70bc6928,credit_card,7388.1,54f1d7e0-5984-45f0-bddb-9c4730be3a2a,2025-09-05,2025-07-06,2025-12-19
224725a9-a067-4a3e-8fd5-0da178b80396,0d06e308-01c6-41da-889d-d44adac4ec5e,pix,7655.86,c60daa81-50aa-42d1-9ce6-c1eeabdc6fad,2026-02-18,2025-12-10,2026-05-15
28c6c62a-2f64-4c9a-83f7-05a3eb93e767,342d26aa-629a-432e-ab86-7a7989d7c732,credit_card,2927.83,7032fb91-d7fd-495c-ba4e-f4659ebcb6c7,2026-01-24,2025-10-26,2026-05-18
830dc8ad-f0f0-41bc-9276-a73137f16876,b131d631-2ad0-4bd9-a214-b560f9a37b85,credit_card,3427.35,d1be66b7-d0ea-43a9-8bad-5f4e5aab988c,2026-02-21,2025-09-10,2025-07-22
a494f990-acfc-4e5b-9a24-6fd58c541f26,f378723c-c8ed-4501-a406-8e738cf5388c,pix,4827.21,e355d0c1-53d6-4e98-a865-1cb475c97e28,2025-06-26,2026-02-09,2025-10-18
2468ec61-bfba-49d4-9d0f-62d6abfdee3e,eec525b4-178e-42cd-a8cd-14228d2fa92a,pix,9004.37,c3cdce24-83e7-4ac3-bb9c-536f1b798f22,2025-07-30,2026-01-15,2025-11-29
45253faf-aad5-4905-9030-c15ed701b760,dbfd1bee-1762-41d2-80c0-ca85092b3ef4,debit_card,4571.03,c6aee6a5-eabb-46ef-bc9d-eadf1cd74d68,2025-09-24,2026-02-17,2025-12-12
d0b14508-bbbd-4cad-80fe-a05617d07c6d,233745b4-a329-48c3-9bfc-84a9e2c03c20,credit_card,8557.6,39ef1252-eee5-4acc-b438-7946e4e2e86a,2025-12-10,2026-01-29,2025-10-21
5aea0e1a-38f0-4c7c-80d3-6c3fadadecb2,dbee54f2-7e0d-468d-8424-4ae9eca97974,pix,3790.95,d03ffb6d-3894-4503-b14c-c693e3f7a21a,2026-03-26,2025-07-01,2025-09-03
cacb7450-98f7-4ffb-9a0c-ae896f7cfe63,d827417b-6512-49cf-a7ad-10a2fcc29b2a,credit_card,7711.55,7071d139-9f8f-4c0b-bbcd-180da49c6bf5,2025-10-19,2026-01-30,2026-02-19
0ab6db33-5998-42d1-90c2-eda4f6b14c43,90b9107b-9fbf-47d3-87c9-559d3bd22f37,debit_card,6939.76,32b2620d-d4ee-49ff-9961-ec416b48454a,2025-06-22,2025-07-15,2025-08-01
30b81f71-f348-4dab-808d-3bd77d0147d4,01c44592-4afe-4bf3-80d4-5efcbdd65fbe,check,4277.41,1452b447-4245-41dc-a6eb-8d261bad52ee,2026-04-24,2025-08-28,2025-11-08
ea00a537-65bf-4388-bfbf-58b9c96d5821,afcaf39d-369e-4a43-80bb-e938b77f7f54,pix,2404.72,91dd00a6-4097-4df3-9c72-429bc0ddbdf8,2025-05-29,2026-03-18,2026-04-17
693c7e87-0305-4ec8-ae48-50822e922958,10000748-627f-4b76-b6e7-0df82351b395,check,2006.86,9f45bcc7-eec3-412c-95ae-cd15699eaac1,2026-01-29,2026-02-06,2026-02-04
dd887f06-954b-41ac-8fe8-9cc4f6dd31d3,85c72a1f-a09d-49ad-b3b4-ff110932faf5,debit_card,4681.78,ffb87e1d-e221-428d-b752-785b1829e0d8,2026-02-16,2026-01-21,2025-08-11
50385f92-fa23-4a47-bebf-c0879f271a52,d1d13252-a8c3-4cf4-af27-38cdda1a6f5e,credit_card,5626.06,a0ced909-190e-4c26-9cf6-71e0effb9c75,2026-03-09,2025-11-30,2025-08-31
eb33d6b8-c4d7-4527-9639-ab4861672f19,fc32ac1b-eb4a-4099-a202-f08943025ec2,check,6172.96,2b7df126-19d9-43b4-b1fd-ccf8dd1a96d5,2026-01-06,2025-07-30,2026-01-30
709f6b0e-d27b-4177-b556-3175f2821a09,74f77ee7-64a7-4155-a9fc-b7ed92295e89,debit_card,2770.97,86f3ac91-817a-4b7a-ae03-26736961149e,2025-06-09,2026-01-22,2025-11-14
94472abc-0baa-4954-bc63-a8411c554b2b,880c88b0-4976-4d2d-9c9e-a10fb0385cdb,debit_card,4244.1,7cfa8d4c-3e15-4745-bd6c-24611e7036a6,2025-08-09,2026-01-23,2026-01-10
fa370fa9-e713-42b8-81e5-b4c50a5c3720,7791e9aa-5713-4206-8fc3-b66bf6cef588,check,6061.3,b14a3a29-c95b-4871-a0ac-e14a7038489a,2026-05-07,2026-02-17,2025-09-27
7c94836d-ea47-4512-a74d-759be6877821,2da8401e-06af-4687-b726-03d21a8c3be8,debit_card,9426.68,8374492c-63a3-4973-9244-18ac3861fa65,2026-05-21,2025-12-03,2026-01-29
2ee5bfda-f93c-42cc-819f-b0b51e35b27f,cc16ccd1-e692-4a19-a3b5-b0dc12bda942,debit_card,6773.49,2c392e70-23d5-41ce-9ab9-5988deff4449,2025-12-25,2025-12-27,2026-02-18
1927014a-54a2-4d41-a35a-58ec7323ac97,e864dcd4-2788-40e7-8122-677f58997c63,check,1239.61,9c6537f6-6f4e-4caf-a1e5-5c230ac8017f,2025-12-28,2025-12-12,2025-07-27
d466ec51-692a-4ed7-a116-c7c953672fce,24d242f6-5ed3-4355-82d0-4089b6ce511f,pix,67.24,d803f25b-2e25-457c-80aa-b748ef394e47,2025-08-14,2026-05-12,2026-02-01
6eb6f89e-b540-4cce-82aa-ba2117508769,4cc2a1f0-aea4-4b3b-871f-d7de8b206883,debit_card,6791.09,ff35ab41-8b31-4b67-8683-56c7fb07af7c,2025-08-13,2026-02-14,2025-08-27
84106426-1d9d-4ab4-be94-a5a18f26a77e,4884cafc-2246-429d-8989-67b6f8815fcc,credit_card,6179.95,f2a82d26-ade9-49ae-abd4-fbfbb7fded48,2026-05-18,2025-10-23,2025-09-24
db19a414-b8b7-459a-8534-ff8d0c437413,1e693daa-f075-4c43-87f1-cdc8a04bb892,credit_card,4241.62,87ec46dc-a45b-418a-9d3e-d2dcaca955ac,2025-12-14,2025-12-14,2025-11-04
580a3989-79d6-4be2-837a-ec23cc6e2d04,95bdad56-1434-4de2-87a5-56d465264c4a,credit_card,8713.26,92fd1e21-178b-4811-bb17-d7cd53c1ed39,2025-09-14,2026-04-30,2025-11-29
dfb0a342-32da-4a5e-a661-22b1ecd3ac98,d7d16f49-6633-40f7-8dec-63bafbfe4c2f,credit_card,7092.44,2cb1af64-25bb-4551-a7dc-b2b2489c1f8e,2025-10-23,2026-02-08,2026-03-27
51b655b3-5ca5-4e91-99ea-5e7622a0a353,1e3730cf-478c-4f97-ba29-a844b830c16b,credit_card,6523.29,83b8fbd4-18e1-496a-8da6-a253499eeeea,2025-09-27,2025-08-29,2025-06-22
c7ecf9a2-42f4-4ea9-8b59-9cb5cff47504,b5ccb048-692f-47b8-88bd-26f1455fc4bd,debit_card,6317.41,21e0aefe-f716-4d3c-a11d-4d133def0725,2025-09-22,2025-10-16,2025-06-10
c4521b62-84de-4b6a-bdb2-16bcbbc5b2f9,3f524926-b947-4ff5-bca2-11b4a7f623e8,pix,8326.21,b9862e18-5531-4791-9624-1a07aceed48c,2026-01-26,2025-07-12,2026-04-28
cad8e470-0065-429b-b8e3-d6f0b8b45938,1781ce07-0b35-4488-8482-71ee289d9ade,credit_card,4340.74,e1f3d42b-c1de-4490-8489-5f5c63639605,2025-06-06,2025-12-25,2025-11-16
fe0c80c0-e68b-4487-aaff-62dfbc60d2c6,6d251eb0-f887-4d4d-90ca-da0c8c96f548,debit_card,6480.84,c5f6faac-57b4-47f0-8aab-83bb5a165fef,2025-08-04,2025-08-06,2025-08-17
8f52c7cf-f21a-4e72-ab65-40d62e2b199c,2588d1d0-fb38-448d-90bb-efc3dc04c1bd,pix,3032.12,81faf097-ec34-4a8d-9c75-7b335dff5dc3,2026-05-22,2025-07-21,2026-03-15
6ad045ce-c7c6-47e5-87c0-ac2f943b0840,164d2931-2f5d-4cd8-b879-a45f0a154486,credit_card,3438.65,482014b9-2b2d-4a77-a076-902f2d0f11fc,2026-01-06,2025-11-10,2026-03-12
1dccdf0a-8d24-4fbc-a648-c73d58a8b68e,b881ebb6-c823-43a6-9e9c-36d8710e3608,check,4122.13,ee086ecd-1755-46c2-b004-cbd64f4fc0b8,2025-07-17,2025-06-07,2025-08-06
53cb8d86-b045-4f64-ae25-b80627b3e577,7ea371e6-cfca-4a33-a26a-10e65d464a01,pix,5370.99,e9df3ff2-9798-4b9d-ad22-478f44f16c68,2025-10-04,2026-03-25,2025-08-25
d07fd8d6-57db-4a78-b311-6778675d25f4,7d39ed6d-64b2-4e94-ac58-8c4ca3395e08,credit_card,1616.56,3d0deb23-4c02-4bf1-beff-0be2e5582b86,2025-06-12,2026-03-14,2026-01-20
2eec5715-646d-4ed6-a9a4-451b5e317801,c520f34f-5e37-4373-adec-aa1877f18bfc,credit_card,1393.37,51ce4029-4e41-441f-bc5b-cf20b3acdf6c,2026-03-05,2025-07-15,2025-09-26
69aff024-94d5-4ae7-8727-fbeb65e67ca2,9246be44-c30d-48f0-b178-f20f259f029f,pix,7501.34,af19f8ef-6f47-4668-8210-8ce7e268a0ed,2026-01-17,2025-09-06,2026-03-28
5e763112-c32d-433c-b3c5-17c7acbb8aa0,e078db86-66bf-4481-ac5f-59f2be03d558,check,5837.94,c6038eac-7598-43b6-bdcf-01d362cc27fd,2026-02-05,2026-02-06,2026-01-13
6c16f114-e08d-467c-b8d9-6be01a7b2cf0,0d31f6e5-aca6-4a77-ae77-dd86b6cd8b8b,pix,3475.82,f08580c1-763e-4621-b478-ee57adb5f93f,2025-11-20,2026-03-15,2026-02-21
f9467c27-5b66-4e4a-98e6-4046147da0c3,4dfe3b9f-aeba-4048-b146-d00db2cb8f0c,pix,6739.87,9d6bf483-6569-41ac-8dd0-09d22dded20e,2025-06-02,2025-08-12,2026-02-24
f9becf4e-73ab-43a4-b393-aa0e18937843,3d5590cb-7de0-4460-a5b5-b21177a54e2c,debit_card,9996.95,2e9aa398-0014-495a-8a25-e13c35d7d083,2026-01-23,2026-02-17,2025-06-02
7673b935-3621-4093-a11f-81180a5e0d73,f3114b88-27ad-4456-bf18-8235c7bdbc61,check,9971.55,3cdb0b11-1185-41f3-9c77-a4ea474e4c34,2026-03-18,2026-04-11,2026-03-24
5b4bc779-f0be-4cc5-871b-8b1d70a29a82,51d1e637-681b-4938-b974-a36cac1cbfc8,check,685.43,c5bdbe8b-dc38-4e7b-a407-8b4aecd5afc0,2025-09-02,2025-07-20,2026-02-22
42d235b2-f539-43fc-9224-e81283ee19a3,e3fe702e-a3ae-4d78-ad1b-3a46ccbc786a,credit_card,6897.77,3efb9636-dc91-4d31-9936-d393c5ebcca5,2026-02-17,2025-08-12,2026-02-08
c42d5436-9f56-4338-b6e7-3a3b816e863a,aecc5640-50ca-4b17-8f7d-6b1d001ed5e3,pix,6534.49,7e59484c-4c31-40b0-946b-cc79542735c7,2025-10-23,2026-04-09,2025-07-28
80b0786f-1af7-45c0-8bb2-882f3642f188,3518be8e-2d46-422e-9496-dfa5bc325fec,pix,6032.13,d00514ca-d167-4169-aaee-8da38863fb74,2025-08-15,2025-10-04,2025-06-12
7c62a5bc-a3b5-4da0-b019-1faae31ae7c3,30fea46b-ff33-470d-b200-2ffad1c732ac,pix,1190.72,50d05e57-198f-4161-b30c-de9b99e010ce,2025-08-07,2025-06-20,2025-08-07
78590857-68ab-48ef-adf3-56a68ace6509,99a9966a-7cd9-42b6-92b0-ed4d2145df42,pix,7732.12,e1960448-d4c6-4d92-b970-df8a5adff77b,2026-01-13,2026-03-06,2026-04-12
ae4f2723-ca09-48c7-8b9f-dde93c92d167,233b0906-ad89-4d07-9da2-1670be89cb44,check,7375.09,c04d254b-a5e0-455c-8c49-64ddd1e6f0aa,2025-10-18,2025-10-07,2025-07-08
7b2a74dc-c3c1-4d45-b31c-bceb254f998d,141c92f6-6af7-4715-b1c4-cde38c360cbd,debit_card,79.22,c8250385-abf4-4430-aab4-fb0f9aa58137,2025-11-28,2025-08-06,2026-05-05
c35b05e6-443e-42c2-b29a-07c3bf5679b6,eec525b4-178e-42cd-a8cd-14228d2fa92a,debit_card,9004.37,163ea283-31de-4eca-8eb2-b82c03ae850f,2025-12-29,2025-08-19,2025-06-05
27acf6dc-11d7-489f-a9ee-4f5f714d75c8,1109a1b6-f8b2-4e14-9c3f-32dbc394316b,debit_card,4848.84,a633058c-d758-4ba5-9a20-ffba7be84532,2025-11-03,2025-08-31,2026-03-11
d55d4054-9e2e-45d4-8c90-4df8186d4ba2,ac3d9b3a-505b-44a4-9ef8-445e6016ff22,debit_card,4199.16,2c35921f-946b-48c8-8d2e-254c809de584,2025-05-31,2026-04-15,2026-03-18
ead2cf76-05f4-4ad4-a34d-e3072e1f48bd,f21647dc-c908-43d2-b7f7-57cb7336439b,check,1643.24,59196218-dbff-4f42-a625-4e0a4f6534c4,2025-06-19,2025-10-01,2026-01-11
2579c3bb-65e3-4456-b71c-a67610219a39,fbf0880d-2f75-4076-8d8a-8550db4c7700,pix,4021.03,445aa823-ce36-41e7-a74f-2a8f4dc0f57c,2026-01-04,2026-02-11,2026-01-19
890104fd-77c2-4610-8efd-dd8b8dfbde32,745ed8c6-282b-46cb-a655-a325a2484d24,check,7562.12,88f9370b-0efc-4291-bd4f-7a4959073a0a,2026-03-18,2025-11-24,2025-10-13
f6645026-3979-423a-98ea-e30c173ea9d1,f227a411-c335-4376-9899-048c0991b9b3,pix,8212.04,c5e7be0f-4c16-471f-ae43-4446667481c7,2026-05-06,2026-03-22,2025-11-14
f3b60637-6699-4b76-b808-6240c4365934,5ff9e8cd-51db-4344-9775-47a4f8c55daa,check,3536.3,3428d10d-2dd4-436e-8063-a38eb3e1c899,2025-07-09,2025-09-14,2025-07-21
ffc87dac-60eb-4ddf-9f7f-fbedb8b372b4,e3fe702e-a3ae-4d78-ad1b-3a46ccbc786a,check,6897.77,164bcbd1-ef61-4ce4-ba46-bb6190a04904,2025-10-22,2026-05-06,2026-04-19
1268dda1-ec13-4dee-8cfb-6c829cdff463,2877bc42-3e7b-4b19-b953-4b29344cfd5f,check,9639.49,bd4ba254-bbcb-4ec8-86d1-4adfa33e81e6,2025-11-25,2026-01-08,2025-10-27
1e8a63e1-bdd3-4907-854a-a3f56e310ef4,cde794d0-9075-459e-baae-51cc6030fe4c,pix,7253.26,c930b52f-d5ca-459c-a98e-39c2dfc71485,2026-03-04,2026-05-23,2026-02-16
e5d6bddc-5233-4539-9689-3dc1c2559be4,4ea14626-be03-4745-b2cd-ea6cd832440e,credit_card,3717.46,798978ee-a21f-460a-9754-8eb337910f0a,2025-09-04,2025-12-06,2025-11-26
ff9a3039-a891-4ea2-b353-27680b7056c3,1c099c09-9a9c-42b1-861f-21cca06e1759,check,9753.86,b1c3a4a3-e1e2-44f2-9742-6180eeba39b5,2026-05-12,2025-07-14,2025-07-09
ae77c280-a217-4b5e-8ab6-6cce5e082977,96f30ffa-6d02-44b8-a69b-d7c79bca15f4,check,6519.59,707beeeb-d66d-4fd2-9dd6-a0259fed75b4,2025-07-15,2025-08-12,2025-10-02
50941e28-8f51-4af1-9f50-9796fd8c4311,6d83e150-6201-474a-9438-b5e71410dcb4,pix,9957.71,220a35eb-ea20-4e8d-bfb5-96ca7dca14c3,2025-10-21,2026-03-11,2025-08-15
b4d7a043-7907-4225-bd15-b00efd47d1eb,9bf64e2c-624d-4ff2-93ee-70eafb6da10c,credit_card,5698.7,8f7bc139-8d63-4ba3-bbe4-d2bd2baa133d,2025-12-13,2025-06-02,2025-06-11
651df7d0-cb02-41a1-a96c-1c9b2c43b910,16d123f9-541f-4aa5-a046-c008a1294b40,credit_card,1749.93,340ee3cf-f391-4283-869c-c6bef89da196,2025-08-18,2025-12-03,2025-07-26
4ff90e50-14e1-4e8a-a984-a3033abb2deb,eb1cb509-4da1-4e79-b40d-6a933298fb4e,check,8856.8,bda6823e-9beb-4054-a5cd-e1bd46667cd6,2026-05-06,2026-04-08,2025-07-12
76dcf26f-dad5-48d1-832c-769ab8261675,79b4f34e-5f21-4c75-b29d-c9e34396581a,credit_card,1639.78,2038a5d5-63dc-4986-ab7b-08f5f8f7ab1d,2025-10-11,2025-08-11,2025-06-16
dc577811-d80e-42fd-81ae-455565fdd58b,b48475c7-2ccd-4a72-b70c-4e80c099e4db,check,9063.19,037b4b35-6637-44a3-84c5-d4cd6440b7a7,2025-08-19,2025-10-07,2025-10-04
314acf7c-669a-4eb6-aa68-11065f9cb473,fe709cd4-d4fd-4a56-8ab5-85bbf2a83330,pix,2868.07,4194d135-8145-47a5-bcfd-3ba57aba91f5,2025-07-21,2026-04-23,2025-11-14
1c451e02-ce00-4c76-badc-1541f89bc068,df1fa2e7-1916-4ff5-acde-3ba9ac65faa7,credit_card,4971.74,54c23e14-97ce-4e34-baeb-43f6bb780b02,2025-06-10,2025-12-30,2025-10-17
8612f5e8-a2a3-442d-b7f4-872ffcda6e45,f6f428de-c988-4bbd-9ce4-07621c980512,check,9916.79,0b0dee1a-67a0-40f5-9cc4-06bfe125592f,2025-10-03,2025-11-11,2025-08-06
9527ab7f-4986-4a50-a6c4-28a8a06c6cb7,23ba5542-1e15-40a3-b718-5be5bd537c9f,debit_card,4935.14,730ffc08-cbde-4f3a-9f6f-bd00be54cb46,2025-09-04,2026-02-20,2026-03-10
5d1085c4-58ac-4798-9642-6aa0a947d14c,0f806046-3ead-4342-8e87-efe29458e497,check,3615.35,10915370-57c6-4f9b-b173-448307dfc137,2025-12-15,2025-12-17,2025-09-08
aa000f15-8a90-432c-a105-fc401a6c8f15,4c5daf46-ac94-4227-bc98-9844bd09e9fe,debit_card,4513.28,55efb6d7-12b6-4049-93a4-f111328987fb,2025-06-06,2026-01-19,2025-10-06
d8183c36-37e9-4ae8-ac7b-687b0286ae1e,aa0722b3-3bea-4613-bd94-afd1a23021c0,pix,6235.53,de720dea-f490-4a20-993d-2bb7b5bbad22,2026-04-14,2025-07-14,2025-07-21
ec722d55-94ca-4aae-bed6-142b91260410,4884cafc-2246-429d-8989-67b6f8815fcc,pix,6179.95,038a995c-831e-487a-b88a-87d11d6c57c3,2025-07-08,2025-10-04,2026-03-30
0dde2edf-6891-4b6d-8729-5c35e1596694,d5b050a8-79c9-4053-8129-ff125a5df411,debit_card,3543.45,80b57585-3578-4653-98ac-747df6a05d90,2025-06-02,2025-09-25,2025-07-30
53c889a8-fe94-416e-9a4e-adbc18eb6c75,c4a14e22-e622-4788-9d99-361212f5b724,credit_card,6078.19,74ae2072-7fff-401d-aae5-4f164751d875,2026-03-05,2025-07-19,2025-10-09
6f568d83-bb9c-4681-9d45-6a9937c6f989,24a06a6c-2a6f-4ccc-b987-7befb62868cf,check,9698.58,e0332b35-74a1-4265-8f5d-facf6db846c0,2025-10-23,2026-05-18,2025-11-22
ff979b54-a194-4728-8bae-8cb25980f114,0e6b1836-c127-4b8e-b244-4a55cfe3b55e,check,4710.03,050d4dbe-34ef-4b1f-abbf-be026be84fcd,2025-12-21,2025-11-23,2026-04-17
948e67c7-4ba4-4592-aa36-fd957c62049b,157541c8-b7d9-4ef5-b13f-6f832510cbbe,credit_card,1356.55,bca85c50-acb1-4ffd-9681-4207be6d44d5,2025-06-23,2026-01-31,2025-08-23
f78341ed-89c1-4450-86e6-a66044e0bb5e,329919d9-2e44-4e9f-8a4b-87ac230b8c3e,debit_card,4916.56,d3412482-bcf2-45d8-9f92-7ee1c9933e10,2026-05-02,2025-08-31,2025-12-08
ed5910c2-59ef-410a-b139-db30e63c65ec,1d55ff89-b504-4c83-9629-2045e0ad61cc,check,2233.74,fc296e1e-c885-424f-9027-7de43e1a07eb,2026-01-15,2025-11-12,2025-07-27
7df6c826-18e8-491b-a16b-63eb6dc7b57e,fb66f12f-1b66-4db6-b0e4-d026d6a74fb7,pix,5922.66,adfb03d0-8d02-429e-8438-0690af3d297d,2026-02-12,2026-01-17,2025-07-25
723a7b89-baab-482e-b4aa-2a83e6ac5048,586555df-a03c-420a-91d2-b2a2256c69ff,credit_card,965.7,7af688e2-b755-4762-aa1a-58697fe6eb4b,2026-04-10,2025-12-20,2026-05-14
4affd1e4-1af2-4875-839b-2faa17cbaacb,58359536-a57b-42fd-b110-0cd7b3290ddd,credit_card,7140.73,7214f4ed-a500-4c8f-878c-125f99929e10,2025-09-22,2025-07-24,2025-12-07
7c331891-2a16-42e3-b34e-30b21232e09a,3c6b9f21-c5fb-44f7-9aac-5303efff9d2a,credit_card,7352.55,cdf02430-31f1-4bf3-bb4d-7e150d8935b5,2026-01-28,2025-11-10,2026-01-31
a1ef9c29-8103-46b9-9826-63a1b61a135a,fb9f842a-2af2-4fa6-a85b-03399c56b1b1,credit_card,6366.59,d61f887a-75c3-4bcf-a007-90c4e12d04b4,2026-02-05,2026-01-03,2026-05-18
abc16104-84b2-4889-b919-d90a1136779c,5ab33659-b630-4d93-a6a5-fe56336d549b,pix,8799.13,2f22bdb4-0288-4e9a-bfcc-15c1c37f09a8,2025-06-09,2026-01-02,2026-04-05
3db8d003-9945-4ce1-8caa-187bb88f7a9b,ce87e400-434e-4752-a47e-f900a49b5dd2,pix,5454.71,64f9e888-942f-4b9b-8edb-4fa0c35104e0,2026-03-05,2026-04-06,2025-12-05
f65c6ce2-9ccf-4026-9e6b-658a9c02eef7,d262abb4-5c32-4b29-bd74-fe3626c98740,pix,642.35,746f9355-cfd8-44cf-9c73-c3a1019330b1,2025-05-30,2026-05-23,2025-06-21
75c4308f-061d-4192-af09-65f4ae330b4d,db720e1e-39cd-40ff-8c44-a128ac606b84,check,2541.39,93b8948f-8550-4a14-904a-f655b5a92e11,2025-10-05,2026-02-24,2025-07-21
06846aba-9cc3-41bb-a204-df2d5b7f4714,39a55f34-93b1-4841-ab0a-7883b76d4569,credit_card,9187.24,38e5fad9-819d-4a0b-afae-62eb9301b4d0,2025-11-18,2025-08-08,2025-09-25
47b6aaeb-682d-4a3c-bf47-8c835305c8ad,b198fe9a-a5ed-46c3-9e18-a155976d558a,check,7404.46,59144f83-9e71-4eca-baf5-a0d6fc3780cf,2025-08-28,2026-02-07,2026-03-20
23dd6f19-1c73-4aa0-9260-e6e3849183ee,5c0ff553-2632-4386-a630-0c5c383e3223,credit_card,4151.5,cbddc0b7-93c2-4529-885f-bcef89033f02,2026-01-26,2026-04-21,2026-02-15
4023cc78-26d5-423d-a79a-3659613a7a6c,e4091f47-9c7a-47f5-892c-f1b8edec80de,pix,2094.74,1abb983f-6f87-4826-9acb-ee972f040b6c,2026-05-08,2025-07-03,2026-02-04
a9bc76c2-e3b8-4178-aad0-db969afb09de,25b842ea-cff7-4158-9d27-91361c41fae1,credit_card,5837.75,37e8c88d-c4e2-4d43-9710-8e23810818e2,2025-12-19,2026-01-03,2026-05-01
d5ef6075-e4ef-44a4-ac7b-9bbe2360512e,14dd4f3f-d877-42e4-b51c-4f85bd554cc1,credit_card,9781.86,022f75bf-1654-429c-b594-fcd24f455fb3,2025-08-15,2025-06-10,2025-06-12
24151e14-ac2f-4915-b053-4d11b7cedf97,048ac155-d22a-47e6-a25c-6dde8c2618f4,debit_card,7954.73,e1edd329-1725-4e97-9cd4-f748809a9513,2025-11-06,2026-05-09,2026-04-17
57eb8e50-936a-4053-9407-edef7b0a6807,25861597-657f-4efc-8e1f-ae5689d7af3c,debit_card,4220.75,a87f5ea5-2739-4f3c-bd85-7f280535632b,2025-06-27,2025-11-23,2026-04-01
d34088c5-79a6-42e7-97db-7b3c04551b98,840060dc-3abd-4201-ab92-080ef2e68b2e,pix,9900.01,76700899-d9a2-4013-8e6c-45112c9f1547,2025-07-23,2025-12-04,2026-04-15
5621d3e1-a73c-4573-a5c4-e1a731247c98,96f30ffa-6d02-44b8-a69b-d7c79bca15f4,check,6519.59,08b31d17-71e3-4c5d-9582-d71aedb7036c,2025-09-22,2025-11-01,2026-03-18
a8e570a6-31b1-41c5-9f04-4f1e31ae43cc,c6fdfc0b-3a9a-4d3e-9153-b1be26f653b9,pix,2842.3,7667aada-3b35-47d8-82e9-656f141cf5b5,2025-11-04,2026-05-12,2026-04-22
9a5ebae4-8327-4fb3-82eb-c61787881996,89aebb63-f6a6-4c89-8e52-1b3b091eac88,check,781.41,702b6659-6f79-44bd-9a26-6e4c4c59e680,2026-05-27,2025-06-28,2025-11-22
188eeb67-0d38-4d7f-b88f-f216c9e0ac8f,b4e3538f-9e50-4371-8e6a-4e0e2b9a3322,debit_card,51.59,04e7429e-614a-49b6-b25e-e5cfceb5452c,2025-06-05,2025-06-19,2025-11-28
d5685465-a6ec-41a1-9f7a-de552d11616a,13365237-ea57-46cd-8d84-1c31cc16b028,debit_card,2343.81,312e93ec-58fe-4279-8043-e65b034362d3,2025-09-24,2026-01-22,2026-01-21
3eca1f91-7d45-4e17-97b8-61a1a102fb17,ccf3e812-bbaf-48a5-9121-a1789639cdba,check,9264.17,195d07ad-4c54-432b-b5fa-29ada9728cee,2025-06-09,2026-02-24,2026-01-27
db2f8a31-b2ad-4725-bee0-0c711535f87c,fc3ffc30-b7a5-4bc3-a42e-336e47fcff30,pix,2736.02,9798602b-663a-4fc9-95e4-46793fbd56c5,2025-10-24,2025-11-08,2025-08-11
af952810-292a-4d2e-936c-a12949da26d3,76a42282-9d9b-499c-9bbb-2a6f71ebe478,check,1834.51,66784344-0b87-4734-aeb5-b2cdf20bbcdf,2025-08-12,2025-07-28,2026-05-20
e73551bf-ba52-4c38-8f0e-96ffa032781d,fa3d46c0-ca22-4486-81f3-030ff2abbc52,credit_card,2539.24,f27cee96-3ca0-44e9-b319-dda8e145310c,2025-12-25,2025-11-27,2026-01-01
4e6d1419-d8cb-4014-b6f8-bdfab6980b4f,91a9e8bc-e7ee-412d-876f-5c5d70bc6928,check,7388.1,c39b9d8f-e4bc-4db0-bb00-b75d34fcf61d,2025-09-19,2026-04-01,2026-04-28
5aeb4b16-13af-482d-bd5c-3ee9cdd5a603,a6a91b4a-f2a1-41a4-9b8a-ab4c3b05d9c6,pix,7033.43,3a707f6e-0162-49f0-8431-c8ad245f9880,2025-09-29,2025-12-30,2026-02-07
7b6fe2a7-cdfe-4216-904e-b7ccb9312e83,164d2931-2f5d-4cd8-b879-a45f0a154486,debit_card,3438.65,e4508d5d-8fce-41a4-a0a1-5f7fd6a330ae,2025-12-19,2025-06-14,2026-05-05
41cfc5c9-d0f8-4fae-9523-e31c0c462c2f,d170f207-4df9-44f4-be5f-4f85a50f053a,pix,3060.29,4d56759c-6223-41e2-8c73-c8e02d72c0be,2025-12-28,2026-01-31,2026-03-04
1cb519f8-5d9c-4297-9127-6be93b98939a,9f484c34-18d8-4499-bdbe-46f3b0c630a7,debit_card,9874.48,2ba6a2f3-ec29-430a-a2ac-91fd4d79ef8d,2025-09-26,2025-10-05,2025-06-25
600eff18-4d28-4aa5-b4ca-ac843dd5f42a,ab6000df-873c-423f-ba5a-894dcc2dd311,pix,8483.16,cbc87944-da6c-4f88-a150-bf2753ea25d6,2026-03-04,2026-04-23,2025-08-03
c0a9216f-fbc5-4011-a4e0-52e51017488a,0243eb1f-1e65-410a-a667-5f3c7366ddc1,credit_card,2178.29,201b698c-4a06-4565-b033-f1c5dfe703a6,2025-12-11,2025-07-15,2025-08-05
b4f345c8-cec1-430c-86c1-0b898b79fdd1,f6f428de-c988-4bbd-9ce4-07621c980512,credit_card,9916.79,204f5e60-d2cf-4e54-be08-926c74f296f6,2025-10-12,2025-12-06,2025-08-18
57171ddb-6757-4985-890b-2a96d5e67fa6,90eb6a55-e970-40d2-99e8-8940a8cebc2e,pix,9602.88,da284afb-f084-4456-a2a7-147a31e66544,2026-04-05,2026-05-02,2026-03-26
9fdcd5a0-a7bf-4860-858f-20fd0e5d46b1,d2fbede5-1180-4c8b-ace5-512c25de796e,credit_card,8510.71,66cdc7cf-5792-4a06-8721-684c9e323727,2026-04-30,2026-04-05,2025-11-15
4f7b0983-04bd-4723-abba-6267c5dd734a,20522c6c-03f0-41bd-a3fc-25f1d673405e,debit_card,1079.98,d1c77f05-2d1c-422c-9f14-d99eb7d2208a,2026-04-03,2025-11-09,2026-03-16
ce49bf00-e7eb-4b3c-ae29-f96ba518abdb,c47b01a6-5e61-4445-9e28-4c4a7fd00b6d,debit_card,9487.11,be0fb65d-47b6-4002-a7f4-36c39c43d2ec,2026-02-16,2026-05-10,2026-03-17
61169720-831c-4fac-a7f0-770eaa12c78b,44fe68c5-967d-4fc8-b462-01e4a6b0e052,credit_card,601.62,a977ff21-d805-4e87-8a8d-049f589b824b,2025-08-17,2026-02-14,2025-11-13
030c11e2-9ff7-48be-bfdb-a77af08cc868,156e7411-d632-4917-b4ec-d49980dd7a7e,pix,1085.78,95bd1e1b-3743-40d0-86b6-1101615f2ad2,2025-11-22,2025-10-25,2026-05-17
4057ae0e-13cf-4a2d-b087-b32b3684a411,63e4febc-72fa-470d-9744-6b42f85f5ac1,debit_card,4431.74,ac4f8a89-5c23-46aa-a263-88640a6ef80f,2026-05-18,2025-09-28,2025-10-03
3881e1ce-4fe9-426e-a1eb-756e757b881a,241c58f2-87af-4f06-8111-9d6065d1233f,credit_card,9121.38,b68ff77f-ff4d-4e3c-96ec-f210a993013d,2025-08-28,2026-05-22,2025-12-11
3953cbd4-4336-4930-a322-513e34ca054e,4828ac36-d5e2-45c3-bcb3-d3938f55f6c3,debit_card,8147.58,b168921c-0f7e-4c00-afab-ebddde68b3b0,2025-07-05,2026-03-01,2026-01-25
c6d42340-c08a-48e8-9ec7-c837f614de91,57974db2-4d95-49fa-adaa-abc4b0fc3135,check,9917.96,a5d0e2e0-4aa2-43ab-a2e7-7f50415ae967,2026-03-19,2026-01-25,2026-01-09
9c0329ec-c211-4ab7-bbec-090514175bd6,11133572-2ac1-4c0a-a04c-98a64d2d59b9,check,4013.87,3b8d88d3-a4e4-414f-bf49-7adf1c392553,2025-06-22,2025-12-10,2025-11-23
507b5984-4b50-43a1-859e-7956f8991b9a,04f18937-c801-4942-947a-1b14152533ca,credit_card,1032.84,4da0f6e6-1ffc-4c1c-a28b-fdcd073d91aa,2026-04-08,2026-02-07,2026-03-18
bf56815d-9904-4c0b-a2da-a632aa159f57,ccd58d45-ef01-48cd-a24e-278e5434e5c7,debit_card,2795.19,804ad686-677b-469f-a885-0da5c71e8190,2025-06-19,2026-01-12,2026-03-13
7d58e501-816f-4ee2-b789-ba5fa0f116f6,92f674bb-5d7b-466d-92de-4fabdc61e7d9,credit_card,6823.57,aa5d899d-8384-43a5-8ebc-dfbde72a3d8e,2025-10-08,2025-10-08,2025-07-19
019cec2e-23e9-462a-831f-2a7a1563ab22,f227a411-c335-4376-9899-048c0991b9b3,check,8212.04,43db68db-f57e-4748-b9a0-40e4d1b098d2,2025-08-17,2026-05-22,2025-06-25
35c9d994-46b0-4cac-a239-5f43c59ff0d2,624cae98-a726-4f90-b623-c46f06e0cb43,pix,2151.93,b43dccbb-b287-4c80-9e80-35081ff52384,2026-02-03,2025-11-14,2026-03-23
d404e15a-3c51-4203-937e-3655dbebe6a5,432f585c-2402-43a0-a6ab-cf953b217dc9,pix,9988.34,8a6cda9b-8ec9-413f-8996-83136efd5631,2025-06-18,2025-12-21,2026-03-07
d64152f8-db02-45c1-a9e6-66e9cc56b7e4,29674d47-01fd-4600-a86a-d3c0aa002779,pix,8917.11,e72ab0dc-6c22-4a05-970a-f296d30a104a,2026-04-29,2026-01-16,2025-07-10
782afd50-45bd-42a8-8c2d-fb22788d485a,c9d95c94-d7de-4961-a6f9-7d5d9e8c6367,check,3076.54,8bc800fa-675d-4189-95f9-ea27c54b2d14,2026-04-20,2025-09-11,2025-07-27
6722b052-a1ba-4f8c-a968-4dafdeb3d393,56371b78-96d0-4019-b59b-176c4ffbf346,pix,8948.59,c71411d1-55e8-41e4-9dbd-df084f0a22c5,2025-08-16,2025-07-11,2026-03-30
2f74fa12-ad22-486a-94a3-f969c2cedc35,1f4972bc-c553-4664-958c-c84739cbff86,check,9111.37,5783cc2a-02ab-459c-8d7d-9b0794439a9a,2025-10-03,2026-03-19,2025-06-03
fcf715c6-5673-4402-ac4b-e921cd9eb4e6,3fdcfa79-c7d3-467b-8970-836f96d49d0c,credit_card,533.67,c9ac06f4-bd73-436e-8fca-53e518ccdf68,2025-11-08,2025-06-20,2025-08-31
f47b3009-c569-421e-8935-caba464dda42,3d2b2eac-64ed-4775-8e4e-450f9640dd5b,check,6575.7,54214d79-a051-4c48-8536-28415da33aba,2026-04-03,2026-04-11,2025-12-13
5fc1a375-4331-45e4-8cf5-f8a33f1146cb,d9125180-c5d5-483d-b170-5f6c3da6fe36,credit_card,4430.34,b1a26cd3-2940-49ec-bca9-50346977bed3,2026-01-19,2026-03-25,2026-03-27
c04dd043-6785-42c4-bd17-4111bd1b5181,ce159a2d-72c9-47fc-9803-65f066c8d389,pix,9544.63,ea5e3127-6d45-42de-a820-99d0776dadf5,2025-09-08,2025-07-04,2025-10-30
b0989f73-663d-403f-a04f-24bfdc492fcd,da7382e2-473e-4574-aeed-2932f83776cc,check,437.42,9e4af338-eb6a-4dea-9d50-426c6bddd89f,2026-04-06,2026-05-25,2026-01-11
eacb2bba-04a5-46cb-8e6a-66e174746673,d52d798e-4a77-4e15-8923-cc4360bee8c0,pix,6067.44,2d3d6944-232c-432a-9188-04870adcb07d,2025-12-31,2025-11-30,2025-06-20
d452579f-7380-4f28-9e1c-876c3aeb7662,8e071ea4-0e0e-405b-b5d2-418821382b8b,credit_card,7178.62,4f9d2322-9e81-4fb9-8ef2-f8f9416992cd,2025-09-10,2026-02-18,2025-09-16
75e74007-b7b4-4b72-8d04-cd60a9ac27ab,0bd19e0e-2e5b-458d-ab1d-67db3cf1f99e,credit_card,2502.93,c14ea0d3-bfb0-4920-ab91-009cf8c7f1fd,2025-08-23,2025-09-28,2025-11-08
fb34d392-39fb-4417-9dc4-767cd5d49607,6360b11a-6d97-4933-9928-16f3af47d1fd,credit_card,6172.32,1446c9b6-bc01-499d-b31e-45191f75f840,2025-12-28,2025-07-03,2026-01-23
f68dae45-d42c-4d52-a00b-82f6e4114ad2,200c5468-b12c-43ae-9054-607e94b81a08,debit_card,3532.01,bcefd940-eb7a-4517-9d40-6a795f92185b,2025-10-09,2025-08-19,2026-02-12
b05f732f-3509-4a59-baf3-896d30bf1d7f,d8eac1e6-4148-422a-bb40-84bd4cd9b3a6,check,1116.92,5160c2c3-845a-4582-99a0-d98136aa188f,2025-10-27,2025-11-19,2025-06-06
381516d0-1289-4263-a61c-b164875e313f,1f46186b-4b02-4d5f-9de7-24b02ab0764a,pix,3355.73,5c220737-fac5-45ee-a04d-b03a06cfe1e4,2025-10-23,2026-02-23,2026-01-10
d6688a6a-434f-4ece-b9e0-33ff62c5d338,82151bd1-1a66-4611-99f4-111e7b57c5a1,pix,6599.65,0e2e167d-0428-4eac-a50d-bfd3417eb260,2025-08-23,2026-05-15,2026-02-21
037889b3-2c2e-4fe2-bdec-d7c9df123d2f,a1bbee08-7ac0-4793-854e-c95b49f59333,credit_card,3057.84,4a6d36de-fc34-4e10-96c3-b90a20963a8e,2025-08-15,2026-01-09,2025-07-05
094ba8d9-bbb5-43e3-84d2-507565dfba65,3143abfe-9694-486f-976e-8ab22a453d50,debit_card,1763.02,e69b8144-3c72-4c64-96ff-cb89c8665e47,2025-12-06,2026-02-17,2026-02-24
0c803bf6-af8a-41ac-a67c-eb81c8f64749,487a0ee5-3155-4b93-8148-4a78844e387a,check,7749.15,5338a58a-6834-46f3-b21e-5ceeacbcddcf,2025-11-26,2026-03-02,2025-06-15
7be6f379-521b-4e11-9c42-ca236205bb9f,0634b669-6a5f-45f9-ac29-ba1264572410,pix,9713.89,0f119326-dd25-484a-98a2-9c57b827e9df,2026-03-22,2025-06-26,2026-02-25
4c9ce0de-084f-427a-ac0b-8799e79f7591,23eadb99-4f68-4498-82c6-0ef30d453b5a,credit_card,3602.55,0b6cc7b2-4c42-40a5-babe-4ead16a2c356,2026-04-26,2025-11-04,2026-02-13
fb74c5ba-7867-4ebb-a0d9-c4c3c2f4c3fe,ccbfcd6d-7d94-4a88-96b5-b6340bdd136f,debit_card,2066.94,1a3b8d59-7603-4b48-83f3-f58d00711404,2025-09-15,2026-01-18,2025-08-16
366e44b8-f7a9-4e1a-a6b8-1aac9032fbad,3f1af233-f5c1-4e90-89cd-f71144e96da2,credit_card,5358.9,de924702-83ac-4f1c-b945-e4a6f09e7cff,2026-02-15,2025-07-05,2026-02-07
dfb6536d-3165-4647-993a-2a40b5e70cf7,40ad5bd8-df33-43e4-bcc9-3b33dedf8308,debit_card,5970.85,fa036026-1e45-4ae8-aea2-72528504ab5d,2025-06-07,2025-12-22,2026-02-26
a542ff3f-4f9a-4eb9-9330-d89805c44801,4dd5c8aa-0fad-4eb9-877b-f30eddc9d588,credit_card,7499.38,3b6508c4-484f-4de8-9206-1fe69e75b44d,2025-11-24,2026-05-02,2026-04-10
fe5f19ec-2e5d-40cd-928c-6d5e5829dccb,ad68eeed-85b7-46ae-9ddd-191e557ae617,debit_card,3792.13,fd587aa4-17b0-4bd8-beb3-356479cc0d9f,2025-10-06,2025-11-03,2025-06-16
19f10d91-3596-4dfe-bf56-34d42df70191,8fb562ae-61da-4295-8c7e-5149ffa7c2a5,credit_card,5773.43,79f7c826-3879-46be-81b7-e351d937179a,2026-04-10,2025-05-30,2026-05-11
e25c031c-8b06-4a5b-a24a-c837c22bc255,b913ded6-9ff5-4d1e-8572-3e2b8c43c365,credit_card,5652.73,b6f13443-db45-477c-96a4-f63cff0f2000,2025-06-11,2026-02-19,2026-05-16
338f7c9a-139b-4b23-a6d4-d5190765ddd2,1f46186b-4b02-4d5f-9de7-24b02ab0764a,debit_card,3355.73,c7e814e5-2342-4d7c-8110-1479a758d6b0,2025-10-09,2026-05-18,2026-03-15
02b76a00-c138-4b55-bf55-e3ab7772671c,2a30236b-23a1-49b7-83af-4a2c3b08c739,debit_card,6048.74,8687762c-57d8-4b2e-ba09-1e12414af38f,2026-02-03,2025-09-24,2025-06-05
f3672916-304c-4426-b751-e51638066272,4258fa5f-6d94-4ca6-968a-0f86d633b324,check,1430.85,5056e3f8-a64e-45c0-a110-b69143c98449,2025-08-27,2026-04-14,2025-10-10
595b253e-30f3-4773-b3a7-ea840fc09228,c9d95c94-d7de-4961-a6f9-7d5d9e8c6367,check,3076.54,4aae1850-894a-4e60-bbc6-1fddf2accbc1,2025-12-17,2025-08-27,2025-11-20
7fa87dd5-28e6-43a0-8695-2c7d3d4628fa,53151d3a-0e83-4296-9721-a49a2c13f9cc,check,4748.54,637039bf-c5c5-4729-a477-63ada78f850c,2025-12-21,2025-11-14,2026-02-10
8dc80ac1-6023-4339-80f5-388dc7ff5ccd,cf0c8b1a-5bd9-49f7-bf80-916744eb36ff,check,4640.56,56e1a539-4f73-4038-b39f-5174bc600e25,2026-02-10,2025-08-10,2026-03-04
b9192e78-9107-4000-8820-99213175d8b0,095cad37-da2c-4137-a18c-189176110b58,credit_card,2715.78,55bded98-e9c3-4162-8b88-f3d9341fa18e,2026-01-02,2026-03-31,2026-01-09
4cb85f63-93c6-439e-8460-09fba3ebfb88,f6df42ea-f5a9-4757-8e50-deed92141cc5,check,7230.07,855b402f-29f4-4d94-af97-acb5249c2b28,2026-05-05,2026-02-13,2025-10-14
6d3e5f38-20dc-4a8f-ad5a-dbe99303356a,0ae72b3d-f132-4351-83af-e0e9d2f45cfd,debit_card,6579.6,96e12509-d2ad-4100-8563-b7a51a6bd041,2026-05-08,2025-12-07,2026-05-02
c45f18aa-0b0c-4574-823e-4db39f5da955,dd51b0a3-1903-4398-a5be-3216f9efdf0b,debit_card,9453.81,ba790673-1625-4789-a7c7-7237bc23d51c,2026-02-16,2025-10-05,2025-11-02
bb297c16-b1f1-403b-9afa-d67009c5206c,bd57b605-ef15-4a3f-8c61-58c0acfb390f,debit_card,2450.18,ae81f00e-3020-4ecf-8c96-cbc75032e7c6,2025-07-27,2026-03-01,2025-09-17
9dfe26a1-1cec-433d-9787-e564b83ff4be,4258fa5f-6d94-4ca6-968a-0f86d633b324,pix,1430.85,a78fe741-df04-43f6-8fb1-36a8354dea76,2026-02-11,2025-06-10,2026-01-26
8f2e6759-0465-4790-86f8-ab68787f879e,752735e7-55a0-4409-bdbf-ab1935d7afc1,debit_card,6305.35,d87312df-340d-4b2b-aaeb-a565c1617464,2025-05-31,2025-10-16,2025-05-31
df2a8ce3-967e-4f44-9f83-9758def75e8e,4dfe3b9f-aeba-4048-b146-d00db2cb8f0c,pix,6739.87,fafb8f0c-11df-4b8a-96f1-cd31cca2cb1b,2025-12-03,2026-03-12,2026-01-23
7293818d-c34e-4f32-b993-bec7725d8cf6,fa3d46c0-ca22-4486-81f3-030ff2abbc52,debit_card,2539.24,e1675a71-3b1b-4837-8930-2ce0fc0b1ef3,2025-07-22,2026-03-08,2026-05-20
e614b413-35a4-42ed-a587-ec5ca7cd697e,db1c8806-ddec-4d0a-91cb-058bf74762e5,check,9962.25,b6da07e7-b834-4c0b-959f-ae8cf1c775e7,2025-10-11,2025-10-26,2025-06-12
ced83732-7ad3-4fa6-97ab-0c6562076b05,4d5955f6-ac6a-4131-a816-5d523afad5af,debit_card,1606.8,02d7fc94-afbf-4002-82f4-6287faea4cff,2026-03-29,2025-08-06,2026-04-16
9f3ba6d0-78fb-4e91-bb5e-b69d4769e413,9ccfddbe-96cb-4514-81d3-ba9a3b665de6,check,3452.19,43bd440b-8d6b-4cab-af6e-085f84ef53df,2026-02-05,2025-11-24,2025-12-03
fc2adef5-610c-49c5-b983-950e4b768280,21996166-9154-49bc-a199-4fd5327f55a7,debit_card,8691.94,2aa9167d-7d78-4b6f-85f7-93cf35e63d23,2025-11-14,2025-11-28,2025-08-26
40f3017b-196e-4986-9bc1-704d223793cb,c7cb8ea6-1651-4a8c-a969-a201aa17caba,debit_card,6984.03,83e70495-a92e-4692-b3b3-878cb455f054,2025-05-31,2025-11-25,2025-12-01
0bed8235-2655-43e4-9bb6-253b94cbf132,f0a7e0e9-2a8e-4adf-9031-624d36586a9f,pix,6574.83,9e03b652-b698-4912-9491-63828ef4d963,2025-10-02,2025-12-08,2026-04-03
2d76fc92-1fd5-4b4f-b88d-50d6dae640fa,14dd4f3f-d877-42e4-b51c-4f85bd554cc1,debit_card,9781.86,189599bf-b0c5-4aa7-99c5-a349d13b36d6,2025-11-21,2025-06-24,2025-06-22
7c8acc95-7d61-4d27-9509-0473ce105a76,19ab92d4-f945-49cb-9223-ed4b01feb37a,check,4851.42,48129a0a-35cb-4677-be47-ba8d57a9a22a,2025-12-27,2026-03-11,2026-05-08
d92de798-fd06-41a5-af3e-a78dda62af1a,233b0906-ad89-4d07-9da2-1670be89cb44,debit_card,7375.09,51c265c0-4781-4b44-8faf-dfcb13ded86f,2026-02-27,2025-06-29,2025-08-26
d374006b-1103-4e8b-89cf-ba40e1b2ffc5,d7416f08-d4db-4238-bdcd-1996a9aebf39,check,8102.58,fc93334c-c2ad-4d4e-b0a0-2ab117b20262,2026-05-06,2026-02-25,2026-04-23
5c8fd1b8-09d6-4235-8860-8764a5b74730,cac33536-6e61-4014-98ea-f86a4314c7e3,debit_card,8847.67,96cced1b-9513-4976-97d8-82e74ac21a06,2026-01-06,2026-01-08,2026-05-06
bce21290-1b1b-4308-a9b4-5e9df4e3467c,b391fe88-abc8-413f-b6be-b91af4d386f3,debit_card,966.37,716a7985-ad2c-41f7-b530-11fc9150da43,2026-03-23,2025-10-10,2025-10-04
3df0b1c8-c2b1-4bea-bd7e-d69ce2fcded5,8058a8f7-d56a-4baf-b57a-f89ca35e110a,debit_card,8877.78,a25f067f-d962-4a41-a6e9-798d9ba4782b,2025-07-20,2025-08-01,2025-07-11
8edf2591-177d-4695-a507-b46d29ab10a4,d7762d5e-870b-4f49-bf98-9ba1b8636698,pix,5240.91,45c39782-4a3e-4ec8-837b-4ba321f68fba,2025-08-04,2025-06-03,2026-04-26
b7af0fad-c673-4e83-930a-2445409ae619,ec4a1325-69aa-4836-8664-3f3f1cd8e08a,pix,1967.1,6eed41e4-c9c7-4dcb-a92d-e4b05849f550,2025-07-06,2025-05-29,2025-08-02
3b878c3e-cba4-4d14-8f99-9ba76173343f,ec680ce7-8b25-4c62-a3bf-60fef690618b,credit_card,1043.04,0b0a959e-ec30-419b-814b-a88281fa85c1,2026-04-14,2025-10-04,2026-04-19
79405a17-f89f-4e36-8c9d-ea0be751b58f,8f36a61e-4742-465b-8856-b8a1de7b668e,credit_card,406,9a8aee83-7c19-4e04-8a53-216866cf1afd,2025-09-02,2026-05-13,2026-01-13
37258653-ae8c-48cd-a5e1-f3a978c3d7a4,9ed7d9da-c151-46e5-90c2-8a95aab2f3d7,pix,9753.14,60238d8c-ff3b-41f0-a788-6c31d1a905f5,2025-08-28,2025-09-13,2025-11-10
13bed954-33b9-4413-bef0-c24336a96b98,67dd9270-a55c-45ba-a1ba-c87a593778bf,pix,1894.24,6bf1249e-6e4a-4bb0-9a59-8247a5a1b19b,2025-07-16,2025-07-16,2026-04-17
0f6957d4-91df-4f2e-b748-bc11c2bab375,e504c746-5b09-478d-889e-396deea45e74,credit_card,3119.37,427f5f45-3c4b-4a6b-af53-1b0c5e3b5564,2025-08-12,2026-04-14,2025-12-31
b95bedd2-e8d0-4331-89e8-4071df932c3d,cf0c8b1a-5bd9-49f7-bf80-916744eb36ff,check,4640.56,b6cd91e0-57b6-47a2-a80a-e012c06b76cb,2026-01-05,2026-03-24,2025-07-05
d74a2d34-2c86-4f05-9cdb-58ec36310c47,715aa0de-054a-45c8-bf93-0ed7f7d8fcb7,pix,582.61,f9fc54f5-0da5-4e4d-9884-29d4786eef15,2026-04-19,2025-10-28,2026-03-22
7a5dab36-a651-427a-a919-14e7dd392bd8,756daa27-2c1f-4338-8dc6-b275a114a273,credit_card,4906.82,8a6ddf07-0e72-4b3f-a406-90b2d8de0cce,2025-09-16,2025-12-05,2025-06-29
20b8d150-97c0-4b22-8058-cc126a6d6cfe,7ad7f4a0-1322-48d8-9443-a76e7e782ee2,pix,8303.54,ade718ca-5144-4205-b1ad-c4ab2d2eb35d,2025-08-10,2025-10-31,2025-09-10
fd054ecf-1f22-4110-9802-2f63bb08bd9f,4828ac36-d5e2-45c3-bcb3-d3938f55f6c3,debit_card,8147.58,c5e1a18d-a66b-4869-83f1-aab17256f9e3,2025-12-12,2026-04-14,2025-08-20
22b4cae8-352a-4c15-a626-044904fb9f25,b198fe9a-a5ed-46c3-9e18-a155976d558a,pix,7404.46,61eb9f2c-31c1-4a06-987e-1cd287fb59e5,2025-11-11,2025-07-02,2026-05-11
aaf005e9-5de9-47b6-bd54-d94c10b5e951,bd3ae956-160b-4de0-9cbf-db233fa787d2,pix,7352.36,df15e82c-1940-4d76-b629-e6561cbecca3,2025-10-19,2025-05-30,2025-09-16
ae4f9ab3-c726-40d7-8a3d-b594194e6e63,1887422a-7206-4c63-ae0a-631df5bce9df,check,3009.14,d8e1d4d7-1778-45d2-8bf4-77bb10eeed0c,2025-12-13,2026-01-21,2026-02-20
b4949217-5adb-407d-8d49-285626bdf6a3,26163d2a-c3bf-41aa-903c-a33d9ca50954,credit_card,2739.72,d5074565-c8e0-43f9-bae4-2168f6215fd8,2025-07-04,2025-11-18,2026-02-02
44eeddea-58ec-4d1f-a720-a6f2fd009c4f,0243eb1f-1e65-410a-a667-5f3c7366ddc1,check,2178.29,0adf0897-f598-4d61-94ba-e17ce6932b1d,2026-05-04,2026-01-21,2026-01-02
8f8c03de-3512-4c63-b399-1c40b42e761f,3a1ec4fa-dce6-49e3-837d-f2afef3700f2,credit_card,7476.46,559d6229-9368-4616-b63a-b202de2a105b,2026-03-18,2025-06-03,2025-11-10
ebfa6104-4a93-4a90-b3ad-77814f7559da,199dda32-5c55-4989-90c8-e568c17e90ca,credit_card,2096.12,bb49c7d0-da32-46d6-a554-a9b108190f29,2025-12-28,2026-02-15,2026-01-11
4f3c6410-af62-4486-b528-192db9940418,20a3ce32-4f2b-43a1-a2b0-5e252a09d710,debit_card,9568.82,3106bbbb-08a3-4274-b22f-c1d52db47709,2025-10-02,2025-11-11,2025-10-15
1c6c1df6-1d14-4c19-aa98-21022595d749,c537fb17-b024-4a02-9952-e7dde8294a46,debit_card,3772.81,4018c39d-99b6-4b7f-83f2-0b8c484b4f3d,2025-11-10,2025-06-14,2025-11-03
a90fb802-3085-4240-9e38-675321774c65,b391fe88-abc8-413f-b6be-b91af4d386f3,check,966.37,604e23a6-9897-44c3-a1a8-df449fe9f10b,2026-04-21,2025-07-04,2026-01-19
57aa11d9-1de3-466b-9f87-55db9694a8de,6351c453-98f9-4793-ace0-c687241baf78,check,6188.84,cfb81aff-00a0-4d44-830f-f3e60010dba4,2026-04-09,2025-12-28,2026-02-10
66e6c67b-f29d-4612-aced-b9844108755f,32b3e318-6ce9-4929-815c-4d10657499fb,credit_card,3402.76,6edf7e26-9b3c-4060-9a6e-a3201adf4704,2025-08-20,2025-08-07,2025-07-16
21170868-802d-4676-b0c8-f7c91d047b63,f18ce207-7a58-4752-945f-64877d48f7b5,pix,2264.92,9b3656c6-7a76-4ac3-b5e6-4c516b64209b,2025-08-05,2026-03-14,2025-06-15
d071fdf9-f7da-4006-9049-bb39023e2478,b2359767-cb87-4ee9-805b-42815b3fb29d,pix,2000.07,83b7944e-1f6b-4771-ae31-f0acae39dbf5,2026-05-22,2025-06-15,2025-06-22
407d529a-0297-4a85-a2ae-808bea06e18d,583b6b43-ea95-471d-b117-0696db331f24,debit_card,8034.37,58695be6-d215-4355-9e23-372a90323e5c,2026-03-21,2025-09-19,2025-10-22
37605a0c-59b0-4712-a89c-4af1071f6bd3,76820f68-4afc-4173-8605-4fd5a21a039f,credit_card,9333.59,7d58568c-cc9a-4aed-87c5-19ddc1f593ee,2025-12-03,2025-09-04,2026-01-09
c3c7ed3e-3fa5-4c70-ad3c-7b973af9eb12,ad170b11-33e8-40f1-baca-7ac4a52286c0,credit_card,9117.36,7bbc9ac8-90ed-4f4b-8a0b-94e975a7ffb3,2025-12-15,2025-09-20,2025-10-10
eed3650f-f160-47d9-8eb2-76bbd850485b,d9646ffe-0a7e-4074-9abd-23e509bb1401,pix,9578.98,9029f0ed-f43f-499f-ad8e-b773d5136a85,2025-11-12,2025-09-14,2026-01-18
7e0ee18a-7c0b-4cb2-b057-d40c3aa752fd,2839ecb6-650f-4ddb-bf94-4c0d6f8c41a7,credit_card,8427.99,5c187e56-f7b9-4382-a8a9-9732652b4693,2026-04-20,2025-10-23,2026-05-28
b259401f-bcbe-424d-bbf2-e507e153c206,4371eb65-56c4-4188-9bfc-0b0d691d4e3a,credit_card,984.42,a99bf7ee-ff9b-4ad7-ba5d-f655207dcc5f,2026-04-12,2026-01-15,2026-02-07
4f86b764-816a-4130-a110-f3b26036639f,2e551fff-2705-49a3-ab13-9333585f8556,credit_card,380.06,9d64ee85-3093-4ccc-b6f1-a2ef62bd1365,2025-06-19,2025-09-22,2026-01-15
a901c2d0-4824-4ce3-b888-6881fe9ca40f,a6588969-a134-4517-bd0c-a896198cbe52,check,6586.29,09bbac94-ba53-49b1-ab9d-770a93e3290b,2025-07-14,2025-11-02,2025-10-17
a759410e-5a84-4838-8b25-af916c4fcde9,658580e4-6129-4a13-8a19-20b6521d9a98,debit_card,2884.78,3b1630eb-59fe-40da-8f71-e83d707ccab0,2025-08-22,2025-12-04,2026-03-30
f5416ac9-90c3-4fad-936c-bf501140537c,b1abb000-6c64-4d50-93ee-f1716db10209,pix,3229.85,654ef6aa-a537-416d-86ed-2c0e784ad6ca,2025-06-12,2026-01-22,2025-09-06
b691163d-e7fc-4f22-8111-3054ca12bd4d,f0a7e0e9-2a8e-4adf-9031-624d36586a9f,credit_card,6574.83,621ee9e9-1d29-462a-b690-dfe66302aad5,2025-06-22,2026-04-19,2026-02-06
ba8da581-94c6-47af-aad5-607bc4e3bf14,1aa5c08f-0a8c-46a7-8e7b-b3538b2191e0,credit_card,3574.27,80ff635b-371d-48ba-880a-7b60230ebf04,2026-03-02,2026-04-26,2025-09-23
e75f5774-7485-491c-b9ca-bf9612532dd8,58359536-a57b-42fd-b110-0cd7b3290ddd,pix,7140.73,9f689e17-f23d-46c0-a753-72d1cd468179,2026-02-16,2025-11-07,2025-08-07
97ec5fe8-7d70-4359-ae52-571bbf35a20c,58f60422-7696-440b-9bec-4743948fcb58,credit_card,5159.14,367c02ed-b1c4-424d-ba67-8a9d76ae7a1b,2025-11-04,2026-04-15,2025-09-24
56940a59-f000-48d6-a8ad-0c789425e6b1,5c0ff553-2632-4386-a630-0c5c383e3223,credit_card,4151.5,157a8a74-c972-4a8f-9f82-244a748c204e,2025-11-17,2025-07-09,2025-12-24
cfbf49e2-a30c-4bbc-beba-c21a42704d8a,d55607f7-fb78-4f1a-869d-eb802a3c4b9e,credit_card,1407.61,5ac10d07-c562-4d27-a244-74102c1a0405,2026-03-30,2026-03-08,2026-01-15
f4ff0699-a59e-400b-92c8-40a353d6ae58,f3a5cec4-2d7d-41fa-a105-289173aafdde,check,334.42,b82fab12-f233-4b72-82f9-8d0c872f563d,2025-10-03,2026-05-20,2025-11-12
2abab627-9c0a-4a69-978f-05f177b1dbeb,842394c1-3540-4031-8f23-7d0b5ae954f7,debit_card,9656.7,49c81d37-84d7-41b7-ab1f-f2d88330009a,2025-09-20,2025-12-07,2026-03-11
f69f7105-17aa-447d-9bb5-d0824b6d7c42,59d8a091-669c-4780-97a1-6c49ffedcb5d,debit_card,2942.95,47247068-3072-42fe-b657-468fd3a59410,2026-02-24,2026-02-08,2026-04-05
d2403288-fdea-4f96-8923-79faab7213fc,a1bbee08-7ac0-4793-854e-c95b49f59333,check,3057.84,7f933e18-e8b9-4c49-ae4e-1ce45e481d15,2026-01-11,2025-08-16,2025-07-23
dc5c9e9d-dfb9-4875-a5bf-eb026932a6bd,ccbfcd6d-7d94-4a88-96b5-b6340bdd136f,pix,2066.94,ccad01d4-070a-47d5-a40d-3da72dd1c08d,2026-01-10,2026-01-11,2025-11-05
5b5a2120-d3bf-4997-8ade-394911fb851f,141c92f6-6af7-4715-b1c4-cde38c360cbd,check,79.22,9402fbaa-f785-4e5f-9ddf-4c79786ef1d8,2025-06-23,2025-10-17,2026-02-23
8d596d97-2db7-41fd-9dcf-cc63ca51c208,dd51b0a3-1903-4398-a5be-3216f9efdf0b,check,9453.81,d5a74a50-3f90-4e59-9b31-e79e5d55a952,2025-06-28,2026-04-30,2025-08-03
a5d1e222-f352-4bde-a7e1-9642ca587f9d,bf462054-d865-4c8e-b6a8-9a23847916bd,pix,4754.47,85b6cea1-7ec5-4afa-9b23-9586035bff0e,2026-01-27,2026-02-19,2025-12-23
e00f5fe2-4d3b-4ea6-8016-3b937a2291ae,1cb9bb2f-bff6-4db0-8898-7466b7da48de,credit_card,4339.01,0f25ea1b-8ade-41ac-988f-ca5fe40a8dd1,2026-05-24,2025-12-27,2026-05-14
eb331193-b8a7-46f1-aab8-aec7ae3cabaa,26163d2a-c3bf-41aa-903c-a33d9ca50954,check,2739.72,f7ebe10b-9fcc-4a37-a27f-8be51e5dbba6,2026-02-11,2026-03-28,2025-06-09
7c83f8aa-ff9b-4b81-95cf-0565869315c4,3449dc70-62fd-4efb-8c66-f315cf287e95,check,8496.51,fadea91e-6fa6-4387-8417-c46395fb9958,2026-05-18,2025-07-10,2026-02-21
e36e0216-53e8-4c84-9173-88f55d66f426,af724522-509c-4997-85b4-3d005a7f272c,check,3163.51,1f736c86-f266-4254-850e-62e5b39b169c,2025-10-25,2025-08-07,2025-10-01
69fad56c-07e3-4edf-a96b-ebad31d3cbfe,7276a1b7-a7d6-43c1-8d4a-bffd636896fa,check,7769.05,ce572150-49b5-4293-b729-b1dd48482784,2025-11-28,2025-08-23,2025-07-21
5a672567-1e5c-4d7e-b8da-37cb8c44c030,5a92ab60-ae3e-4f57-b0a1-09d192670d6f,debit_card,9473.55,b74f59b3-8cb2-4c06-88cc-993fdee2d8ad,2026-04-11,2026-04-06,2026-01-28
19d492e7-3cd8-486a-b2b6-dc8398d4baa5,262bbfce-9d54-4685-918f-086e8d74d49b,debit_card,9308.95,d136ed8d-c6aa-47ab-9ac8-9eecbe95d229,2025-10-27,2025-10-24,2025-06-28
0d035824-0a0c-448a-8efd-12bb75250ee9,f6f428de-c988-4bbd-9ce4-07621c980512,pix,9916.79,4618977e-0deb-4db0-9e33-787dbf28ac60,2025-06-24,2025-08-01,2025-07-12
880ec33e-aebe-4d64-94f9-4aa5358bafb3,def0d59f-70db-4296-a09d-2ae1aece632f,debit_card,223.32,1619e64d-a17c-4108-ac77-cd8fcc4b9056,2025-11-12,2026-04-20,2026-04-29
8b0cd953-0a07-49fa-9478-5ec2b5ec5ff5,9b7cb0b7-1694-4698-830b-cddad35b800b,credit_card,6079.54,231cd7cc-3238-430c-8bd9-7bc441461421,2025-12-13,2025-09-19,2025-07-29
7d529917-5f52-42b3-b9f5-abd901074f23,304cffbd-1f6f-44a5-81fc-eafc6d525a6f,debit_card,3840.27,cd4047a1-fa54-4929-908b-ad6cc27c3886,2026-01-17,2025-11-05,2025-09-24
fb3b75e2-4388-4774-9f36-0d85b2413ef3,d7762d5e-870b-4f49-bf98-9ba1b8636698,check,5240.91,149c5d45-a199-4c1b-922a-2253e1ca1229,2026-03-29,2025-11-30,2026-03-11
bc412c6f-b4e1-4a91-a252-9c1f02f0caf3,26b4f3d7-9300-4e40-b9f2-68bcd11d74a2,debit_card,3527.18,4ae18449-c173-4edc-9e1a-045733c81ae4,2026-05-08,2025-09-03,2025-08-12
a675f8c7-7c3a-4696-9a9f-891371e783c6,e9346524-f64f-49d6-85d8-81d00cf66473,check,2904.56,7d0312fe-b0e2-4ba7-806a-c8a8a0249ed5,2026-04-27,2025-09-16,2026-01-28
ac83fd11-6fe3-4c44-b4ee-43599f92eb01,55e02dc9-1f12-4d8c-aaa0-b11cbadd5def,pix,6655.81,cb14bf13-0126-4d83-9808-257ed845fbbe,2026-04-29,2025-12-17,2026-03-28
18250eed-d3eb-4e8e-8d35-17d6856a2484,48d78704-86c2-49bb-a43e-0b114b38c114,pix,3867.09,33b0225c-448d-4496-a9d1-83709b168698,2026-02-04,2026-02-17,2026-04-14
7cc92a19-5529-41e0-8e8f-64a090291d8b,23ba5542-1e15-40a3-b718-5be5bd537c9f,check,4935.14,bf1c9515-78c0-484b-8c55-c22e1d697e98,2025-09-14,2025-09-09,2025-08-03
1d1d111b-2fa1-4acb-ae72-1f0d22023033,2d59b64e-9dd2-4e6b-9651-079f946927ca,check,314.76,d18fc1fc-25eb-4578-ab84-f024e3931caa,2026-01-31,2025-12-20,2026-05-04
bab8a2d2-e0b9-453b-9e52-78db34f3e49d,2dd8a3a2-bc87-4cbd-b460-fcf555846f78,debit_card,8282.75,568bdf51-d9e9-4955-9bdb-18d07721dde6,2025-11-07,2025-09-03,2025-10-24
87f7ae7b-0ab0-4895-ab29-bb811c21528e,4b4477ee-ba4c-4498-810b-05d9c979567b,credit_card,4126.04,f2402b54-58eb-4fa1-a8b5-ae5d22253ea5,2026-05-10,2025-06-02,2026-02-27
4c34c5e9-7db4-477a-947b-7a0ca35f68e0,15963ba1-4467-455a-9a92-4e23fb42e809,pix,4403.59,632c7f5f-6121-48af-b4ef-2fd08dc4a944,2026-05-11,2025-12-07,2025-07-28
bb62522c-cf67-4b94-9df2-196f0ba3f6cc,fb8fe3d2-1a74-4acd-99df-c9782fae8afb,check,5587.76,7d60cb04-b5e0-4b7a-9c3f-9a9719ea41d6,2025-11-28,2026-04-07,2026-04-12
24cd2c6f-d939-48ee-a6f6-93e454a44f04,b0e1497d-4afb-45c2-9e99-7eb2c80a34f0,credit_card,2614.65,b7565509-903c-4b4d-ad62-fa12e37039cf,2026-01-23,2025-07-03,2025-08-02
8734f4a0-358f-4ab6-9a7e-75e00de9589e,b5a98ccd-e0bd-489a-b3f6-a27130872969,credit_card,5504.27,45b8a4b8-3bf6-4dc3-982d-568ae96d6ffc,2025-12-26,2026-04-23,2025-12-25
29089431-6c29-4a3f-8cec-b1b30e51deba,5a36fa76-5b32-4140-828e-4f000ddac9a1,debit_card,2832.83,df855e29-8200-4095-99bc-1dfeb2d5ffc2,2025-09-27,2025-08-08,2026-02-09
5427d119-3522-486e-9213-ccfcd8e0576b,d8eac1e6-4148-422a-bb40-84bd4cd9b3a6,debit_card,1116.92,b15f9c69-bcfd-4040-8f9e-419047d1f442,2025-10-08,2025-06-14,2025-10-22
06fa0d23-9010-4c5b-bf8d-869bec39de62,156e7411-d632-4917-b4ec-d49980dd7a7e,pix,1085.78,daa43aa5-2cfc-49fb-872f-6446d814d748,2026-04-20,2025-07-15,2025-11-03
9148d033-8749-4316-9ce6-59fc69224487,02311a98-1b52-40fc-ac56-c1328aad0548,check,9986.07,11f5f1e0-bb21-47bf-9811-bc8d15897bfa,2025-08-28,2026-04-24,2025-09-24
e1a23bdf-c75c-46f4-93ed-28beb9eb6469,1398d645-7bba-4c94-aec4-67b8eb3ff84d,credit_card,1694.76,8279d69e-373d-4bc8-a8ad-e7f50674451f,2025-09-07,2025-09-26,2026-04-03
26fe06cc-fd5c-4e22-9b5a-3ba6fcdc1a98,a25c1503-f713-4436-a793-e2ef8372aa8b,check,7054.17,018b052b-edc6-4fc7-8fe4-f38527d29296,2025-06-18,2025-07-09,2026-03-27
30a2c1f8-ebc7-432c-a0c9-ae0361ba18d9,bc435eb3-7176-4a08-bf19-b762caf5468b,check,2243.85,c3012405-b55a-4f84-a7f4-b105d781a96c,2025-07-04,2026-05-06,2026-05-24
b375749b-262b-489c-95f8-9fef9db33fb2,92dc223c-a7db-447e-844c-64313b3d4e29,debit_card,6049.09,6f90eb0a-e3d2-4343-952e-34478ff5d838,2025-07-16,2026-02-04,2026-02-04
2fbe1f37-8c06-4a6e-90e4-9b714d9c9dc7,fbd1ccab-02fb-437f-a036-51e04ce90b80,check,4474.66,76c7f285-72d0-495a-8dfd-83cbec058bd9,2025-08-11,2026-02-15,2026-02-08
56b3cfc8-715a-4e21-8d87-a12768181208,1dd06976-3dbb-4459-8eca-66b887a55403,debit_card,2652.81,54f078d9-344c-4435-8fe1-f2808f08e837,2025-12-04,2025-06-23,2025-10-15
3c7384a7-f6f3-48d7-a366-80b795643382,c36b61c8-bf37-4250-8db0-4caa0624d1b9,credit_card,826.15,c088cf47-de5b-47a3-b7cd-b09e401f4a75,2026-03-21,2026-01-21,2025-10-28
ad16889c-3e52-4cc6-8166-93e506787af3,dbee54f2-7e0d-468d-8424-4ae9eca97974,debit_card,3790.95,a205c637-ed2e-491d-926d-7533a59bddef,2026-03-26,2026-01-11,2025-10-24
10e91e71-ebd3-4520-8e9d-9ff1294ddc38,d2fbede5-1180-4c8b-ace5-512c25de796e,debit_card,8510.71,bccf3626-cb94-48c4-9d91-a510d66c7ce1,2025-10-21,2025-10-29,2025-07-11
2bf29ce0-95b7-45b2-b927-dff4735a6182,1f0c447a-da79-4c60-81e8-c34bce3964f3,pix,3670.62,9d61a680-4475-4a47-bfdf-bf7bfe28abca,2026-04-02,2025-09-15,2025-10-03
ae3f429d-80a3-41e9-9083-b5eadeb19a21,0917020a-9232-484a-a03d-0d0de41fb98c,debit_card,2384.27,e94c41d0-6f9a-4f83-9453-28d648f8dcf3,2025-12-30,2025-11-08,2026-04-26
fe206baf-9fd7-4372-8cb8-38b95bc752eb,02311a98-1b52-40fc-ac56-c1328aad0548,credit_card,9986.07,eb2914f0-247a-4ef1-ac1d-ad3ef1214357,2025-12-21,2026-01-15,2025-07-20
c1cd8472-ab9b-416b-9fa0-ff4ff2058ff1,fb8fe3d2-1a74-4acd-99df-c9782fae8afb,credit_card,5587.76,00a68775-e353-41fc-aea2-4796dfe00ea3,2026-04-21,2026-03-29,2026-05-10
e8913cf8-ae06-4131-9d0c-c3b6aeae9c21,a18cc40b-c70f-48b6-bdaa-9b364ad4849e,credit_card,932.43,e4eca42f-1cb4-4b14-b5f9-a16cf88e6cdc,2025-11-14,2025-07-11,2025-12-07
bc467540-bb8b-45b9-a15d-9660b4a16e91,048ac155-d22a-47e6-a25c-6dde8c2618f4,credit_card,7954.73,7df373ed-fcee-4b27-87e9-8149b2000bb0,2026-04-05,2025-08-29,2025-08-06
715e0d8b-d356-4541-b157-468b209ffab1,e315ed2c-c25a-4c01-8508-857da4a55347,check,5665.56,061b376b-68ff-4419-809a-d3a4d4faafe3,2025-08-13,2025-09-18,2025-10-09
8e4a70c4-2073-4113-b182-4b2c0ecfd75f,802c815d-958c-420b-98d6-c1dbd40fed97,check,2719.99,c9840c6a-6fb3-4237-9211-8f0543ac8b41,2025-11-04,2026-01-03,2025-08-17
e15175ba-caff-44fb-9a02-20a840b88dd1,b6527919-458e-4a8f-8159-9c692800f4cd,credit_card,6406.14,682b6ae6-c982-47ef-aa94-75b82776b030,2025-07-01,2025-12-09,2025-10-29
3873c542-e086-4e49-93d6-1c1d3db04e81,996a957b-32cb-44bf-a309-1457d30b4074,pix,3678.14,355ea6d6-a8dd-43be-ad59-4a617549badd,2025-12-28,2025-07-05,2026-04-15
ddb32497-3077-4b33-b1a6-70201e66d776,cde794d0-9075-459e-baae-51cc6030fe4c,credit_card,7253.26,c5ea9422-2fb5-4b98-ac66-b1a37d5cefb5,2025-09-25,2026-04-03,2026-04-01
61f2e097-f42b-4259-97eb-459499a1425e,10000748-627f-4b76-b6e7-0df82351b395,pix,2006.86,4e45e758-8b47-432f-a564-cf73dbb07a18,2025-08-07,2026-01-11,2025-08-24
5e544a0e-c2d4-4377-9732-766b85b53e57,7a23037a-3fab-4567-96f8-d3bf73fd0b01,debit_card,9637.25,c006bf95-e67a-4e8b-8e12-76c7620e54d7,2026-04-20,2025-09-30,2026-02-18
a4cd9d09-dc63-4883-98ff-95d9e7750f30,da3117d2-1f99-416a-a25c-6b0ad14aa421,pix,173.31,6f7badc3-0ebe-4acb-89bf-884d6ca0b39a,2025-12-30,2025-12-06,2026-01-23
2ba97b0e-f47d-44f6-a835-6db9b35ea34c,78818e76-2027-46ef-adac-d8f901b9b78d,check,2259.3,483fa4ba-15d3-4f68-871f-d957ae8a3f8d,2026-02-01,2025-07-23,2025-06-03
035be006-f1c1-4fec-b39c-1eddd0ef3e7f,ee9540e0-6049-4b76-8f9f-e4e69ac69d12,debit_card,5214.98,ef120ce6-b0a6-4eec-9786-8f5397d43097,2025-08-02,2026-01-09,2025-06-10
dd364169-7ba9-4dc2-bb61-433a97048710,11133572-2ac1-4c0a-a04c-98a64d2d59b9,pix,4013.87,5479287b-735d-4079-8ea1-5a37dc5269a2,2026-01-09,2025-11-25,2025-06-12
a40e9736-a81c-45d6-8d11-28a4908fa032,99100ae6-cd6b-4b95-8cc9-d251f09ea193,debit_card,9238.91,3a2e8833-2f47-4a90-9723-522be6375f71,2025-08-09,2025-10-06,2026-03-21
d9386a53-8e9b-4680-9287-481d13475ac8,c7cb8ea6-1651-4a8c-a969-a201aa17caba,debit_card,6984.03,7eb0430f-19d1-4d28-8892-0b3e786a4eb4,2025-10-01,2025-09-13,2025-11-05
17db8885-20bc-40de-a35c-58cd3bb3dc8c,a142d01c-82d6-490e-bb75-1cdbcf02835e,debit_card,6836.25,297b7062-a745-4c54-9ded-d00d9964c5f5,2026-04-16,2025-11-30,2025-12-18
67c6991f-31dd-412f-b88e-15d539fe6ac4,a18cc40b-c70f-48b6-bdaa-9b364ad4849e,debit_card,932.43,fbb44f70-d6e0-4a05-b190-9041ce5e722f,2026-03-16,2026-01-12,2026-01-20
4287f184-d602-46fd-a794-5ca80f2cc65a,c454f249-9b0e-462e-aa25-b09eba5a36aa,check,8524.53,9f659d33-c071-4767-8d8e-c98b85a2a0c6,2025-10-06,2026-04-30,2025-08-10
cacdf4dc-3386-4d31-a1ed-703f051253ee,10555431-22c5-466e-ba48-2a9d5f4c30a8,pix,6133.31,57fac19b-0f1b-4d83-9eee-59e6d046c78a,2025-08-10,2025-10-29,2025-09-28
81676a84-e32e-46d1-84e5-158daf2552fd,9df1c8fe-6a40-451d-b132-51cf2ffd9b36,credit_card,9204.81,5ea3b9f0-c5f6-4786-b549-f7492745b7d6,2025-09-18,2026-05-21,2026-04-15
492bf876-e13a-4a5b-a509-59d237c0efc9,9e41aa62-8053-44c0-8ba0-18a5ce749070,credit_card,8250.96,1cb06a1c-854f-4711-8d36-f480ad059e55,2025-06-13,2025-08-19,2025-06-25
2c771b43-8208-445d-a550-7575d3b6f442,4dd5c8aa-0fad-4eb9-877b-f30eddc9d588,check,7499.38,fdf84f24-dcb0-4fc3-b181-2616cd3dcc01,2026-01-03,2025-08-25,2025-09-18
60cba202-0613-43b5-8506-0551779fdf59,859395bb-e56f-48fc-97fe-b9c15a8c5fde,check,6227.3,fadb044e-dc1a-444e-8426-076ce1e76982,2025-10-03,2025-08-06,2025-08-31
d57fa9b7-a61a-4822-a4e9-5644d25e1676,3b0a86ba-6995-4dbb-b289-b4a6b27be8b6,check,5802.2,008eb568-edb7-4469-b0e6-49b036829815,2025-07-06,2025-08-27,2025-08-06
95b0ecd1-c3e2-41d9-93cd-f2a7e771e7a8,49f64f97-2987-40f8-91db-ee74b0636c54,pix,18.4,7dd64a28-07b9-4edd-b75e-635816136031,2025-07-22,2025-09-21,2025-09-08
5df0bacf-1d3e-4d9b-b3bc-98711585663f,75660e11-25cc-4f0d-9824-86ee6b2adda0,debit_card,8614.49,b3b9815f-4a1e-4de2-942b-fb2c1ca0509b,2026-03-12,2025-10-25,2026-01-08
435f4483-5e23-410b-aab6-219af4d90365,fff8e352-0811-486c-84ee-b7af40e1d6f4,debit_card,6004.41,d5e5a96f-fa84-461f-9fd6-75c253378a37,2025-06-11,2025-07-31,2025-10-18
0d7558cf-4929-4854-8bc0-dcdcf7ae6c9f,f2e003cf-d51b-4fd9-8ccc-f7d33b458e9f,credit_card,4544.94,41981fcb-1bb7-48e1-a305-00a11a18c9e7,2025-08-31,2026-04-09,2025-12-17
f0134834-658f-4949-821a-8221599f2720,eb1cb509-4da1-4e79-b40d-6a933298fb4e,credit_card,8856.8,ae570a69-610d-4afb-afd2-416c64cb7a84,2025-08-26,2026-01-12,2025-08-13
2a45a2f8-d658-48e1-a180-efe54da4e769,f8ef0b78-1a4e-400a-876a-7bbe294bffa6,pix,8960.5,54f091b7-d418-43ce-a316-64a7d1933577,2025-10-14,2026-03-10,2025-09-27
331992f6-8fd6-44c2-a331-e388b2c0185d,9068ef41-2f8d-41d4-a444-74243dc46adc,pix,8276.9,9b674a6f-f830-4d5f-87bf-0757cd4e3d05,2026-04-12,2026-03-28,2026-03-07
3b4de62e-ecca-4dcb-9772-c110ed67babb,f32ce43a-8c3e-458b-ba00-820f387c31eb,credit_card,4213.45,91e56a4a-42ed-4967-a21c-a9018584182f,2026-01-05,2025-08-06,2025-06-02
c01fb451-9311-4d30-85af-b0e4a48cf6ae,cf128de5-373e-413a-b4f4-5d61f3f54715,check,3229.98,154d7cf0-bd08-4f9f-adc2-00e3359df2d1,2026-04-08,2026-02-09,2026-03-14
f37cdd1b-2550-4e4c-9c38-eab33b848c54,b131d631-2ad0-4bd9-a214-b560f9a37b85,credit_card,3427.35,c74de83e-23b4-4c14-a4de-c4bd6e04cdc9,2026-05-15,2025-07-05,2026-05-15
9842a293-e88d-4ee2-9933-a81f78aa34fe,c921f8b3-373c-44e9-adab-7b652a24b704,pix,2738.85,7bea1ca1-e059-4f32-a8d1-e09ef915f169,2025-08-16,2025-05-30,2025-10-06
e0b79797-eca6-443c-b9e3-471d702bede8,d7416f08-d4db-4238-bdcd-1996a9aebf39,check,8102.58,6e111b6d-31e3-41f2-8434-8c60f40e1f7e,2026-04-23,2025-12-30,2026-01-27
242c762d-41ab-403a-829f-9e3063ba8c1b,1dd06976-3dbb-4459-8eca-66b887a55403,check,2652.81,a0062557-6760-4ca7-9256-82894a99b38d,2026-02-20,2026-05-21,2025-12-30
96d58ab7-a87c-4e3a-a0c3-16561cb8ec2d,d170f207-4df9-44f4-be5f-4f85a50f053a,check,3060.29,56683286-b906-4e96-84c6-481c21f6a76d,2025-11-27,2026-02-07,2025-07-20
b5442d67-1aa5-4d0b-b5b7-8862a67af5e8,e504c746-5b09-478d-889e-396deea45e74,credit_card,3119.37,4a30ea4b-9f26-4212-83a8-6cf256d7deb3,2025-06-04,2026-03-07,2026-05-08
4283d1aa-2a19-46de-8424-6551b1b1c3c9,5c1e68be-76a5-417f-b3e3-60e4b6cfb205,check,4859.95,082c207e-c0cd-48e9-ac3e-78046ea0f0dd,2025-10-18,2026-05-28,2026-03-26
3a52b363-bb19-42a0-bb11-f5ed6e9c5018,b3598a1e-5d7c-4eb0-9f29-e7354f1db3e4,credit_card,1645.74,23a547a2-d107-4f85-a588-4a80b098ded0,2025-11-18,2026-03-02,2025-10-10
9ef621c1-a07b-44d4-ab16-d9e4b3c0e6fd,48d78704-86c2-49bb-a43e-0b114b38c114,pix,3867.09,1b16c717-f21b-4dda-a763-9d61af5f5af3,2025-08-10,2025-07-23,2025-11-21
e8347131-091f-45c8-ab76-b195473df88f,2209af18-9a30-4378-9758-9c5a7927e65b,check,6427.71,17c49133-6e1f-4089-9017-b913df2415a6,2026-01-02,2025-11-22,2025-09-12
04ccc9b3-f765-44f6-8c28-6753c84fb68e,e9f49e10-f49c-4efe-b900-a7bf3f9fa042,credit_card,3396.87,f92cd4b0-0ddc-4d1a-bb56-849d794dfa4b,2025-10-28,2025-07-20,2025-12-10
9d69e5c2-7ea7-45d2-a445-b2b512eb9035,97f345a4-5075-4b82-a64a-e85bd8447ffa,credit_card,2923.12,4f082934-8735-4102-a804-a355f74739c9,2025-06-16,2026-05-20,2026-01-17
d9f63b97-28b9-47ac-8532-87e2b6bdcabc,51d1e637-681b-4938-b974-a36cac1cbfc8,check,685.43,13dcced9-c351-48aa-ac2e-d86fcf3fda27,2025-10-27,2026-02-08,2025-12-01
92de9498-7fe8-4b5c-a3af-f4d6c21c8e8a,cf0c8b1a-5bd9-49f7-bf80-916744eb36ff,debit_card,4640.56,525d456b-8911-4067-9146-5bd09cf32702,2025-11-09,2026-03-03,2025-12-25
b97d11b5-ea7a-4ca5-a9b0-3e94a18a9cdd,e9292454-5da4-4ce0-8f58-98c706bd64ce,check,6408.06,c12a73a8-a5bb-4b63-9a98-6630e7ee47ce,2025-09-19,2025-10-24,2025-11-12
5714a7e2-b2c2-47ab-a1e7-c51dcb9d44d1,10000748-627f-4b76-b6e7-0df82351b395,check,2006.86,171452e3-92f5-4c12-b1fa-347f68988d0b,2026-05-15,2025-07-02,2025-11-13
2379c810-48dc-449b-b504-442ef459ad89,b43fef8c-83eb-4a48-8c11-29080c969ece,debit_card,2676.29,ab087560-4a07-4b60-99a5-0d38f551aa77,2026-05-25,2025-07-14,2025-11-12
81a4399b-8419-4243-93db-7a73ef40a660,8002f9fb-e5c0-4608-b7fe-cc4ecedf9c83,check,2207.93,d7d40428-d94b-4658-9d15-3166d99269fb,2026-05-13,2025-08-25,2026-05-05
25d8ce42-42a3-4c85-9bff-136f0062d311,d9125180-c5d5-483d-b170-5f6c3da6fe36,debit_card,4430.34,3581f020-a20a-4cbd-b5a6-5cec5b0b007b,2026-02-16,2026-02-04,2025-09-16
a4f80d60-a6e2-419f-a508-b5ef8b96ab61,1a339aba-c303-47c8-b6b9-1fc8cbd44232,pix,2236,97d9e885-6b29-4dd6-b389-0e275b62d365,2026-04-07,2025-11-07,2025-11-30
aa3a18c6-ac17-4c35-ae5e-3aa0e9ed9023,41e56225-36fc-4735-a28c-b5be23c6c6a5,check,110.5,9f3ba5ad-161e-4cb6-b480-6aa1461c8e52,2026-04-09,2025-07-18,2026-02-06
30228fce-d098-4eda-8a3b-dec59f9a140c,20d59c05-d699-4cab-9940-055f312eac8e,credit_card,5812.84,b64345eb-c123-406f-8b81-ad15e56efb4f,2025-05-29,2025-07-02,2025-06-04
05c4890e-b3f2-4693-9549-96caad992d18,9cfd3cf4-fd29-4b2a-8349-ef8c32a81142,check,4606.97,eb590fa5-a134-4321-8f6e-25932b667698,2026-03-16,2025-12-15,2026-04-26
f3d3d153-c9ee-4a98-90d4-981264973a0a,d7f8c7ea-c9b9-4eb6-b8dd-99aceb119caf,pix,2808.64,afecff48-f3ff-41ce-b473-d81a9b21d47f,2026-03-26,2026-03-12,2025-07-21
472ed8e6-ccaf-49c7-84e6-6e38e7ff65ca,239a13b3-6930-404b-ae76-02d3a916138a,credit_card,5317.52,0bc1861d-578c-4cf0-9664-931b6081a030,2026-01-06,2025-07-22,2026-01-15
ae83875e-77c4-4b7a-a0f7-e001af5282ed,bf5e82b0-4e84-4043-b77d-5b6aa76cae63,pix,9425.08,5e6a1d98-321a-46c0-a255-65bda41353d4,2026-01-23,2026-01-20,2026-03-21
4510fcd0-03cb-4541-a872-b7a997879033,9bc59337-7572-4bad-a23c-2e4383f328a8,pix,8814.1,e5a00a4e-4cb0-4565-9338-2ca3594f1940,2026-02-02,2025-12-07,2025-07-23
272d7af5-3010-4fdd-961a-a2c5392ab0be,76bcf362-89e8-4630-bafb-3998be027d20,debit_card,9302.07,058a805e-31cb-44f1-8af7-65546c5409e7,2025-07-03,2025-11-24,2026-01-02
c6877972-df45-48df-b70d-4b7b99c79b40,5ff9e8cd-51db-4344-9775-47a4f8c55daa,credit_card,3536.3,8fe7c20d-5a8e-4ed7-a3c1-908fe11c74e8,2025-10-16,2026-05-10,2026-01-17
888e5079-d014-49b5-8eda-fcd5e2dd6748,629d74b5-654f-4043-ab09-58e5b9d26b37,check,6650.15,f68e08a9-6e7a-429c-b713-e1fc04da2273,2026-04-15,2025-06-23,2025-11-10
9ab45b5e-3e58-454a-8a27-c8cca12238c5,a8c9c6a1-e21c-4da6-841a-c5b9858a99f6,check,626.95,6834dca1-4702-4425-9d45-8e8b55ca8837,2026-04-22,2026-04-07,2025-10-12
aa4d256a-dafa-4148-b3d3-e932f374487d,1109a1b6-f8b2-4e14-9c3f-32dbc394316b,debit_card,4848.84,72fa6528-9ca2-4654-8647-49cf2e157ee4,2025-11-09,2025-11-04,2025-10-18
08f1f09b-1961-42bf-8f3f-9637d37f8d84,ae12eb9a-9d4a-4d70-b353-9eaaf9d6cbdc,debit_card,2834.71,b52e6ece-793e-4a6a-ac93-6d0860d0b0d5,2025-10-30,2026-02-26,2025-07-16
265a7039-d483-4587-8059-c5c30121fa74,c82121f7-6111-4efb-8c86-4f869aa50262,credit_card,6899.9,abef88d6-c97b-4d12-82d7-cd2cc3202dcb,2025-08-26,2025-07-12,2025-12-27
f5446d15-23a9-40ab-bc97-96ca65e75a2d,e4ae2717-2d63-4920-bfbf-933a335adfef,check,1582.58,bd8fc2e1-1ee2-4ace-ae71-584b8ce60fce,2025-12-28,2026-03-06,2025-06-22
2fc2d8e2-c131-48dc-bd7c-e9b17898f8c3,c7ec80a7-ff66-4a77-84a6-4fd3b689068e,debit_card,4229.64,9bf03ef5-ac2d-4e0c-9bcb-1b833d1bc3f0,2025-07-18,2025-07-09,2025-10-04
84488891-257f-413e-bd6a-4299b567cff6,c213e45d-2c3e-43bf-a3a9-0ca6e18d83b9,debit_card,196.88,c252bf88-6346-4f13-acfb-35a85c25b4a9,2026-05-02,2025-08-05,2025-08-15
98de1394-1d58-43dc-9bb0-833734b3a5c6,aae3d002-db8c-4b14-96bf-39ad15a5d36a,credit_card,9200.29,64ed04bd-8e96-4f32-8bfe-67d366523979,2025-08-15,2025-08-13,2025-08-31
e8f94b62-ff68-4bd3-b62f-60c9e6359114,99100ae6-cd6b-4b95-8cc9-d251f09ea193,debit_card,9238.91,dcffe3ed-778d-4203-ad99-ce8f8e9f4bee,2025-07-12,2025-09-17,2026-01-16
c01c3410-0121-4b34-9501-97203148069f,c9828d28-f6e7-475f-aa5b-39f8c9c3ed55,pix,7936.27,acf23fda-1a80-4fd3-aac3-9db8b92fe10f,2026-03-15,2026-03-17,2025-07-25
6320844e-f6ac-472f-8d32-e90d67280117,f2edeb2d-6770-47f6-be2b-98c424f6eed1,pix,4043.29,914e2d08-9c9b-4346-8b68-a140cbff1096,2025-07-27,2026-05-03,2026-04-05
29a62cbe-5018-4a67-bf00-f9196217a832,ebcb43da-70cc-405c-89ae-386b20658a8f,credit_card,6300,faaa6db6-8e6f-40cc-a036-4e641df3204d,2025-12-30,2026-01-05,2025-12-11
fd77da83-b5bf-466b-9159-64984c09241f,6d7a69d8-2e2a-41b7-a75b-c49afaddb4d9,pix,394.19,0db18b23-2166-4ea4-b1c3-0c091575e58d,2026-04-03,2025-08-18,2025-07-28
dd9dcdb0-74b9-4506-a08a-bc48c946d326,3e3afb5d-8ee4-4e1c-8db1-e87b8dfe2636,credit_card,28.24,54a526de-8603-402c-9c9b-bdb00c2207cf,2025-08-03,2025-06-15,2025-08-05
4a0b1030-aa5d-4a54-a576-3185857a8f52,2e2b098f-a657-4bca-b728-8225351e3f07,credit_card,5498.46,09151610-e928-412e-8225-8058022d06c9,2026-01-24,2025-10-20,2025-06-18
7b2d05e2-ff8d-4093-853f-49a6dfbeeee7,91b9456b-3234-4fee-8e2b-486fb404dc7a,debit_card,9157.26,5179677a-bb09-41ac-8834-7e5fdc95f857,2026-01-13,2025-08-03,2026-05-14
0441067e-8a28-444e-8e78-aaeb9d65b098,b690600a-fe74-4376-8735-a753a2954da7,debit_card,4116.98,70ccacbb-361b-4dd7-9f7f-e43f6af45d67,2026-03-11,2025-07-19,2026-05-14
ada545b2-cc4a-4e9b-85b0-fc7152b82dd2,3616aea4-9dcc-47cf-bb61-115a311b7801,pix,2841.1,d5bf031a-2bbb-4c96-af9c-ecba5a1ab43f,2025-06-11,2026-05-28,2025-06-29
3aba3049-618d-4ecb-9d82-19499ee0a7ce,66fc91ec-36da-4472-b038-7dd97f2cfced,credit_card,3587.12,0aefdc8a-2e7c-4061-82c2-dbfd7386ecdf,2026-02-12,2025-07-14,2025-09-24
0a46a757-f25d-46f7-85e4-9268d77e1716,010dc2fc-a4fc-465f-aeae-175ccb73fb8f,pix,6673.23,e46810df-c4f0-48ad-ad75-da8c9a44f35b,2025-09-25,2026-04-07,2025-12-20
c18f8fdf-e13a-4f4d-8e16-f632ced2d1db,b19ff350-cfba-424b-aa07-9d3535933db7,pix,9589.45,b0783a51-1906-472c-939e-514a44da2684,2025-09-29,2026-05-21,2025-10-18
38d6fc6e-bad2-4539-a4a1-8f295065fc08,a125ac01-4ec5-416a-96aa-08636d568a11,credit_card,9891.78,1d8cff7a-1741-4c9e-8816-0c26b82207d0,2026-03-17,2025-06-08,2025-09-28
e1ad2216-0c2b-4adf-a6db-ed4eae391299,8145a66e-d256-4066-ac68-1d547a0cd39a,check,6491.47,ad9bc572-e172-4c13-a05e-a31bbc67fdf9,2026-04-10,2025-12-25,2025-07-03
ec84fbc6-c2a9-4a91-9687-c1fb00a3f28d,aae3d002-db8c-4b14-96bf-39ad15a5d36a,debit_card,9200.29,28b38318-dea4-4f6e-b584-ce27a76d01e4,2026-05-23,2026-02-24,2025-12-29
8c186b19-53b7-4b7b-af9f-032f5bb609b0,d03bed09-7e52-415a-b465-6836fa531ee8,check,8367.73,a5f21240-2b92-4b0f-a457-c2d60be39587,2025-06-10,2025-10-04,2026-04-06
56a40420-bfae-47b6-8a95-4ff34fa65819,9bf64e2c-624d-4ff2-93ee-70eafb6da10c,pix,5698.7,272cdaca-ed97-4da3-ba2e-4771af225192,2025-05-31,2025-06-20,2025-12-01
628c2172-3703-4a3a-9e40-774bd12b79e0,da33612c-ea4d-4a90-99b2-5902a3f3fde3,pix,3449.88,1bd9beda-15c0-45e0-a8fd-27a5b42901b2,2026-01-02,2026-01-06,2026-05-12
43192d0b-6294-4504-ace1-080165147293,6effbe56-0fa8-469c-9374-8b04110e3e77,credit_card,8551.32,8828db98-9ae2-4a6d-8842-639164a0b9ec,2025-12-14,2026-03-08,2026-04-11
910ad961-bb8c-4f55-b3a5-c6ead68f970f,e4091f47-9c7a-47f5-892c-f1b8edec80de,debit_card,2094.74,5973a023-1b23-435f-a85d-cc712aed365b,2026-03-16,2026-02-27,2025-11-03
a4ea3f40-5116-4d01-a6f3-d4938e4520eb,107b56fc-2512-4b24-acc6-b5be0c5b90d8,check,6014.82,9f5bd892-055e-45d7-ad4c-fc2f7e3d2c6b,2025-10-30,2025-11-26,2025-12-03
55eaf2c8-b6d4-4985-b120-37e19114ccd9,316b2ce8-e85e-4775-943b-2142a4cf188d,credit_card,5026.76,7691de66-8dd0-4331-9e16-1354288c574c,2026-01-20,2025-05-31,2025-11-21
