id,name,description,category,brand,price,stock_quantity,sku,created_at,updated_at
d5871bd0-c72e-447d-8c85-5cbb903d0eb0,error: Access denied to method rand.,Frozen smoothie blend with berries for a quick and healthy breakfast.,Home,Trinseo S.A.,3.99,,1,2026-12-20,
43f14880-2fe2-4bb3-bd45-944441967b46,error: Access denied to method rand.,Adjustable tripod for smartphones and cameras.,Eletronics,Southern California Edison Company,29.99,377,2,2025-07-24,2025-11-29
3129bec1-1d0b-41c7-9c5e-42586ade6b3b,error: Access denied to method rand.,Convenient holder for drinks and phones while driving.,Books,"SandRidge Energy, Inc.",14.99,,3,2025-10-19,2026-04-30
f05d7d37-6472-488b-82be-2ed89ad3a486,error: Access denied to method rand.,Quick and easy side dish with buttery flavor.,Clothing,Morgan Stanley,1.79,233,4,2026-02-18,
1859f46e-61f0-4dcb-af6e-e299c7cefd81,error: Access denied to method rand.,"Natural pink salt, perfect for seasoning.",electronics,ContraFect Corporation,4.99,433,5,2025-07-04,2025-07-23
3a10fa63-fca8-48cd-849d-1189d9857887,error: Access denied to method rand.,"Delicious soft cookies, dairy-free and egg-free, perfect for treats.",ELETRONICS,Ivy NextShares,4.79,353,6,2026-06-10,
e9bbe60a-6088-4685-8c3a-9694e0b55480,error: Access denied to method rand.,Flavorful dressing made with miso paste,Home,Tiffany & Co.,3.49,66,7,2025-10-02,
c8c04901-5ea9-44c7-9df3-3c4efc116291,error: Access denied to method rand.,"Creamy cheese with a spicy kick, perfect for sandwiches.",N/A,"Strayer Education, Inc.",3.49,280,8,2025-04-08,
786fa989-1132-458b-bef3-07efdb20389f,error: Access denied to method rand.,Convenient belt with pockets for easy access to tools while gardening.,Unknown,"Zoe's Kitchen, Inc.",22.99,215,9,2026-11-21,
da2c0b50-67f4-46ca-90e7-12c9cd27a1a0,error: Access denied to method rand.,Chewy granola bars with maple and cinnamon flavor.,clothing,Diamondrock Hospitality Company,3.49,,10,2025-10-19,
ff6dca25-6b17-4d9b-8619-4ee078db7462,error: Access denied to method rand.,Marinated beef strips in teriyaki sauce for easy grilling.,ELETRONICS,Aramark,7.49,,11,2025-12-13,
a3fb7570-0d6f-4f66-afc1-b93a21734746,error: Access denied to method rand.,Infuser for brewing loose-leaf herbal teas easily.,,"Continental Building Products, Inc.",9.99,461,12,2026-07-23,
d0087b0f-b409-44a4-9119-3416b17ffa3b,error: Access denied to method rand.,Leak-proof cooler bag ideal for picnics and camping.,N/A,"Cascadian Therapeutics, Inc.",39.99,,13,2026-02-25,
b76fcc17-0d0b-4c45-a209-c9559cc114e9,error: Access denied to method rand.,"Pure and natural honey, great for sweetening.",books,Nielsen N.V.,5.49,389,14,2025-09-04,2025-08-12
a04a2ae6-c1a5-41f9-8cc9-728b6b30ce36,error: Access denied to method rand.,"A delicious savory quinoa pudding, great as a side dish.",clothing,CHS Inc,2.99,434,15,2026-01-13,
4d011778-3fa7-486f-a0ef-ddfd333074a9,error: Access denied to method rand.,"Nutty flavored chia seeds, packed with nutrients.",Eletronics,Zions Bancorporation,6.99,92,16,2026-11-07,
4efc3eb5-780b-4d49-aa4d-d6bd184a88b3,error: Access denied to method rand.,Eco-friendly utensil set made from natural wood.,HOME,"AeroVironment, Inc.",19.99,,17,2026-09-08,
9c6e2479-269e-4b62-aef3-f638afb94fb8,error: Access denied to method rand.,"Fresh seedless red grapes, perfect for snacking.",Eletrônicos,Zosano Pharma Corporation,3.49,415,18,2026-06-23,
6a39b93d-647a-4685-9fcc-a04ba690c098,error: Access denied to method rand.,Compact hair straightener for travel.,,Visa Inc.,29.99,151,19,2025-03-30,
859cc972-a6b8-4ad6-91df-a34bfa0d9694,error: Access denied to method rand.,Crispy roasted chickpeas seasoned to perfection,,"Celldex Therapeutics, Inc.",2.99,,20,2025-04-17,
caf6de77-4fb6-4bf9-8af1-9790e184f82a,error: Access denied to method rand.,Spicy cornbread infused with jalapeños for a kick of flavor at your next meal.,ELETRONICS,"Bob Evans Farms, Inc.",3.29,344,21,2026-11-18,
ebe96ef3-2bc1-416b-8d19-30730a2f0000,error: Access denied to method rand.,A nourishing bowl of sweet potatoes and chickpeas with spices.,Unknown,Simmons First National Corporation,6.49,54,22,2025-06-13,
1169f851-8b87-4d55-8b88-e9d9e7cce32c,error: Access denied to method rand.,Eco-friendly toys for learning and imaginative play.,Eletronics,Rex Energy Corporation,29.99,137,23,2026-05-28,
8171a3aa-ae5d-42df-a5a2-fb036ea467d3,error: Access denied to method rand.,Lightweight and portable picnic table for outdoor use.,BOOKS,Belden Inc,49.99,,24,2026-06-11,
bc8582c2-1fce-4d55-8b24-e6a0d0acb6de,error: Access denied to method rand.,Miso paste for making traditional Japanese miso soup.,clothing,CPB Inc.,2.99,179,25,2026-09-25,
244be4b8-97d5-491c-866b-b62643ab1ec5,error: Access denied to method rand.,"Marinated chicken breast seasoned with herbs, ready for grilling.",,Arthur J. Gallagher & Co.,7.99,-5,26,2025-09-18,
13b1d6bc-d055-4644-b2d1-53d19e14f73c,error: Access denied to method rand.,Compact travel organizer for accessories and toiletries.,Clothing,"Orion Group Holdings, Inc.",22.99,,27,2025-02-03,
95c399bf-1f9c-4660-988f-9e95c031a640,error: Access denied to method rand.,Marinated chicken thighs with smoked paprika for a smoky flavor.,Clothing,"Fiserv, Inc.",6.99,224,28,2025-09-12,
98fab076-d059-479e-9ac1-9eaa91a00ada,error: Access denied to method rand.,A wholesome granola with bits of apple and a touch of cinnamon.,Books,Investors Real Estate Trust,4.49,370,29,2025-03-08,
ea098ca2-4db4-45e3-8be7-2eca42c9f380,error: Access denied to method rand.,"Ready-to-eat beet salad with dressing, great side dish.",Eletrônicos,"Broadwind Energy, Inc.",3.99,-5,30,2026-01-26,
0c70a7f1-0f79-4f60-8d6d-10536d52e16f,error: Access denied to method rand.,Designed for comfort and performance during workouts.,Home,"Juno Therapeutics, Inc.",49.99,144,31,2025-11-24,
114c63bc-3159-49a7-92e5-27767b8f9ea3,error: Access denied to method rand.,Creamy peanut butter with no added sugar or oils.,,"Trinity Industries, Inc.",4.29,54,32,2026-01-10,
2cc8d3a9-6ad3-4ba8-954c-5eb905e95cc9,error: Access denied to method rand.,"Hearty stew made with lentils and mixed vegetables, vegan-friendly.",electronics,GGP Inc.,4.49,,33,2025-03-22,
da8b0b83-eebb-46f0-bf93-2ef84317acda,error: Access denied to method rand.,"Sweet dried raisins, perfect for snacks or baking.",electronics,Amerco,3.19,,34,2026-06-25,
ee79ba4b-772b-4cf5-af1e-e436c16561ff,error: Access denied to method rand.,Multi-functional gloves for planting and digging without tools.,Eletronics,Stellar Acquisition III Inc.,15.99,,35,2025-08-05,
eb6e9966-e277-474f-9df3-a4aea63e06c4,error: Access denied to method rand.,Ergonomic memory foam pillow for better sleep.,Electronics,"Cara Therapeutics, Inc.",39.99,,36,2025-10-03,
b549b0d2-d14b-40d7-b4f0-3163a975264c,error: Access denied to method rand.,Vegan sushi filled with spicy vegetables and avocado.,Eletrônicos,AXT Inc,8.49,95,37,2025-06-27,
74a53c5b-8374-4635-a395-449e8728dc6f,error: Access denied to method rand.,Set of decorative cushion covers for home decor.,Home,"First Financial Northwest, Inc.",35,,38,2026-01-23,
2ab80afb-c2fb-4439-ab90-6533fcb3c0af,error: Access denied to method rand.,Compact coffee grinder for fresh ground coffee beans.,,"Latin American Discovery Fund, Inc. (The)",22.99,,39,2025-10-14,
c1407fec-d604-47e4-a0f3-861088884618,error: Access denied to method rand.,"Freshly sliced cucumbers, great for salads or snacking.",Unknown,"Sage Therapeutics, Inc.",1.29,205,40,2026-07-21,
165d612b-41eb-4cbe-8e98-869d03474f49,error: Access denied to method rand.,"A smoky barbecue sauce, ideal for grilling and dipping.",Unknown,"American Airlines Group, Inc.",3.49,117,41,2026-09-14,
923bb71a-61ab-47dc-98c9-9d391b48f988,error: Access denied to method rand.,Tangy and crunchy dill pickles.,clothing,Global Partner Acquisition Corp.,2.49,368,42,2026-08-03,
b9b85d16-7339-4143-a432-c5dc98054651,error: Access denied to method rand.,Polarized sunglasses with UV protection.,,"Groupon, Inc.",29.99,,43,2026-07-29,
367a706f-555f-4998-805a-0376e22da34e,error: Access denied to method rand.,Easily opens jar lids and bottle caps with one touch.,clothing,Pioneer Energy Services Corp.,24.99,457,44,2026-04-23,
f5eabfaf-0081-4606-a76e-e59779811535,error: Access denied to method rand.,"Crunchy granola clusters, perfect for snacking or topping yogurt.",Electronics,"Burlington Stores, Inc.",4.99,377,45,2026-07-04,
1c170262-d23e-4518-9e2b-af8b59be806c,error: Access denied to method rand.,"Crispy chips with a sweet twist, perfect for dipping.",Eletronics,"TC PipeLines, LP",3.29,,46,2025-02-12,
aea40a53-6ac0-4f3a-9009-f7ae462d907e,error: Access denied to method rand.,Flexible light strips for creative home decor.,BOOKS,"Carter's, Inc.",39.99,480,47,2025-07-10,
e5697a68-1b22-4081-8aa2-d32d76f21bc0,error: Access denied to method rand.,"Thin rice noodles, ideal for stir-fries and soups.",HOME,Vince Holding Corp.,3.49,,48,2026-08-31,
5a9aca21-3441-435a-8c19-79d86758c617,error: Access denied to method rand.,Portable ring light that enhances your photos with perfect lighting.,,"aTyr Pharma, Inc.",29.99,430,49,2025-08-10,
f81419b0-52de-4173-a4e6-cc5697d678d8,error: Access denied to method rand.,Set of three aromatic candles with various scents.,N/A,Brookfield Business Partners L.P.,19.99,303,50,2026-05-27,
974ae679-e091-4841-8d43-c0b9db0445b2,error: Access denied to method rand.,32GB USB flash drive with fast data transfer speeds.,Eletronics,PowerShares Russell 1000 Low Beta Equal Weight Portfolio,9.99,20,51,2026-01-28,
98a44e58-1009-42d1-8aa1-9bf1dab37bec,error: Access denied to method rand.,A calming blanket that provides gentle pressure for relaxation.,Eletrônicos,"Broadwind Energy, Inc.",59.99,,52,2025-01-01,
55f9481d-542b-40cc-bcc2-e96c7a7d968d,error: Access denied to method rand.,Complete cleaning kit for camera lenses.,,Cementos Pacasmayo S.A.A.,14.99,,53,2026-05-19,2026-04-24
1d96ba7f-9ddd-49ad-97f5-cd0a2441bff8,error: Access denied to method rand.,Delicious clusters of peanuts and chocolate for a sweet treat.,N/A,"Beasley Broadcast Group, Inc.",2.99,449,54,2025-03-26,
f8443800-96b7-489e-b7d6-dfbf11645444,error: Access denied to method rand.,Classic chicken noodle soup with tender chicken and vegetables.,Books,Star Bulk Carriers Corp.,2.99,5,55,2025-04-18,2026-07-30
dea8a802-bf8c-414a-92fd-07392659b592,error: Access denied to method rand.,Golden crispy chicken tenders coated with honey mustard flavor.,Electronics,China Rapid Finance Limited,7.99,197,56,2026-09-16,
dfc260f2-8970-4922-a636-99cba881901a,error: Access denied to method rand.,Tender beef chunks for slow-cooked stews.,electronics,Navient Corporation,5.99,321,57,2025-07-21,
a278ca42-0fd2-4f4f-808f-11bf9dc40790,error: Access denied to method rand.,Roasted almonds coated in a sweet maple and cinnamon mixture.,N/A,Meritage Corporation,4.29,257,58,2026-12-22,
e3f26ac8-e207-4504-8d1f-cec683df1848,error: Access denied to method rand.,A luxurious faux fur coat that adds glamour to any outfit.,electronics,Whiting Petroleum Corporation,129.99,225,59,2025-05-20,2026-01-14
5c722f73-a997-40ba-836c-33450025f740,error: Access denied to method rand.,"Refreshing apple juice, 100% juice with no added sugar.",clothing,"Albany Molecular Research, Inc.",3.29,491,60,2026-05-13,
38d9a53f-01d1-4320-a015-8a7425fa88f7,error: Access denied to method rand.,Essential tools for outdoor barbecues including tongs and spatula.,Books,"Hawaiian Electric Industries, Inc.",49.99,323,61,2025-06-29,
fdc31c86-a6df-44f9-a37e-c8106d0a18a7,error: Access denied to method rand.,Crunchy pretzel sticks made with honey and whole wheat.,ELETRONICS,"Tandy Leather Factory, Inc.",3.49,134,62,2026-12-30,2025-06-28
80ae9a91-96e2-42e1-a1cd-201afa8e5ebf,error: Access denied to method rand.,Artichoke hearts marinated in herbs and oil.,Home,"Houlihan Lokey, Inc.",3.79,412,63,2025-11-20,
a9f21b07-2d73-4d63-a00c-2eb76cb0e085,error: Access denied to method rand.,"Crispy baked radish chips, a healthy snack alternative.",Electronics,WisdomTree Strategic Corporate Bond Fund,2.89,116,64,2025-03-26,
f8f07259-a757-404f-8c92-07710d242cf9,error: Access denied to method rand.,A flavorful sauce for stir-frying vegetables and meats.,ELETRONICS,Advent Claymore Convertible Securities and Income Fund,2.79,60,65,2026-11-28,
14660531-7bcb-4996-9ecb-ad1b06667433,error: Access denied to method rand.,Energy-efficient window air conditioner for cooling.,Home,Vanguard Intermediate -Term Government Bond ETF,299.99,383,66,2025-09-27,
125a295c-91f2-437f-aaaf-b5ece8892e53,error: Access denied to method rand.,Organize your board games with this storage bin.,Clothing,Dynegy Inc.,19.99,,67,2026-07-08,
25405d01-f2ff-4d79-9da0-c12971c55715,error: Access denied to method rand.,Perfectly balanced sweet and tangy BBQ sauce for dipping or grilling.,Books,Seagate Technology PLC,3.49,1,68,2025-05-23,2025-10-01
363a37b8-b7c8-4fc3-97ee-1089a02cd57d,error: Access denied to method rand.,Compact air conditioner for personal cooling.,Eletronics,K12 Inc,299.99,,69,2025-09-07,
62f9c799-464b-4879-bed4-039abb0eb5cd,error: Access denied to method rand.,Eco-friendly solar lights for pathways and gardens.,Eletrônicos,"iKang Healthcare Group, Inc.",39.99,197,70,2025-10-12,
8cdfea92-c4a9-4061-8322-fb91c6bb7ddd,error: Access denied to method rand.,Elevated planter box for growing herbs or small plants easily.,electronics,DragonWave Inc,49.99,434,71,2025-11-07,
e8cd2e98-2e95-437c-b42c-9eaf138b880e,error: Access denied to method rand.,Comfortable eye mask that includes noise-canceling ear plugs.,Eletrônicos,State Bank Financial Corporation.,15.99,438,72,2025-12-18,
c15e20e5-5e3b-48a1-b193-76d2b2eea633,error: Access denied to method rand.,Spicy salsa made with black beans and tomatoes.,Clothing,Nuveen New York AMT-Free Quality Municipal,3.49,48,73,2025-06-27,2026-01-02
e474c9d7-834b-4248-afe5-6a0b5a124610,error: Access denied to method rand.,Artisan-made sourdough bread with a tangy flavor.,Eletronics,Tesoro Logistics LP,4.99,,74,2026-05-20,
0a9f5e0c-42e3-4ccb-9c4f-d61cf3fc2c74,error: Access denied to method rand.,"Assorted sliced cheese, perfect for sandwiches.",Eletrônicos,"OneMain Holdings, Inc.",4.49,,75,2025-12-04,
e4fc0fac-721e-44e5-9875-23652f76d04c,error: Access denied to method rand.,Natural fruit spread bursting with real strawberry flavor.,Eletronics,Control4 Corporation,3.59,133,76,2026-12-21,
7024be12-83e5-4b19-b280-8f77ed47e766,error: Access denied to method rand.,Personal massager for muscle recovery.,N/A,"Consolidated Communications Holdings, Inc.",79.99,-5,77,2025-09-21,
1f5a0085-3941-458f-a1cf-2a38124e13ba,error: Access denied to method rand.,Set of stylish watch bands to customize your look.,Eletronics,Ashford Hospitality Trust Inc,24.99,181,78,2025-11-15,
91f3ed3c-1fc1-4478-94e8-426d7be1e894,error: Access denied to method rand.,Adjustable lamp with multiple brightness levels and colors.,,"Iconix Brand Group, Inc.",39.99,293,79,2026-06-20,
00ca75f9-05b3-4012-afd1-d4c02b059850,error: Access denied to method rand.,Sweet and savory sauce for marinating and glazing meats or vegetables.,ELETRONICS,CytRx Corporation,2.99,256,80,2026-10-01,
d0a24cae-08c3-4b5d-9923-281aa4cd4a76,error: Access denied to method rand.,Ultrasonic essential oil diffuser with LED lights.,Books,"Curis, Inc.",34.99,232,81,2026-08-30,
6e29e554-22d2-43c5-b3e1-585f67e8e54a,error: Access denied to method rand.,Airtight container to keep pet food fresh.,BOOKS,"Stericycle, Inc.",24.99,119,82,2026-10-20,
278ecc15-6670-4498-913e-34ff1fefe79e,error: Access denied to method rand.,A retro-style button-down shirt with a relaxed fit.,BOOKS,Actuant Corporation,45.99,433,83,2025-08-02,2026-01-04
132d481b-afe8-4821-8b43-e552fbd91214,error: Access denied to method rand.,Golden-brown fritters made with sweet corn.,N/A,"Evoke Pharma, Inc.",4.49,354,84,2026-02-13,
61e4fb5f-9283-4b59-89b3-ecc3f81fb0a8,error: Access denied to method rand.,Adjustable shelving unit for home or garage storage.,BOOKS,Fibrocell Science Inc,69.99,388,85,2026-10-10,
b9b0fcaf-69cf-4885-b54a-21ea4d2d6726,error: Access denied to method rand.,Track your meals and nutrition with this handy food journal.,Books,"Prudential Financial, Inc.",14.99,283,86,2026-05-13,
1e8feb3b-1e79-46b8-8f9e-60daf10e42d6,error: Access denied to method rand.,Decadent tart made with rich dark chocolate.,Books,"Texas Capital Bancshares, Inc.",6.29,98,87,2025-09-13,
3013dcea-b9c7-43b6-b1ed-94a93c2f6f0c,error: Access denied to method rand.,Refreshing cranberry juice with no added sugar.,N/A,"WhiteHorse Finance, Inc.",3.69,464,88,2025-09-28,
4b20131a-ed84-4753-b12e-15ddf75e5f5e,error: Access denied to method rand.,"Versatile holder that can be used on desks, cars, and more.",N/A,Kayne Anderson Acquisition Corp.,12.99,346,89,2025-06-04,
45f655e4-a732-4ea4-9b24-f4dd5842f3e0,error: Access denied to method rand.,Manual pasta maker for homemade pasta.,HOME,Natural Resource Partners LP,39,80,90,2025-10-30,
c3b1db21-b042-4bf1-b7a7-cf5b7559b6aa,error: Access denied to method rand.,Bold graphic hoodie featuring a comfortable fit and soft fabric.,ELETRONICS,"CryoLife, Inc.",49.99,,91,2026-06-18,
40beeac3-cca3-44a7-a715-a344b86c1662,error: Access denied to method rand.,Canned beans cooked in a savory chili sauce,clothing,BlackRock Science and Technology Trust,1.79,425,92,2026-03-25,
7b52581b-ef17-4f17-80d1-5f14f7781204,error: Access denied to method rand.,"Durable canvas tote bag, perfect for everyday use.",ELETRONICS,"Olympic Steel, Inc.",19.99,,93,2026-04-13,
10566fff-cf87-4cc0-ab84-c63ffd25b79c,error: Access denied to method rand.,Foldable mat for jigsaw puzzle assembly.,Clothing,"Edgewater Technology, Inc.",22.99,,94,2025-09-06,
fcad333d-72ba-4b8e-9d9d-5be6fd620e51,error: Access denied to method rand.,Non-stick baking mat for easy cooking and cleanup.,,Wells Fargo & Company,15.99,,95,2026-05-26,
d48963cb-8794-48c3-821b-937d823b006e,error: Access denied to method rand.,"Soft pita bread, perfect for sandwiches or dips.",Unknown,PowerShares KBW Bank Portfolio,2.99,421,96,2026-08-16,
4e792531-7f73-4569-b0d3-9c9b4f91c318,error: Access denied to method rand.,A quick and easy fried rice mix with colorful veggies and savory seasoning.,clothing,"Community First Bancshares, Inc.",3.99,,97,2026-10-30,
b382a76e-b439-404f-95e5-cb693cfced91,error: Access denied to method rand.,BPA-free sports bottle with flip-top lid.,books,WeatherStorm Forensic Accounting Long Short ETF,15.99,225,98,2025-01-30,
aa16b3e9-c651-4be4-957f-87b1665fe457,error: Access denied to method rand.,Savory roasted garlic in a jar for easy use.,BOOKS,GigaMedia Limited,4.29,15,99,2026-06-12,2025-02-14
34e7d44a-9b35-4f10-a8c4-c73be93ecc9e,error: Access denied to method rand.,All ingredients needed to make your own sushi,BOOKS,Xcel Energy Inc.,9.99,393,100,2026-05-11,
fb036033-9e9c-425e-b62e-88eae161c5c5,error: Access denied to method rand.,Vegan sushi filled with spicy vegetables and avocado.,BOOKS,Renren Inc.,8.49,,101,2025-03-17,
14c8a2b7-e4b4-45c9-ba6a-02e450e13467,error: Access denied to method rand.,"A zesty marinade made with lemon juice and garlic, ideal for chicken or fish.",Home,iShares FTSE EPRA/NAREIT Europe Index Fund,4.29,,102,2025-11-28,
542a65da-0566-4f19-919a-0646ff2d6c41,error: Access denied to method rand.,Classic wooden building blocks for toddlers.,BOOKS,Invesco California Value Municipal Income Trust,24.99,47,103,2026-05-10,2026-11-01
8b7ee34e-0d06-473e-a6a7-5206388132c2,error: Access denied to method rand.,"Fresh green cabbage, great for salads and slaws.",N/A,"SS&C Technologies Holdings, Inc.",1.29,335,104,2026-02-26,
4a7a1ce7-46dc-404e-ad4a-66fb2463a2dd,error: Access denied to method rand.,All-in-one kit for making delicious chicken salad.,N/A,Bank Of Montreal,5.99,166,105,2026-04-28,
687a02bf-3dd8-4f9c-a34e-df08ba5b8545,error: Access denied to method rand.,Interactive kitchen set for imaginative play.,,Nuveen Dow 30SM Dynamic Overwrite Fund,129.99,205,106,2025-10-28,
8d98f542-bf52-4030-8adf-dddc21b88e6b,error: Access denied to method rand.,Prepped vegetables and sauces for a quick Asian stir-fry meal.,ELETRONICS,Icahn Enterprises L.P.,5.49,79,107,2025-04-26,2025-07-07
6a55f400-9303-46bc-bc24-329a7d3da9bc,error: Access denied to method rand.,Cold pasta salad tossed with pesto and fresh vegetables.,,ACNB Corporation,4.99,-5,108,2025-10-27,
b9a6c98c-c6c9-423c-ab02-08bb858e5fd3,error: Access denied to method rand.,Hearty casserole with beef and enchilada sauce.,,"United Parcel Service, Inc.",8.99,158,109,2026-12-20,
2ed64cdc-a8e2-4c2c-a2f5-ab001b81cfc0,error: Access denied to method rand.,Freshly ground cinnamon spice for baking or seasoning.,electronics,"Dover Motorsports, Inc.",1.99,328,110,2026-05-10,
9b067735-40d8-4d83-868e-36a03171eafa,error: Access denied to method rand.,Pack of ultra-soft microfiber cloths for cleaning.,Clothing,The AES Corporation,9.99,,111,2025-09-07,
297a60dd-da57-448a-9c0c-01958ccc2599,error: Access denied to method rand.,"Soft and comfortable robe, perfect for lounging at home.",Eletrônicos,Puma Biotechnology Inc,59.99,142,112,2025-06-01,
4a437e2e-c755-4f57-9769-ec07a26db9e4,error: Access denied to method rand.,Eco-friendly reusable bags for snacks.,books,Barington/Hilco Acquisition Corp.,14.99,-5,113,2025-05-30,
b47331a9-5929-4a6b-b789-b392364a5ff4,error: Access denied to method rand.,A luxurious faux fur coat that adds glamour to any outfit.,Eletrônicos,"Shoe Carnival, Inc.",129.99,435,114,2026-01-02,
6ecb43bf-4e01-41c3-b10f-34d89e253d01,error: Access denied to method rand.,"Crunchy granola bars made with almond butter, oats, and honey, perfect for on-the-go snacking.",HOME,Esterline Technologies Corporation,4.99,447,115,2026-04-22,
1aadfe37-75db-4117-9332-78d30f4015b0,error: Access denied to method rand.,Soft and chewy bar packed with protein and cinnamon flavors.,electronics,"Digital Realty Trust, Inc.",2.99,250,116,2025-08-21,
02d62c7c-1634-4080-9a9b-e1a724787696,error: Access denied to method rand.,Nutritious snack bar made with almond butter and protein.,books,Heska Corporation,1.99,,117,2025-08-14,
6d89d043-f760-45a0-b2fc-7bdd5f82ee30,error: Access denied to method rand.,Effective laundry detergent for a deep clean.,Home,"FTD Companies, Inc.",12.99,-5,118,2026-07-16,
8d3708c8-2501-4ffe-959e-bf90e9c3a591,error: Access denied to method rand.,A sweet and spicy glaze that's perfect for grilling or marinades.,Clothing,"Hub Group, Inc.",3.49,374,119,2025-12-04,
71d81e4d-78ef-49f2-a894-f3f8f983ebf3,error: Access denied to method rand.,Laundry bags perfect for delicates and organizing clothes.,ELETRONICS,"AutoZone, Inc.",12.99,,120,2026-04-12,
8d09bd71-4601-4c3a-a936-06c0d66229a4,error: Access denied to method rand.,Intricate designs for adults to relax and unwind.,Home,"ACI Worldwide, Inc.",14.99,40,121,2025-02-26,
ac25d826-05dd-4a0a-a143-559094dd0fd8,error: Access denied to method rand.,High-capacity power bank for charging devices on the go.,Electronics,Canadian Pacific Railway Limited,29.99,,122,2026-05-22,
40e6b337-eb45-4b61-802c-df73788a6f6b,error: Access denied to method rand.,Fun inflatable cooler to keep drinks cold at parties.,HOME,EPR Properties,19.99,,123,2025-03-17,2025-09-18
f9fb7873-e0c0-4386-895e-4c7508d426e1,error: Access denied to method rand.,Fragrant fried rice with authentic Thai basil and veggies.,Eletronics,"Genocea Biosciences, Inc.",5.99,,124,2025-06-13,
d0a67f03-489e-4ce1-afbb-34f015598210,error: Access denied to method rand.,Instant mix for delicious pumpkin spice lattes at home.,Eletronics,TICC Capital Corp.,3.29,485,125,2025-06-17,
8cbeda41-0b43-4976-9206-174f1eb2cab4,error: Access denied to method rand.,Sweet and tangy mango chutney for a flavorful dip.,HOME,"Southern First Bancshares, Inc.",3.99,,126,2026-02-22,
5a9a7dff-4850-4bac-a051-ca8012279abc,error: Access denied to method rand.,"A tangy sauce made with cranberries and citrus zest, perfect for turkey and chicken dishes.",electronics,"NantHealth, Inc.",3.99,457,127,2025-03-11,
f1e4675c-3d22-4c45-8db1-0a43ac569809,error: Access denied to method rand.,Everything you need for a fresh and delicious Caesar salad.,Eletrônicos,TrustCo Bank Corp NY,4.99,89,128,2025-10-17,
f421387d-8755-4a04-8c5b-89d2fa04c84d,error: Access denied to method rand.,A blend of spices that brings the taste of fall to your baked goods.,,"Verifone Systems, Inc.",2.99,248,129,2025-06-10,
c7e04726-55e1-4d07-be68-8acd6aa42abe,error: Access denied to method rand.,Fun instruments to introduce kids to music.,,"TCW Strategic Income Fund, Inc.",39.99,249,130,2025-01-23,
52ee6ae9-2661-4450-8787-f5c48b996456,error: Access denied to method rand.,Complete sculpting tools for artists.,Eletronics,"Team, Inc.",25.99,,131,2026-06-24,2025-11-24
88a07d2f-86b5-40d5-a716-f4332658ba7b,error: Access denied to method rand.,Compact yoga mat that folds for easy storage and transport.,N/A,Park Sterling Corporation,29.99,232,132,2025-07-03,
837623d3-d3a1-4097-8e57-47c7b4b37199,error: Access denied to method rand.,Non-stick baking mat for easy cooking and cleanup.,electronics,"Advanced Energy Industries, Inc.",15.99,109,133,2026-07-01,
3b90ff31-1568-4fc2-88ae-09207a6f06a9,error: Access denied to method rand.,A fragrant blend of Italian herbs for pasta sauces and marinades.,books,"Patterson-UTI Energy, Inc.",1.99,,134,2025-06-16,2025-10-28
3da2d15a-8fbf-48a3-841f-786ddfe497ab,error: Access denied to method rand.,"Tangy and sweet balsamic dressing, perfect for salads.",Eletronics,Gabelli Dividend,2.99,-5,135,2025-11-01,
cf93e214-bb5d-4cef-a27f-363878dd6d1d,error: Access denied to method rand.,Marinated chicken grilled with lemon and herbs.,Unknown,"Cara Therapeutics, Inc.",7.49,125,136,2026-09-16,
0f4583f2-c998-44d5-84aa-209393d30cc3,error: Access denied to method rand.,A flavorful barbecue sauce with a sweet and spicy kick.,books,Sohu.com Inc.,3.99,173,137,2026-08-04,
4fff17dd-16a1-4332-b7c2-66aff1a83e2f,error: Access denied to method rand.,Creamy honey mustard sauce for dipping or dressing.,Books,"Verastem, Inc.",3.29,480,138,2025-07-12,
0461c785-d81e-458e-ac49-02cb72f8d385,error: Access denied to method rand.,Refreshing dessert bars made with pineapple and coconut.,Electronics,Eaton Vance Tax-Managed Diversified Equity Income Fund,3.79,78,139,2026-06-26,
43b6c8fa-459f-494a-ba95-e3fb71ddf318,error: Access denied to method rand.,Easy-to-set-up picnic table for outdoor dining.,clothing,American Tower Corporation (REIT),69.99,363,140,2025-09-27,
75951499-03c7-4c97-a2d5-0a89cb9cd165,error: Access denied to method rand.,Pancake mix infused with seasonal pumpkin spice flavor.,BOOKS,Jones Lang LaSalle Incorporated,3.49,144,141,2025-10-09,
c4da1bd3-a62f-4d95-ba2b-c73c68bba524,error: Access denied to method rand.,"A nutritious salad with kale, quinoa, and a zesty lemon dressing.",Eletrônicos,Dynavax Technologies Corporation,6.49,236,142,2025-02-22,
0f708b5f-b168-45fe-a856-dd13714e9ad0,error: Access denied to method rand.,"High in protein, perfect for soups and stews.",electronics,NorthWestern Corporation,2.99,,143,2025-08-01,
9dc8e0ec-59e7-4e2e-bb63-64cecf7a1371,error: Access denied to method rand.,Professional sharpening system for kitchen knives.,electronics,KKR Income Opportunities Fund,39.99,309,144,2026-02-18,
397fbbcd-cc0b-4578-88ee-cc1e830f569b,error: Access denied to method rand.,Planter with self-watering feature for easy plant care.,Unknown,Companhia de saneamento Basico Do Estado De Sao Paulo - Sabesp,24.99,98,145,2025-05-07,
dc1d5d82-d90d-4f7b-9818-4b56ebaaede2,error: Access denied to method rand.,Marinated chicken grilled with lemon and herbs.,electronics,"T2 Biosystems, Inc.",7.49,398,146,2025-12-18,
ea13f016-9158-4e1e-b17c-52c6fff6c83e,error: Access denied to method rand.,Compact coffee grinder for fresh ground coffee beans.,electronics,"MediciNova, Inc.",22.99,,147,2026-12-02,
d2ce3bd5-7cbc-4517-b65a-b71256fb9993,error: Access denied to method rand.,Fresh walnut halves for baking or snacking.,electronics,"Cable One, Inc.",8.49,122,148,2026-11-06,
b734826b-1488-486e-88eb-3ab05061c872,error: Access denied to method rand.,"Crispy chips made from assorted garden vegetables, lightly salted.",books,"Aoxin Tianli Group, Inc.",3.49,,149,2025-02-16,
66a86642-e4fe-47fb-b6d8-edf9fc730ab5,error: Access denied to method rand.,"Tender chicken cooked in a rich coconut curry sauce, ready to heat and serve.",N/A,"Corium International, Inc.",9.99,,150,2025-04-29,
bef58879-9b4a-496e-a49b-6d98fd995dc1,error: Access denied to method rand.,Connect and control smart devices from one app.,electronics,"Beasley Broadcast Group, Inc.",99.99,150,151,2025-03-29,
1514f2d7-5866-4f22-90ab-9d9129cf0be4,error: Access denied to method rand.,Compact fire pit for campfires and gatherings.,Eletrônicos,Mazor Robotics Ltd.,149.99,316,152,2026-10-01,
8057b6d9-9946-43f9-8b9a-f6e2f20ef808,error: Access denied to method rand.,Delicious ravioli filled with creamy ricotta and fresh spinach.,N/A,Enterprise Financial Services Corporation,6.49,,153,2026-02-13,
ee004b52-90ea-4e91-aa81-9f8a1c80a497,error: Access denied to method rand.,Healthy pasta alternative made from chickpeas,Books,"Waddell & Reed Financial, Inc.",4.19,314,154,2026-01-09,
4720ebc9-2ad5-4dff-9eb1-3372814f3ed1,error: Access denied to method rand.,Small toolkit with essentials for home repairs.,Eletrônicos,Great Plains Energy Inc,29.99,186,155,2025-03-07,2026-11-26
ac2a811e-8372-4d69-a825-94ab909ec656,error: Access denied to method rand.,"Dairy-free ice cream made with coconut milk, creamy and delicious.",Home,Ares Capital Corporation,6.99,,156,2026-06-12,
f11ee780-743f-4e8f-8f08-345b0ecec2a2,error: Access denied to method rand.,A flavorful pasta sauce made with roasted garlic.,Unknown,Carnival Corporation,4.99,146,157,2025-05-09,
4ee84fd8-a79f-46c7-8924-193272f2afd3,error: Access denied to method rand.,Hard-shell case for protecting sunglasses.,BOOKS,"LendingTree, Inc.",15.99,288,158,2026-04-19,
a9c52998-741b-47e4-bc33-6bdf24e09b57,error: Access denied to method rand.,Water-resistant activity tracker and smartwatch features.,Eletronics,ZTO Express (Cayman) Inc.,79.99,,159,2025-03-26,2026-10-29
17188b00-99cb-492f-a163-d3cc49c2cdf5,error: Access denied to method rand.,"A mix of strawberries, blueberries, and raspberries, perfect for smoothies.",Books,"Flexion Therapeutics, Inc.",5.99,359,160,2026-08-22,2025-10-28
648df69f-dd27-4c1b-9a20-d65e96fc4441,error: Access denied to method rand.,"Creamy vanilla fudge, a sweet treat for all occasions.",,"Schneider National, Inc.",4.49,160,161,2026-05-12,2026-10-17
42745cb0-d71e-4784-8b69-f11fb6c23172,error: Access denied to method rand.,Functional leggings designed for maximum comfort during workouts.,ELETRONICS,PIMCO Municipal Income Fund,39.99,118,162,2026-09-23,
82f06ff6-e9e8-4fee-ac40-4f24b3e727f3,error: Access denied to method rand.,Travel-friendly dog bowl that is collapsible for easy storage.,N/A,CGG,9.99,372,163,2026-03-26,
973f7529-9788-4665-8fe2-27f87ad99c26,error: Access denied to method rand.,Professional grooming table with adjustable height.,BOOKS,Salient Midstream & MLP Fund,109.99,87,164,2026-03-07,2025-05-01
cb2579d3-75e8-4f46-a328-8e999d7097d6,error: Access denied to method rand.,"Nutty, crunchy pecans great for baking.",books,"Ambac Financial Group, Inc.",6.49,274,165,2026-06-15,
0507ad99-b453-463b-b9f7-bbc97dfcb6eb,error: Access denied to method rand.,Personalized wooden puzzles for children that encourage learning.,BOOKS,PowerShares DWA Momentum Portfolio,29.99,295,166,2026-07-24,
faab2ab8-50a0-48b9-87e2-b15e8f6098c7,error: Access denied to method rand.,A spice blend for making flavorful chili con carne.,HOME,Coca Cola Femsa S.A.B. de C.V.,2.99,,167,2025-06-07,
0ed74d0e-56eb-4fcc-87cb-b0abea34abd2,error: Access denied to method rand.,"A hearty soup filled with vegetables and herbs, perfect for a light meal.",Eletrônicos,"Dunkin' Brands Group, Inc.",3.29,241,168,2025-10-07,
ecd2947e-c3f5-4cdf-b2f4-5bbaf18bac83,error: Access denied to method rand.,Pack of ultra-soft microfiber cloths for cleaning.,,PowerShares 1-30 Laddered Treasury Portfolio,9.99,,169,2026-02-11,
a645ef2e-ef13-4ac4-aa5e-3e72c61091eb,error: Access denied to method rand.,Storage organizer for art supplies and tools.,Electronics,"Crocs, Inc.",18.99,126,170,2025-08-03,
9fd252ca-b825-4791-9ee8-0d16a4dea515,error: Access denied to method rand.,"A complete meal kit containing breaded chicken breast, marinara sauce, and pasta, perfect for a quick dinner.",clothing,Zumiez Inc.,14.99,179,171,2026-04-05,
46dabe51-7433-4ad9-8740-137833570dbc,error: Access denied to method rand.,Homemade ice cream maker for delicious desserts.,books,PacWest Bancorp,79.99,,172,2025-07-25,
7934fc65-cc48-41d9-9d39-1a100a3140de,error: Access denied to method rand.,Frozen smoothie blend with berries for a quick and healthy breakfast.,HOME,Bright Scholar Education Holdings Limited,3.99,161,173,2026-03-06,2026-02-26
c198f64c-f226-4760-9a77-d8e6f591d1a9,error: Access denied to method rand.,Herbal tea bags made from dried hibiscus flowers.,N/A,Invesco Bond Fund,3.79,447,174,2025-10-22,
9830ff11-4e40-46b7-ad4e-37a1f7d22b68,error: Access denied to method rand.,Comfortable slide sandals for lounging by the pool.,,"Vivint Solar, Inc.",24.99,306,175,2025-11-04,
dd2fd58f-6ecd-4804-b88b-e3521bb512c3,error: Access denied to method rand.,Handheld frother for creating frothed milk for coffee.,Home,"Tandy Leather Factory, Inc.",19.99,11,176,2025-01-10,
d3e5073c-bb66-4f54-8268-66706cb0a145,error: Access denied to method rand.,Durable cable for connecting devices with high-definition video.,Unknown,Synnex Corporation,12.99,329,177,2026-02-14,
21c7cd2d-e6fd-456d-ac75-c0f904b0d39f,error: Access denied to method rand.,"Frozen salmon fillets marinated in teriyaki sauce, ready to grill or bake.",Home,First Trust Rising Dividend Achievers ETF,9.99,480,178,2025-11-23,
c92fa6b8-8255-4a48-931b-25b5fe9fc717,error: Access denied to method rand.,"Fresh pomegranate juice, rich in antioxidants.",Home,"Maiden Holdings, Ltd.",4.49,,179,2025-10-19,
11ad969d-34a7-4056-83cf-922113f993e1,error: Access denied to method rand.,Adjustable phone mount for car dashboard.,Clothing,"Blackrock Debt Strategies Fund, Inc.",15.99,30,180,2026-11-09,
c6a63f7d-0642-423d-b3c6-8578d92bd02a,error: Access denied to method rand.,"Delicious soft cookies, dairy-free and egg-free, perfect for treats.",,iShares MSCI New Zealand Capped ETF,4.79,,181,2026-12-27,
7beda152-84a5-4244-8cd4-0c30f3a6ee27,error: Access denied to method rand.,Adjustable tripod with remote shutter for smartphones.,,Brookfield Canada Office Properties,29.99,326,182,2025-12-24,
102165d0-3dac-4f73-9383-c59c1c3eec69,error: Access denied to method rand.,Classic cereal made with whole grains and honey.,Eletronics,Wells Fargo & Company,4.29,381,183,2026-08-15,
cb05223e-f1b0-4c2e-846a-9971a771bb59,error: Access denied to method rand.,"Freshly baked bagels, perfect for breakfast or snacks.",N/A,Mobile TeleSystems OJSC,2.99,145,184,2026-05-17,
61ac7364-1be8-4664-b4ea-cd5fc0bdc28a,error: Access denied to method rand.,Space-saving rack to store and organize spices conveniently.,N/A,"Clear Channel Outdoor Holdings, Inc.",39.99,216,185,2026-03-26,
a9b0a368-5842-46e4-aed6-acaa541d6168,error: Access denied to method rand.,Classic wooden puzzle game for kids and adults.,Electronics,"Ossen Innovation Co., Ltd.",14.99,,186,2025-05-18,
5b70bf5f-56a0-4b62-bf9b-7a1815b77618,error: Access denied to method rand.,Beautiful wall calendar for organizing your schedule.,,"Jamba, Inc.",17.99,118,187,2026-10-20,
76cfeb53-a874-450c-aee2-5f261db2f04a,error: Access denied to method rand.,Insulated mug to keep drinks hot on the go.,Electronics,Nuveen New Jersey Quality Municipal Income Fund,19.99,,188,2025-01-27,
b7efa27b-5885-460e-9d83-7ef4b9fd1507,error: Access denied to method rand.,Creamy mayonnaise made with avocado oil for a healthier twist.,books,Graco Inc.,5.29,350,189,2026-09-04,
f176d935-0f24-42f5-be54-5dace9b2bc1f,error: Access denied to method rand.,"Frozen falafel balls made from chickpeas and herbs, perfect for quick meals or salads.",,OUTFRONT Media Inc.,5.99,152,190,2025-01-13,2025-09-27
9c66cca3-043b-437e-bdc2-674c9a5ce018,error: Access denied to method rand.,Durable speaker designed for outdoor use with water resistance.,HOME,Frontier Communications Corporation,59.99,136,191,2025-01-21,
94c16e00-6749-45d6-a5e3-b9f5223dc516,error: Access denied to method rand.,Comprehensive first aid kit for home or travel emergencies.,BOOKS,Mack-Cali Realty Corporation,29.99,,192,2025-11-28,
84f80ec9-0ce9-4c8e-bd36-0d196142f7f4,error: Access denied to method rand.,Eco-friendly mesh bags for shopping produce at the market.,N/A,Two River Bancorp,14.99,404,193,2026-09-29,
d1e639e1-ab41-4d0d-9472-47271f6f6f85,error: Access denied to method rand.,"Lightweight cover-up perfect for the beach, with a breezy design.",Electronics,"Blackrock MuniHoldings Quality Fund II, Inc.",29.99,472,194,2025-09-13,
d80b275f-f9dd-4b4a-8cb1-b5891ca77324,error: Access denied to method rand.,Durable tablet designed for kids with parental controls.,electronics,"Gray Television, Inc.",129.99,350,195,2026-12-22,
ce692905-6373-4b0f-88e8-c573ee4bf2ba,error: Access denied to method rand.,Rich coconut milk for curries and desserts.,Eletronics,Syneron Medical Ltd.,2.49,458,196,2026-08-16,
9685055e-6f89-401c-a0d0-e64e2e445d3c,error: Access denied to method rand.,Eco-friendly power bank that charges via sunlight.,Books,"CareTrust REIT, Inc.",39.99,276,197,2025-08-04,
9bf50969-e88c-4f57-9196-e15b27fcdbba,error: Access denied to method rand.,"Colorful veggie chips made from beets, carrots, and sweet potatoes.",books,"Citrix Systems, Inc.",3.29,,198,2025-07-14,
172864d5-55d1-4d02-9d02-0d0e82d3fd57,error: Access denied to method rand.,"Natural pink salt, perfect for seasoning.",,Fresenius Medical Care Corporation,4.99,411,199,2026-06-15,
35a59df8-ccbc-4365-9947-a8469c0bd23b,error: Access denied to method rand.,Fluffy pancakes with buttermilk flavor.,Electronics,BSQUARE Corporation,3.99,92,200,2026-07-23,
5782f885-5a9a-4be1-bedd-39faa2d2dcc8,error: Access denied to method rand.,Eco-friendly generator for outdoor adventures.,,Associated Banc-Corp,399.99,332,201,2026-03-08,2026-04-19
75b88600-2e93-43e9-81ed-fbc21ffc6a4a,error: Access denied to method rand.,Adjustable shelving unit for home or garage storage.,,KNOT Offshore Partners LP,69.99,364,202,2026-02-14,
197c1d47-8253-49b3-80eb-0e2c5f2373e5,error: Access denied to method rand.,A crunchy blend of nuts and pretzels with a spicy kick.,N/A,Saratoga Investment Corp,4.99,389,203,2026-07-16,
2cf143fa-2340-46da-a006-4e980cfadd57,error: Access denied to method rand.,Fresh sliced strawberries for toppings or snacking,Eletrônicos,Changyou.com Limited,4.99,274,204,2026-01-06,
662b16d8-5ccc-470f-a67e-3bec208ac13e,error: Access denied to method rand.,Nutritious snack bar made with almond butter and protein.,Electronics,First Trust Nasdaq Transportation ETF,1.99,95,205,2026-06-23,
048748a9-6036-42ad-938d-30c17189ccd2,error: Access denied to method rand.,A soothing tea blend with turmeric and ginger for wellness.,clothing,La Quinta Holdings Inc.,3.29,487,206,2026-06-05,
a8e6938a-3588-4374-b94f-9a448348594e,error: Access denied to method rand.,A warm and sustainable wool scarf for chilly days.,Electronics,Modern Media Acquisition Corp.,29.99,,207,2026-10-28,
5d740c39-412d-4ce7-9bb5-f4323a1b38ee,error: Access denied to method rand.,Gluten-free biscuits made with almond flour.,HOME,Motif Bio plc,6.49,181,208,2026-09-29,
aee0b93c-4172-4aec-bfcd-c46cd3755f77,error: Access denied to method rand.,Breathable polo shirt designed for both style and comfort on the greens.,books,Kronos Worldwide Inc,39.99,,209,2026-12-16,
3a96aad9-dee2-49ec-a331-833da2638a03,error: Access denied to method rand.,Complete station with supplies for kids' art projects.,books,Assured Guaranty Ltd.,49.99,,210,2025-02-06,
854368d6-9600-48ba-b419-e4563f6c567e,error: Access denied to method rand.,Multi-level cat tree for climbing and scratching.,clothing,Invesco Municipal Opportunity Trust,99.99,435,211,2025-06-15,
05065948-09d1-4edf-b51c-38ec64376b53,error: Access denied to method rand.,"Gluten-free tortillas made from almond flour, perfect for various wraps and meals.",HOME,Prudential Public Limited Company,4.99,464,212,2026-09-14,
6cde90ad-b7d8-477c-baeb-73f63bef9dc3,error: Access denied to method rand.,Fresh walnut halves for baking or snacking.,Books,"U.S. Auto Parts Network, Inc.",8.49,408,213,2025-07-22,
1ecc27be-1094-4d1f-8e3a-62e9b40abf69,error: Access denied to method rand.,Crispy and sweet dried apple slices,Clothing,"Westar Energy, Inc.",3.49,366,214,2025-04-25,
f27c2eb4-42ec-4644-9e04-04d8ff180be7,error: Access denied to method rand.,Tender beef chunks for slow-cooked stews.,Electronics,Yangtze River Development Limited,5.99,395,215,2025-01-02,2025-11-24
edbd659c-8158-413c-b3cd-e8b13e2a8b63,error: Access denied to method rand.,A flavorful blend of rice with tropical pineapple and coconut flavors.,Unknown,"Immunomedics, Inc.",3.99,433,216,2025-05-16,
ef8f18df-519b-4383-b940-2a660455960f,error: Access denied to method rand.,Automatic waterer that filters and provides fresh drinking water for pets.,electronics,BLDRS Europe 100 ADR Index Fund,39.99,286,217,2025-06-12,
790b9d0f-ca1a-4cc1-9f2a-0b659647c917,error: Access denied to method rand.,Eco-friendly LED lights for festive decorations.,,The Spectranetics Corporation,29.99,74,218,2026-12-13,2025-11-27
607e7496-419c-4f4c-8fa3-d3b332fb119d,error: Access denied to method rand.,Easy-to-make pancake mix with chocolate chips included.,HOME,"Royal Gold, Inc.",3.99,,219,2026-02-11,
cdf5a681-3769-46bf-a647-839af58aec65,error: Access denied to method rand.,High-quality headphones that block out external noise for immersive listening.,BOOKS,John Hancock Premium Dividend Fund,119.99,326,220,2025-02-11,
e3e8ba7a-4021-4610-a1b9-0da6f5cdfb01,error: Access denied to method rand.,"Cold-pressed coconut oil, perfect for cooking, baking, or skin care.",N/A,First Trust RiverFront Dynamic Emerging Markets ETF,8.99,220,221,2026-06-05,
770e6e1d-e359-4163-b841-294820868abc,error: Access denied to method rand.,Classic chino shorts in a versatile color for summer adventures.,,Cemtrex Inc.,34.99,9,222,2025-10-12,
e3449509-7e09-49ba-b316-5a1837ae52dd,error: Access denied to method rand.,A staple v-neck t-shirt that pairs well with anything.,N/A,"Stoneridge, Inc.",19.99,91,223,2025-01-27,
0efc0e26-eeb3-4d23-b870-49b412b93992,error: Access denied to method rand.,"Canned chickpeas, perfect for hummus or salads.",Books,"Community Trust Bancorp, Inc.",1.29,,224,2025-01-19,
bb80b66b-f400-49ba-adfe-1cd58f7e977d,error: Access denied to method rand.,"Tender and juicy pork chops, perfect on the grill.",HOME,"PS Business Parks, Inc.",9.49,-5,225,2025-08-15,
c84925a1-c34b-43f6-bb6f-18327d87426b,error: Access denied to method rand.,A tangy and spicy BBQ sauce that's perfect for grilling.,Electronics,Oak Valley Bancorp (CA),3.99,-5,226,2025-07-12,2025-11-13
ac02d6f7-e6f1-47b1-8862-15c2c732d62d,error: Access denied to method rand.,Storage solutions for keeping your car tidy and organized.,Eletronics,"Stanley Black & Decker, Inc.",14.99,,227,2026-06-05,
affdc90d-afee-4d29-8495-955412b20f2c,error: Access denied to method rand.,Spicy chili sauce for an extra kick in your meals.,Clothing,Vector Group Ltd.,3.19,107,228,2026-06-25,
94de8b53-63d2-44d7-b39a-85f73b841874,error: Access denied to method rand.,"Nutritious blend of wild rice and quinoa, perfect as a side dish.",clothing,Eagle Point Credit Company Inc.,2.99,155,229,2026-04-11,
c4fdd855-e544-4af4-aa1b-c8f2272fa87d,error: Access denied to method rand.,Essential tools for on-the-go bike maintenance.,HOME,"Retail Properties of America, Inc.",14.99,,230,2026-05-17,
ee6b033b-dd57-4c71-818d-9b40a62f8652,error: Access denied to method rand.,Authentic Indian curry sauce for quick meals.,Home,iShares MSCI All Country Asia ex Japan Index Fund,3.69,437,231,2025-08-13,
825c9e1b-6a2a-4c5e-b018-ed05e2c24b2b,error: Access denied to method rand.,Burr coffee grinder for fresh ground coffee.,electronics,Owens Corning Inc,39.99,,232,2026-12-07,
8e29ddcd-a01e-43cb-8516-f93e2a0f6d3f,error: Access denied to method rand.,Creamy and crumbly cheese for salads and dishes.,ELETRONICS,"Innophos Holdings, Inc.",4.99,90,233,2025-11-10,
f0d29e80-2a37-4936-b21a-323ab511e017,error: Access denied to method rand.,DIY LED strip lights with remote control.,Eletronics,Caesars Entertainment Corporation,29.99,473,234,2026-12-16,
725bef2c-b12d-4e8c-8680-1f689a661df6,error: Access denied to method rand.,Comfortable carry for pets while hiking or traveling.,Eletronics,"The Bancorp, Inc.",49.99,393,235,2025-09-17,
df197bac-2b81-4c50-a911-f38cc379b6ce,error: Access denied to method rand.,Natural sweetener for baking and cooking.,Home,"Nautilus Group, Inc. (The)",2.49,,236,2026-02-06,
9947691d-aef3-44ce-b48b-efec44349170,error: Access denied to method rand.,Bell peppers stuffed with rice and vegetables,BOOKS,"Northwest Bancshares, Inc.",5.99,35,237,2025-12-22,
9e684b7c-a431-449f-b26e-72d976bf6744,error: Access denied to method rand.,Removable wall art stickers for home decoration.,books,"Retrophin, Inc.",19.99,274,238,2026-10-23,
bcee9f6c-7178-44ca-8f10-5ff96ddf0d99,error: Access denied to method rand.,Low-calorie rice cake for snacks.,Unknown,"Spok Holdings, Inc.",2.49,255,239,2026-08-16,2025-04-25
2a669a70-2abf-4db2-91bc-6d7b3ffa7afd,error: Access denied to method rand.,"Sweet bread with cinnamon and raisins, great for breakfast or snacks.",Electronics,First Trust Small Cap Value AlphaDEX Fund,3.79,26,240,2026-10-24,
b7604b62-410d-46d3-b27d-c1fcb56629ca,error: Access denied to method rand.,Wax warmer for creating a soothing atmosphere with fragrances.,Clothing,"WellCare Health Plans, Inc.",22.99,-5,241,2026-09-02,
61cea7a7-d405-4ccf-a3fd-7f20eede8d26,error: Access denied to method rand.,Easy-to-use tiebacks for curtains or drapes.,Eletrônicos,"Malibu Boats, Inc.",12.99,,242,2025-03-20,
2c363c59-7261-481a-8e66-24b30a78392f,error: Access denied to method rand.,"A classic soup combining tomatoes and basil, great with grilled cheese sandwiches.",BOOKS,Gabelli Dividend,3.49,132,243,2025-09-18,
faedca36-15a7-4bf0-8259-3eaa95390e2b,error: Access denied to method rand.,Floating bookshelf to display your favorite books.,Home,ArcelorMittal,39.99,105,244,2025-06-14,
a0766664-1e35-4ae5-850b-a7c85de5d8fa,error: Access denied to method rand.,Hands-on experience with science and engineering projects.,Electronics,"Plug Power, Inc.",35.99,118,245,2025-03-05,
3cc740d5-9bdf-46f3-9d60-6eb53c936606,error: Access denied to method rand.,"Sweet and chewy dried mango slices, perfect for snacking.",HOME,"Electro Scientific Industries, Inc.",3.49,428,246,2025-04-06,
ef4ab3cf-59f4-44bc-931f-7f504c747fa4,error: Access denied to method rand.,Beautiful leather-bound journal for writing and sketching.,Eletrônicos,"Leggett & Platt, Incorporated",39.99,,247,2025-01-15,
b80aa203-cbb8-4703-8744-78653d53eb70,error: Access denied to method rand.,"A fresh, flavorful basil pesto for pasta and more",HOME,Invesco Municipal Opportunity Trust,4.79,258,248,2025-04-13,
af69a94e-43ca-450c-a425-5e9950d33ecb,error: Access denied to method rand.,"Fluffy and delicious pancake mix, perfect for a gluten-free breakfast.",Eletronics,"Eleven Biotherapeutics, Inc.",5.99,428,249,2025-02-28,
b77af8ef-7fc5-40f8-8b1b-cda903dede74,error: Access denied to method rand.,Delicious and tangy marinade for grilling or baking chicken.,HOME,National Storage Affiliates Trust,2.49,415,250,2026-09-06,
ba715c59-085c-4120-9518-46d4da04503f,error: Access denied to method rand.,Powerful hand blender for soups and smoothies.,Books,Macatawa Bank Corporation,39.99,154,251,2025-05-27,
f48b1a0c-39e6-4a17-808b-5540b80c10f0,error: Access denied to method rand.,"Rich and tangy balsamic vinegar, perfect for dressings.",Eletronics,Avenue Income Credit Strategies Fund,4.99,139,252,2026-10-16,
6835ea67-dba4-460a-a367-9b4ed5dceab4,error: Access denied to method rand.,Delicious waffles infused with pumpkin and spices.,Eletrônicos,NVIDIA Corporation,4.49,405,253,2025-02-13,
8b190e86-1c0c-48a3-a18b-808c2e7cd35c,error: Access denied to method rand.,Therapeutic weighted blanket for better sleep.,electronics,Kemper Corporation,79.99,58,254,2026-03-04,2025-01-13
03425608-3150-4528-8969-095d1acf3709,error: Access denied to method rand.,All ingredients needed to make your own sushi,,"Nathan's Famous, Inc.",9.99,,255,2026-08-21,
26f60767-87b7-4d28-919d-66ea7946e243,error: Access denied to method rand.,Everything you need for a fresh and delicious Caesar salad.,clothing,Nuveen Short Duration Credit Opportunities Fund,4.99,235,256,2025-12-11,
e94b1753-97da-42a1-82d6-8cd309a18752,error: Access denied to method rand.,"A spicy, flavorful cheese stick great for snacks or lunchboxes.",Electronics,"BeyondSpring, Inc.",2.49,214,257,2026-08-30,
27db41ca-e37e-4846-9e5d-64894635a76a,error: Access denied to method rand.,"A comfortable henley shirt made of soft cotton, perfect for casual outings.",Unknown,"Fulgent Genetics, Inc.",29.99,181,258,2026-01-05,
08b705de-670a-4287-8769-e48d7290e1c4,error: Access denied to method rand.,"Sliced black olives, perfect for salads and pizzas.",Electronics,Enbridge Inc,1.99,141,259,2025-10-17,
0907fff2-8137-4139-8c6b-1d407b818dbf,error: Access denied to method rand.,Sweetened sticky rice served with fresh mango and coconut sauce.,Clothing,Andina Acquisition Corp. II,4.5,,260,2026-09-04,
753d892e-1365-4e85-b9e8-7be5150a24ff,error: Access denied to method rand.,"Fresh pomegranate juice, rich in antioxidants.",Eletronics,Loncar Cancer Immunotherapy ETF,4.49,,261,2026-06-07,
04f26433-1f61-42eb-a850-b68dd7aa8b7f,error: Access denied to method rand.,Smooth Greek yogurt infused with vanilla bean flavor.,Electronics,"Endurance International Group Holdings, Inc.",1.99,43,262,2026-03-25,
9070a244-51ae-4bdb-98f9-3ecbf2fa8a42,error: Access denied to method rand.,Stabilizer for smooth video recording with smartphones.,books,Geo Group Inc (The),89.99,294,263,2025-04-07,
afbbc666-f93c-4113-a29b-2f6af795f960,error: Access denied to method rand.,Durable backpack with ample storage for outdoor adventures.,,"Gaming and Leisure Properties, Inc.",79.99,160,264,2025-06-19,
5c898082-f593-40ce-8a5c-ce5e1d3801c2,error: Access denied to method rand.,Soft and plush robe for comfort after the shower.,Eletronics,Teekay Tankers Ltd.,49.99,-5,265,2025-11-22,
72786cb6-3765-479b-9803-b72466112403,error: Access denied to method rand.,"Fresh organic spinach, great for salads or cooking.",Electronics,VelocityShares 3x Inverse Silver ETN,2.99,273,266,2025-10-09,
831c5bfe-0de6-4c3a-bf1e-0caf3eba8841,error: Access denied to method rand.,Rich and creamy almond milk with a hint of chocolate.,Unknown,"Connecticut Water Service, Inc.",2.79,134,267,2026-10-13,2025-10-30
5767bdc4-164a-4b02-b144-90083ef106d3,error: Access denied to method rand.,Thermos that tracks your water intake and temperature.,Eletrônicos,First Trust Nasdaq Transportation ETF,39.99,421,268,2026-02-20,
29fca3ce-8e22-4220-bbdc-eb4b0360bf74,error: Access denied to method rand.,Easy-to-make pancake mix with chocolate chips included.,clothing,"Cohen & Steers Infrastructure Fund, Inc",3.99,6,269,2026-02-15,
ec061296-d305-46cb-b457-93a13aaa3c53,error: Access denied to method rand.,"A flavorful garlic butter blend, perfect for cooking or baking.",Unknown,John Bean Technologies Corporation,3.99,,270,2026-03-09,
fdf73f74-a3a7-497c-83f6-2edf4239afb2,error: Access denied to method rand.,A warming blend of ginger and turmeric for lattes.,HOME,"Poage Bankshares, Inc.",5.29,-5,271,2025-12-04,2026-05-07
5984ed58-e4f2-4ade-97dc-d73caa9cc3b2,error: Access denied to method rand.,Modern desk lamp that features a built-in USB charging port.,Books,Aspen Insurance Holdings Limited,29.99,,272,2026-10-17,
c2e0e24b-f415-4cdc-bf44-4aeb04414652,error: Access denied to method rand.,A mix to create a delicious onion dip for parties or snacking.,Eletrônicos,"ArQule, Inc.",2.29,75,273,2026-08-21,
e706c286-ed98-495f-b282-73421e6ca847,error: Access denied to method rand.,Wireless headphones with noise-canceling features.,clothing,"Perma-Fix Environmental Services, Inc.",79.99,232,274,2026-08-05,
f620201c-0a98-4499-81d2-a29e00452dd4,error: Access denied to method rand.,Memory foam travel pillow for neck support.,HOME,"M/I Homes, Inc.",22.99,381,275,2025-05-09,
6be0529b-e849-4533-bfa2-83fc4a22498c,error: Access denied to method rand.,Large electric griddle for family meals.,HOME,Christopher & Banks Corporation,54.99,132,276,2026-04-30,2025-09-29
06fc60d3-3a7a-4557-bf94-951221fad395,error: Access denied to method rand.,Fast and accurate thermometer for grilling and cooking.,Books,J P Morgan Chase & Co,24.99,,277,2026-02-02,
ecedf0e9-e1fb-4a88-8864-b2d4bb006a43,error: Access denied to method rand.,Durable lunch box designed to keep food fresh and cool.,Clothing,"EZCORP, Inc.",24.99,430,278,2026-04-23,
4a189d9f-b1ca-4588-ad73-29128f7f9ef2,error: Access denied to method rand.,Compact trash can for keeping your car clean.,Eletronics,WeatherStorm Forensic Accounting Long Short ETF,12.99,,279,2026-03-15,
807c0574-91f1-40ec-83c2-10ffbfc5ca5c,error: Access denied to method rand.,Crunchy granola with raisins and cinnamon for a delightful breakfast.,Books,Targa Resources Partners LP,3.79,143,280,2026-11-20,
ab308f7b-0416-4672-a3ea-7328651f9339,error: Access denied to method rand.,"A blend of dried fruits and nuts, great for snacking.",ELETRONICS,Parker-Hannifin Corporation,4.99,428,281,2026-09-13,2025-10-31
7b9761a3-62c0-45f5-8c55-7152bc8895da,error: Access denied to method rand.,Stabilizer for smooth video recording with smartphones.,ELETRONICS,Vantage Energy Acquisition Corp.,89.99,491,282,2026-04-25,
6e7c35f2-3190-41ee-979e-253ddda08895,error: Access denied to method rand.,Compact hair straightener for travel.,clothing,Penn West Petroleum Ltd,29.99,,283,2026-04-25,
328e2196-910d-4deb-a8dd-72507762e56d,error: Access denied to method rand.,All-in-one kit for making pasta salad easily.,Clothing,National Commerce Corporation,5.99,38,284,2025-07-10,2025-01-19
752b2ed9-be51-4384-888a-2d406bafa187,error: Access denied to method rand.,"Organize travel documents, passport, and cards.",Clothing,"CVR Refining, LP",15.99,,285,2026-12-04,
04702e32-e2b1-4aac-a565-d0619302976b,error: Access denied to method rand.,Adjustable stand to improve ergonomics while working on a laptop.,Unknown,"Fenix Parts, Inc.",49.99,484,286,2025-09-22,
d1f76cf2-18e9-4ca2-a868-5e2d674a02c9,error: Access denied to method rand.,A spicy marinade perfect for chicken and fish.,,Shenandoah Telecommunications Co,3.79,118,287,2026-06-30,
15b33f02-eee3-47d3-9e68-30a62f5ca4ed,error: Access denied to method rand.,Control lights remotely with this smart switch.,Home,"Century Bancorp, Inc.",29.99,,288,2026-06-06,
6b1435bd-9ff9-4f16-b33e-72f81ecbd676,error: Access denied to method rand.,Adjustable stand for portable speakers and devices.,Electronics,Qwest Corporation,39.99,15,289,2025-04-29,
1c09835a-f3de-4552-beab-610b881fb416,error: Access denied to method rand.,Portable mixer bottle for smoothies and protein shakes.,electronics,NewJersey Resources Corporation,12.99,467,290,2025-01-22,
2ee930b1-ebce-4faf-9e7d-41ab8bca4420,error: Access denied to method rand.,Bold graphic hoodie featuring a comfortable fit and soft fabric.,Electronics,National Holdings Corporation,49.99,184,291,2026-10-24,
38739b35-3813-4d5b-8c6e-f159c6815a1d,error: Access denied to method rand.,UV-blocking clothing for outdoor activities.,HOME,"MiMedx Group, Inc",44.99,131,292,2025-05-28,
706c146c-0006-46cb-bf73-8122759c98eb,error: Access denied to method rand.,Ergonomic memory foam pillow for better sleep.,,"Streamline Health Solutions, Inc.",39.99,463,293,2026-01-29,
e19d4ce5-da17-4b48-8553-baaf6eeb3cbb,error: Access denied to method rand.,Sand-resistant and compact for outdoor and beach use.,HOME,Qwest Corporation,29.99,206,294,2025-09-19,
710fd9f7-ffe3-4ccb-be67-9e6d37358bc1,error: Access denied to method rand.,"A spicy glaze made with sriracha and honey, perfect for meats.",Eletrônicos,Caesarstone Ltd.,3.59,185,295,2025-08-16,
5da53e60-a6ea-4f64-b949-042af8d1f540,error: Access denied to method rand.,Adjustable weighted jump rope for workouts.,clothing,BRF S.A.,15.99,,296,2025-02-21,
2f2491ff-be20-454b-a771-017eba8bfabe,error: Access denied to method rand.,"Savory hash made with sweet potatoes and kale, a perfect side dish.",,Belmond Ltd.,5.49,334,297,2025-11-09,
4dfd920f-5f4d-4ffc-a3ea-21e3f875fed0,error: Access denied to method rand.,Delicate green tea leaves for a refreshing beverage.,electronics,PIMCO Dynamic Credit and Mortgage Income Fund,4.29,,298,2026-08-03,
42273a1f-212b-45fc-9120-b3ee6e483ed9,error: Access denied to method rand.,Fresh baked chocolate chip muffins for breakfast.,Home,"AmTrust Financial Services, Inc.",3.99,243,299,2026-08-29,
76055e85-0ae9-4214-bc18-834a5817ad67,error: Access denied to method rand.,Handheld vacuum cleaner for quick and easy cleaning.,Clothing,Cheetah Mobile Inc.,45.99,,300,2025-10-07,
b2da171c-d931-479c-966e-7dc46d8c7735,error: Access denied to method rand.,Stylish bar stools with adjustable height and swivel features.,books,"Otonomy, Inc.",149.99,,301,2026-02-25,
99477246-ac7c-41ee-9531-accf8ea3abab,error: Access denied to method rand.,Classic leather photo album for keepsakes.,Eletrônicos,"Builders FirstSource, Inc.",24.99,,302,2026-08-10,
8897452a-1f7c-4718-8f53-3abf44d7a7d7,error: Access denied to method rand.,"Ready-to-eat chia seed pudding made with coconut milk, perfect for breakfast or dessert.",Electronics,Rogers Corporation,2.99,,303,2025-08-09,
8420f17d-623f-4f37-b8da-e09939477c3c,error: Access denied to method rand.,Soft and plush robe for comfort after the shower.,Electronics,Nuveen New Jersey Quality Municipal Income Fund,49.99,173,304,2025-12-17,
a48867a1-4091-422e-8dc6-2810bbfadc84,error: Access denied to method rand.,"Organic rolled oats, great for breakfast or baking.",,"SS&C Technologies Holdings, Inc.",3.29,441,305,2025-08-04,
1f11a33c-fdcd-42ad-a816-eab0780586e4,error: Access denied to method rand.,Inspiring cookbook with healthy recipes.,,Brookfield Asset Management Inc,27.99,259,306,2025-02-28,
3a61d636-70f3-465b-80eb-bd3de18e0485,error: Access denied to method rand.,Creamy ice cream with refreshing mint flavor and chocolate chips.,books,"Worthington Industries, Inc.",4.99,110,307,2025-03-22,2026-08-04
f34c8057-ea53-4c5a-be68-552247b32b4a,error: Access denied to method rand.,Stylish holder for organizing cooking utensils.,ELETRONICS,JM Global Holding Company,14.99,,308,2026-07-17,
26246f41-1cd5-4935-aecb-79147e485294,error: Access denied to method rand.,A trendy cropped sweater perfect for a casual look.,BOOKS,Buenaventura Mining Company Inc.,39.99,317,309,2025-02-15,
8869fc2b-98b3-425d-b45b-e0eaf40ea299,error: Access denied to method rand.,"Tangy green salsa made with tomatillos, perfect for tacos.",ELETRONICS,Nicolet Bankshares Inc.,3.49,66,310,2025-03-15,
ac7c4c70-d39e-4bc7-88f6-2ebaa64b6904,error: Access denied to method rand.,Comprehensive camera and alert system for home security.,Unknown,eBay Inc.,299.99,142,311,2026-03-03,2026-05-21
b8072c14-c7d3-4569-b5a8-d9d557bbb6c3,error: Access denied to method rand.,Compact electronic drum kit for musicians of all levels.,,"Harley-Davidson, Inc.",359.99,428,312,2026-10-30,2025-04-15
16cf5f85-0881-420e-b107-61216c389e01,error: Access denied to method rand.,Instant mix for delicious pumpkin spice lattes at home.,electronics,"Ascent Capital Group, Inc.",3.29,,313,2025-07-17,
0c2baf53-bf03-4895-9e25-16dc2ac7e40a,error: Access denied to method rand.,"Refreshing green tea infused with peach, perfect for a hot day.",Home,"H&E Equipment Services, Inc.",3.49,,314,2025-10-24,
36ee18ec-c38c-44fd-834a-57e2296b6e58,error: Access denied to method rand.,Creamy vegetable curry enriched with spices.,Electronics,Pengrowth Energy Corporation,6.49,133,315,2025-09-08,
c1cd6205-6801-4973-a6b9-5cb84726a723,error: Access denied to method rand.,"Creamy mashed sweet potatoes, ready to heat and serve.",HOME,XBiotech Inc.,3.99,,316,2025-07-18,
e9ed16f5-fe41-4d20-a486-af6b32102a02,error: Access denied to method rand.,Elegant cover that protects your notebook with style.,Eletronics,Foresight Autonomous Holdings Ltd.,29.99,-5,317,2025-06-14,
0ea000f4-357a-40f3-9e67-a100a200134f,error: Access denied to method rand.,Manual blender for smoothies and mixing ingredients on the go.,,"Calithera Biosciences, Inc.",18.99,319,318,2025-01-01,
7f581448-971b-4508-8dec-4580d34842ed,error: Access denied to method rand.,Soft bagels flavored with cinnamon and raisins.,Unknown,Telecom Argentina Stet - France Telecom S.A.,4.19,171,319,2026-03-25,
974e9b81-061e-47db-83d6-b03b33780a47,error: Access denied to method rand.,Smart robotic vacuum for automatic cleaning.,clothing,"PerkinElmer, Inc.",299.99,,320,2025-09-29,
0bfe0f78-4956-4998-b6a5-612f4e6f3453,error: Access denied to method rand.,Spicy and smoky sausage great for grilling.,ELETRONICS,Diana Shipping inc.,5.49,,321,2026-06-05,
cd85bf58-2e94-48d2-89c7-6b3115a1ccc9,error: Access denied to method rand.,Control home appliances remotely using your smartphone app.,Home,"National Security Group, Inc.",19.99,30,322,2026-02-23,2026-02-10
b3333cdc-5be6-4bf5-b18d-3cb442475792,error: Access denied to method rand.,Stylish digital journaling app for notes and organizing tasks.,ELETRONICS,Eastman Kodak Company,24.99,,323,2025-02-27,
db7a35b5-596c-4a48-91e9-2bed9fc05862,error: Access denied to method rand.,"Fast and compact external solid state drive, 1TB.",electronics,"MIDSTATES PETROLEUM COMPANY, INC.",129.99,455,324,2026-06-12,
27933e94-e929-412c-ae74-6b2580b7cd3c,error: Access denied to method rand.,Spicy chili powder to add heat to dishes.,ELETRONICS,Employers Holdings Inc,2.09,,325,2025-07-29,
de374c75-18d5-41f1-ab81-6118052b1aa2,error: Access denied to method rand.,A rich pesto made with sun-dried tomatoes and pine nuts.,Electronics,"Prudential Financial, Inc.",4.49,,326,2026-12-19,
84d2342a-8811-49c9-a299-874e12b76a17,error: Access denied to method rand.,A zero-calorie coconut oil spray for cooking and baking.,Eletrônicos,TICC Capital Corp.,4.99,452,327,2026-12-24,
845c9b6f-f8ce-497b-a07e-b5f7b8dde071,error: Access denied to method rand.,Storage solutions for keeping your car tidy and organized.,HOME,Gladstone Commercial Corporation,14.99,342,328,2025-09-21,
64785737-189d-4a74-9215-70e04cb0bfd1,error: Access denied to method rand.,Travel-friendly dog bowl that is collapsible for easy storage.,Electronics,Changyou.com Limited,9.99,,329,2026-01-26,
dc7d2e95-72bc-4aed-b761-86499394f515,error: Access denied to method rand.,Stylish dish soap dispenser with sponge holder.,Eletronics,Nuveen California Quality Municipal Income Fund,18.99,119,330,2026-10-08,
0e4b889e-88d2-4287-8f47-4a4e2a54c997,error: Access denied to method rand.,Light and breezy dress perfect for summer outings with a vibrant floral pattern.,clothing,Conatus Pharmaceuticals Inc.,39.99,398,331,2026-10-17,
4eee93dd-7fdb-4adb-b23d-a153ab522cd9,error: Access denied to method rand.,"Compact towels that expand when wet, ideal for travel.",Eletronics,"Douglas Emmett, Inc.",12.99,,332,2026-01-14,
893d7099-d1b2-4949-9017-7e391bd7497a,error: Access denied to method rand.,All-in-one kit for making pasta salad easily.,N/A,Gladstone Land Corporation,5.99,,333,2026-04-18,
aca2f55c-09a0-433e-a1b0-5d14c7e0d3bd,error: Access denied to method rand.,Eco-friendly solar lights for pathways and gardens.,ELETRONICS,BHP Billiton Limited,39.99,,334,2025-12-18,
c89bb52f-b5fa-4ab4-b062-efec9646174b,error: Access denied to method rand.,"Compact towels that expand when wet, ideal for travel.",Unknown,Dr. Reddy's Laboratories Ltd,12.99,428,335,2025-03-28,
67eef174-5724-40d0-93c9-b3f060062b11,error: Access denied to method rand.,Classic marinara sauce for all pasta dishes.,Unknown,National Retail Properties,3.49,405,336,2025-01-14,
b3adaa61-2c5a-4727-8db7-bf1b6b8c349f,error: Access denied to method rand.,Savory sausage links with a hint of maple flavor.,clothing,"United Parcel Service, Inc.",5.99,325,337,2025-03-29,
953b4a92-8146-4b55-ad20-4ccce2d2286d,error: Access denied to method rand.,Eco-friendly toys for learning and imaginative play.,Clothing,"BCB Bancorp, Inc. (NJ)",29.99,,338,2025-01-05,2026-09-06
0de2774f-64ef-44f0-860b-e0eafd8835a5,error: Access denied to method rand.,Easy-to-install lights to brighten kitchen cabinets and workspaces.,Home,PPL Corporation,29.99,16,339,2025-03-20,
fa823ce9-d42f-4ad7-a8a2-c6917dd6c7df,error: Access denied to method rand.,Rapid boil electric kettle with temperature control.,Eletronics,iStar Financial Inc.,39.99,396,340,2025-01-07,2025-10-04
8ccf4775-1717-4ba4-9c76-7e698f368da6,error: Access denied to method rand.,"The perfect seafood snack, ready to eat and delicious.",,"Gener8 Maritime, Inc.",6.49,399,341,2026-03-17,
3718f609-992a-4aab-ae4f-795919f30d04,error: Access denied to method rand.,Soft and chewy bar packed with protein and cinnamon flavors.,Clothing,Caesarstone Ltd.,2.99,,342,2025-05-02,
d32ace51-65a6-4bc3-a478-1468471c794b,error: Access denied to method rand.,Ceramic pizza stone for homemade pizzas.,BOOKS,E*TRADE Financial Corporation,29.99,171,343,2026-03-27,
82d2f02f-311c-43aa-ad71-fcf7ebbcb2f9,error: Access denied to method rand.,Classic chino shorts in a versatile color for summer adventures.,,"Connecticut Water Service, Inc.",34.99,116,344,2025-06-29,
d2a1ee09-ba9f-4138-9ba8-871184020cc3,error: Access denied to method rand.,"Juicy peach slices in light syrup, in convenient cups.",N/A,CHS Inc,1.99,,345,2026-10-28,
223d8ca4-286f-4b93-9c11-cb864c02d02b,error: Access denied to method rand.,"Freshly baked bagels, perfect for breakfast or snacks.",Eletronics,RAIT Financial Trust,2.99,486,346,2025-06-17,
32399041-3fc2-445b-89b2-910a6e3bebdb,error: Access denied to method rand.,Silicone oven mitts for safe handling of hot cookware.,Clothing,CM Finance Inc,15.99,,347,2026-08-07,
52991691-ab37-40a7-9a57-4b56d676c86f,error: Access denied to method rand.,Soft silicone earbud covers for comfort and fit.,Clothing,"Houlihan Lokey, Inc.",9.99,,348,2026-02-14,
5fce83e2-4c16-4fd0-b79a-42d99493a11f,error: Access denied to method rand.,Frozen pizza loaded with vegetables and cheese.,Books,"America Movil, S.A.B. de C.V.",5.49,439,349,2025-06-01,
9137a8c6-12a0-466b-9b89-d9c378ced273,error: Access denied to method rand.,Tangy vinaigrette with orange and ginger flavors.,Eletronics,"Twenty-First Century Fox, Inc.",3.99,475,350,2026-10-28,2026-12-18
c2426a28-1c93-4121-a64e-22574ee8aac4,error: Access denied to method rand.,Savory roasted garlic in a jar for easy use.,books,Star Bulk Carriers Corp.,4.29,342,351,2025-06-01,
1db16f50-50c6-4397-b508-33b22114b404,error: Access denied to method rand.,Bluetooth scale that tracks body composition through an app.,Home,StoneCastle Financial Corp,49.99,,352,2026-11-09,
9394a43a-d2cb-47e8-9d88-1d5d6a55a638,error: Access denied to method rand.,A flavorful spread made with roasted garlic and creamy butter.,ELETRONICS,Landmark Infrastructure Partners LP,3.29,380,353,2026-04-13,
114836da-787c-4a54-bd6c-3c7f6e4c9861,error: Access denied to method rand.,"Farm fresh eggs, essential for breakfast.",HOME,PowerShares DWA Momentum Portfolio,2.99,,354,2026-07-05,
d6ce0ac1-a0ba-455b-9e22-45945dca3466,error: Access denied to method rand.,"Creamy dip made with caramelized onions, perfect for chips or veggies.",Books,"National CineMedia, Inc.",3.99,93,355,2026-07-25,
2727d0c8-d86e-43b7-b1f1-e76be9664c9f,error: Access denied to method rand.,"A flavorful garlic butter blend, perfect for cooking or baking.",N/A,ProQR Therapeutics N.V.,3.99,,356,2025-10-28,
5582a50f-7783-48ac-9e14-16a0e29cfeab,error: Access denied to method rand.,Quick-cooking couscous flavored with herbs and spices.,clothing,Gabelli Dividend,2.49,,357,2026-04-19,
f36b3f12-4afb-499a-9cf0-3b06d77be094,error: Access denied to method rand.,Stylish wine rack to store and display bottles.,N/A,"Quad Graphics, Inc",79.99,450,358,2025-03-24,
8d208468-58fb-47bb-820f-68bc94ed08f2,error: Access denied to method rand.,Light and crunchy rice cakes made from organic brown rice.,Eletrônicos,"Greenbrier Companies, Inc. (The)",3.99,194,359,2026-11-06,
84f1a333-8154-4b38-ba0f-3bda3be3c9d5,error: Access denied to method rand.,"Fluffy couscous that cooks in just minutes, perfect as a side.",BOOKS,Royal Bank Scotland plc (The),2.49,321,360,2026-06-12,
55608072-10da-49d0-8437-771763a4c961,error: Access denied to method rand.,"Deliciously creamy spinach dip, perfect for parties.",,Lonestar Resources US Inc.,5.99,280,361,2026-05-02,2025-01-29
558f496a-2c5b-4358-b537-8fad2d1e1bc0,error: Access denied to method rand.,1080p wireless security camera with night vision.,,"Walgreens Boots Alliance, Inc.",109.99,192,362,2026-05-16,
88e8ba8f-c071-4a1f-bd03-ee1361e7e8bd,error: Access denied to method rand.,Satisfy your sweet tooth with these dark chocolate-covered raisins.,Eletrônicos,"Infinity Pharmaceuticals, Inc.",3.99,112,363,2026-01-08,
c8a4ecec-f514-4ff9-8e31-00f0095fb5f9,error: Access denied to method rand.,Comfortable wireless headphones designed for sleeping.,BOOKS,Westlake Chemical Partners LP,29.99,,364,2026-07-13,
9d663d80-a0b7-4f3d-be5c-6a50f03f87fb,error: Access denied to method rand.,Gourmet potato skins loaded with cheddar cheese and bacon.,books,"Qualys, Inc.",7.49,70,365,2025-06-18,
60bd55ba-7e77-45be-8a09-f2ccd890df6c,error: Access denied to method rand.,"Juicy pork tenderloin, great for roasting.",Home,Tesoro Corporation,10.99,484,366,2026-12-15,
fb01a885-93c4-45ff-8e4b-29f16ccf0d63,error: Access denied to method rand.,"Freshly baked French baguette, perfect for dipping.",BOOKS,Belmond Ltd.,2.49,133,367,2025-09-03,
3e5dec7a-12fa-46c1-99be-d61feeff6929,error: Access denied to method rand.,Savory sausage links seasoned with Italian spices.,clothing,First Trust Dorsey Wright Dynamic Focus 5 ETF,5.99,83,368,2026-05-17,
677932da-8ac0-43f5-9260-cdb8702b7b4c,error: Access denied to method rand.,"Non-stick griddle for pancakes, burgers, and more.",HOME,"Quanta Services, Inc.",49.99,,369,2025-04-03,
637d8ee0-465f-4f4d-85e5-033e84974b52,error: Access denied to method rand.,A healthy mix of assorted dried fruits and nuts for snacking.,Home,"Hawaiian Electric Industries, Inc.",5.99,445,370,2025-10-11,
fdaf2540-ee3a-49aa-ab08-07341fc0a4ac,error: Access denied to method rand.,Creamy yogurt made with maple and almond flavors.,Clothing,Federal Agricultural Mortgage Corporation,1.89,279,371,2025-05-29,
f5ac7af6-58f8-4cf9-b8d1-edbfbcef9a0c,error: Access denied to method rand.,Decorative table runner perfect for autumn gatherings.,Books,"Dril-Quip, Inc.",19.99,,372,2025-06-21,
4a89b197-0e4d-442a-892c-210dcd630a0c,error: Access denied to method rand.,Essential oil blends for a soothing atmosphere in your home.,Books,Pure Cycle Corporation,14.99,,373,2025-03-19,
9b6e04a4-49da-44f5-ac30-c152592f429a,error: Access denied to method rand.,Quick and easy rice pilaf mix for side dishes.,N/A,Eaton Vance Corporation,2.59,225,374,2026-04-03,
a6431adc-e36c-41cf-a01f-7d13327e0220,error: Access denied to method rand.,Chic slingback sandals for a relaxed summer vibe.,HOME,Ciena Corporation,29.99,431,375,2025-06-03,
6d2356e8-21b4-4e91-8e55-756abeadddf7,error: Access denied to method rand.,"Lightly salted frozen edamame, a protein-packed snack.",clothing,"Hartford Financial Services Group, Inc. (The)",3.29,111,376,2026-08-28,2026-12-25
f1e16b04-bb94-4f30-ab77-ca58a6d02ca0,error: Access denied to method rand.,Easy-to-use portable grill for barbecues.,Home,"Ashford Hospitality Prime, Inc.",79.99,230,377,2026-04-06,
2a5275ed-87d2-4bc8-a0c0-a1e831c7c0e3,error: Access denied to method rand.,Non-slip mat designed for yoga and fitness exercises.,BOOKS,First BanCorp.,34.99,224,378,2025-03-02,
7c728b59-45b4-48df-83c5-be7bedfc5695,error: Access denied to method rand.,Rapid boil electric kettle with temperature control.,ELETRONICS,"MDU Resources Group, Inc.",39.99,,379,2025-10-16,
a09a89fc-b2e9-487f-ab4b-016957de22ea,error: Access denied to method rand.,Freshly baked artisan bread with a crisp crust and soft center.,Unknown,"GenMark Diagnostics, Inc.",3.99,,380,2026-02-14,
bec71f92-4abf-4c6b-8919-ad95446b8462,error: Access denied to method rand.,Inspiring cookbook with healthy recipes.,books,San Juan Basin Royalty Trust,27.99,214,381,2025-12-12,
e005fdc1-7387-48f5-ab57-3f0b6ea45293,error: Access denied to method rand.,"Yogurt with the flavors of coconut cream pie, nice and indulgent.",N/A,Buckeye Partners L.P.,1.99,197,382,2026-08-09,
cd9b2f0d-0438-4606-9ba1-d96db54ec32c,error: Access denied to method rand.,Multi-level cat tree for climbing and scratching.,Books,Andina Acquisition Corp. II,99.99,,383,2026-01-27,
30d48f6c-dc08-494f-82b5-a86c43fd9465,error: Access denied to method rand.,Flavored aioli made with roasted garlic,Home,"Sino-Global Shipping America, Ltd.",3.79,328,384,2025-06-25,
62bf5f27-026a-4329-8b9c-7b758e974a58,error: Access denied to method rand.,Easy-to-set up tent designed for campers and hikers.,books,"Loxo Oncology, Inc.",129.99,309,385,2025-06-06,
d8fb5aa8-d2fc-4b24-ab0a-3c8dd8b9c8ee,error: Access denied to method rand.,Stylish case with magnetic closure for smartphones.,Clothing,National Retail Properties,19.99,,386,2025-05-24,
8a370fb5-4f79-4d62-bb7b-38468db4b62c,error: Access denied to method rand.,Savory sauce for vegetable and meat stir-fries.,Clothing,TearLab Corporation,3.49,,387,2025-12-30,2025-08-26
0bee947a-2090-43b1-9831-e78d21e02e9d,error: Access denied to method rand.,Ergonomic footrest for easier pedicure treatment.,Home,Bank of the Ozarks,39.99,486,388,2026-06-25,
d4489fb8-beaa-4419-80c6-651544bdd49e,error: Access denied to method rand.,Complete set of gardening tools for outdoor tasks.,Electronics,Independent Bank Corp.,45,278,389,2025-12-24,
f1b7ae1a-dc53-4d0a-bca2-b7ad9687eda8,error: Access denied to method rand.,Classic wooden train set for imaginative play.,Clothing,"Star Gas Partners, L.P.",29.99,210,390,2026-02-23,2025-08-12
63c40f15-0c91-4f7e-bec8-586b53e0aa27,error: Access denied to method rand.,Water bottle that tracks your hydration levels.,electronics,BB&T Corporation,39.99,336,391,2026-03-20,
954655d5-8508-4f66-b0d6-b25d4da33f1c,error: Access denied to method rand.,Stylish tote to keep wine bottles chilled while traveling.,Electronics,Cubic Corporation,24.99,437,392,2026-02-25,
f326ee5e-9dad-4a78-8327-cc7f2316bc9d,error: Access denied to method rand.,Creamy vegetable curry enriched with spices.,ELETRONICS,"NextEra Energy, Inc.",6.49,113,393,2026-02-02,
9e9fa8f6-f2e9-4b82-839d-ce638be6a038,error: Access denied to method rand.,Trendy high-top canvas sneakers for a stylish streetwear look.,books,S&W Seed Company,49.99,350,394,2025-03-27,
0dfcd94d-45b2-4cf4-a3c2-fb4287b1fa9b,error: Access denied to method rand.,Vacuum-insulated tumbler for beverages on the go.,HOME,Mackinac Financial Corporation,22.99,266,395,2026-04-26,
2008fefe-56fb-49e8-a311-1c88a04adc68,error: Access denied to method rand.,A pack of assorted nut and protein bars for a quick energy boost.,clothing,Infinity Property and Casualty Corporation,12.99,175,396,2026-11-16,
e88dbd65-5ff0-48b4-8844-250eb31e0c5b,error: Access denied to method rand.,"A frozen meal featuring quinoa and mixed vegetables, ready to heat and eat.",Electronics,"TC PipeLines, LP",5.99,,397,2025-05-24,
71588bde-feec-4130-97ec-d04a234eb105,error: Access denied to method rand.,"Pasta alternative made from sweet potatoes, gluten-free and rich in flavor.",Home,"Cancer Genetics, Inc.",3.79,115,398,2025-04-28,
eb8d5544-35e4-4dc6-984e-80303d430264,error: Access denied to method rand.,Interactive kitchen set for imaginative play.,Eletronics,"First Savings Financial Group, Inc.",129.99,,399,2026-05-16,
8db4102f-577e-4ce3-8761-a3a0f720719e,error: Access denied to method rand.,High-quality headphones that block out external noise for immersive listening.,,"Apptio, Inc.",119.99,,400,2026-08-20,
b85c5de7-70f9-4d53-b5f6-dd441df816b9,error: Access denied to method rand.,Electric foot massager for relaxation and relief.,Eletronics,"OraSure Technologies, Inc.",59.99,-5,401,2026-05-17,
f9b3655e-f750-47d9-af64-729dd1c31e16,error: Access denied to method rand.,Unsweetened coconut flakes for baking and topping.,clothing,Conyers Park Acquisition Corp.,3.29,342,402,2025-06-21,
911c1d48-db7c-44d8-9d3a-ecacf8d9e4a4,error: Access denied to method rand.,"Crunchy granola with oats, almonds, and dried cranberries.",clothing,TAT Technologies Ltd.,4.29,,403,2026-02-18,
2dba3ed2-21b4-4401-b653-32d7fcbbfc78,error: Access denied to method rand.,Wheeled cooler for transporting drinks and snacks.,books,"PFSweb, Inc.",59.99,145,404,2026-10-05,
c2764443-3676-4b13-976f-e0c0cf7f1fd4,error: Access denied to method rand.,Crunchy granola clusters mixed with nuts and honey.,Books,"Kandi Technologies Group, Inc.",2.49,,405,2026-07-15,
16941a38-3bed-4736-bc58-eb50ec6811cd,error: Access denied to method rand.,"Deliciously creamy spinach dip, perfect for parties.",Unknown,"Stage Stores, Inc.",5.99,296,406,2025-02-28,
9f50a647-d56b-4e37-9081-324562536fb9,error: Access denied to method rand.,Eco-friendly charger with a built-in solar panel for outdoor use.,electronics,Pimco High Income Fund,45.99,254,407,2025-03-09,
a588a2ef-53f5-428c-9ae8-44af3132444d,error: Access denied to method rand.,A timeless wardrobe staple crafted from soft cotton with a perfect fit.,books,"Royal Bancshares of Pennsylvania, Inc.",19.99,125,408,2025-11-16,
7e492943-56a5-4ae7-8d58-0fad95733e88,error: Access denied to method rand.,Non-contact thermometer for checking temperatures instantly.,ELETRONICS,Annaly Capital Management Inc,39.99,207,409,2025-02-16,
f1568c34-80bc-438c-97dd-b3707e34ca96,error: Access denied to method rand.,"Flavored couscous with herbs and spices, perfect as a side dish or a base for salads.",N/A,"Bio-Rad Laboratories, Inc.",3.59,325,410,2026-08-04,
e27f9894-09e5-4677-a36a-ce7e40fb2ea4,error: Access denied to method rand.,A delicious pizza loaded with vegetables,N/A,"FormFactor, Inc.",6.49,341,411,2026-06-20,
9e52f979-8955-4beb-98a1-165de424fc16,error: Access denied to method rand.,Adjustable tripod for smartphones and cameras.,BOOKS,"Edgewater Technology, Inc.",29.99,,412,2025-01-01,
de76497b-4820-434b-91cb-4194a741898c,error: Access denied to method rand.,Compact electric scooter for commuting and short trips.,,CorVel Corp.,349.99,200,413,2025-03-17,
3dba7319-496e-417f-8e49-86638c0a9d11,error: Access denied to method rand.,Versatile organic coconut oil for cooking and baking.,Books,Kennametal Inc.,6.49,32,414,2026-06-01,
7321dff8-2b79-4717-a7b2-e7cb80f6e968,error: Access denied to method rand.,Creamy honey mustard sauce for dipping or dressing.,N/A,Sherwin-Williams Company (The),3.29,,415,2025-06-28,
b292dcc3-1b92-42e9-ab6d-a9d664164ae2,error: Access denied to method rand.,Lightweight and portable swing hammock for relaxing outdoors.,HOME,"Life Storage, Inc.",59.99,20,416,2025-02-23,
bcbeea39-8bae-4337-a6d7-2bb1024214c8,error: Access denied to method rand.,Stylish bar stools with adjustable height and swivel features.,Books,"Jaguar Animal Health, Inc.",149.99,262,417,2026-04-07,
1995bad8-4dd8-4a17-938d-659a01e83685,error: Access denied to method rand.,Crispy breadsticks seasoned with herbs and garlic.,,BlackRock Municipal Income Trust,2.49,124,418,2026-09-23,
67f6e3a5-6911-455e-a094-9dc4ea4be564,error: Access denied to method rand.,Lentils cooked in a coconut curry for a hearty meal.,Unknown,"Sound Financial Bancorp, Inc.",5.79,,419,2025-11-23,
ddc2683f-ab02-429e-b859-9a3b5119e04e,error: Access denied to method rand.,Chewy bars made with peanut butter and chocolate chips.,,iShares MSCI Qatar Capped ETF,4.59,448,420,2026-09-13,
e367f146-b073-49c8-b1d1-f40f6f8222a4,error: Access denied to method rand.,Crispy and delicious biscotti flavored with cranberry and almond.,Electronics,"Internationa Flavors & Fragrances, Inc.",4.19,,421,2025-05-31,
f125d879-3311-402d-af9f-9c44bf3f9dca,error: Access denied to method rand.,Dimmable LED desk lamp with USB charging port.,Home,Lipocine Inc.,35,-5,422,2026-08-12,2025-03-20
a7fcd6f6-ef87-4a96-a933-cbc14adf84d3,error: Access denied to method rand.,Just add water for a quick pasta sauce.,BOOKS,Fortive Corporation,1.29,,423,2025-03-11,
e17cb350-1eb1-449a-b531-35b62c0cdef6,error: Access denied to method rand.,Manual pasta maker for homemade pasta.,ELETRONICS,Qwest Corporation,39,332,424,2025-10-12,
a463148a-cb6a-4f86-bd9e-6267ce3a8f20,error: Access denied to method rand.,Lightweight and portable picnic table for outdoor use.,books,"Goldman Sachs Group, Inc. (The)",49.99,272,425,2025-07-29,
4f54cad5-1983-4c3c-86ff-7e10bb231a53,error: Access denied to method rand.,"Layered Greek yogurt with granola and mixed berries, ready to enjoy.",BOOKS,"Knight Transportation, Inc.",4.49,,426,2025-07-12,
1cbeb679-c3d6-4aa5-8ced-dfa70936dfa1,error: Access denied to method rand.,Tool to check car engine codes and performance issues.,BOOKS,CMS Energy Corporation,49.99,496,427,2025-03-11,
4b60b11b-991c-4cb0-9148-defbe6752eec,error: Access denied to method rand.,Lightweight tripod designed for smartphone photography.,Eletrônicos,"Acorn International, Inc.",29.99,,428,2025-11-03,
67ff3a19-cc97-46ab-aeb7-edca69acc736,error: Access denied to method rand.,Bluetooth scale that tracks body composition through an app.,Electronics,PowerShares DWA Tactical Sector Rotation Portfolio,49.99,,429,2026-02-20,
15748801-6e7c-4c64-a8eb-90d48011abc9,error: Access denied to method rand.,Wireless headphones with noise-canceling features.,Books,Brookfield Infrastructure Partners LP,79.99,225,430,2025-11-21,
7e6548f8-6b6c-4326-a5bd-6610e4d3e53b,error: Access denied to method rand.,"A refreshing drink mix that combines sweet raspberries and tart lemons, perfect for summer.",Eletrônicos,iPath US Treasury 5-year Bear ETN,3.99,,431,2025-11-07,
2463a28f-e448-48cc-8ada-44dcc20f28b5,error: Access denied to method rand.,A protein-packed pancake mix for a nutritious breakfast.,N/A,"Rush Enterprises, Inc.",3.99,133,432,2025-05-16,
bcc102e6-0b68-46c3-a764-5d90b6b7a51f,error: Access denied to method rand.,Sturdy grip to hold your phone securely while taking selfies.,ELETRONICS,"Smart Sand, Inc.",9.99,456,433,2026-11-16,
8c8f1795-9805-4f24-a1a5-bca0a4041401,error: Access denied to method rand.,Memory foam travel pillow for neck support.,Books,"Stein Mart, Inc.",22.99,,434,2025-04-06,
d8ce00e6-089f-4973-a288-51a47d6562d7,error: Access denied to method rand.,Organize coffee capsules with this stylish dispenser.,BOOKS,Navios Maritime Holdings Inc.,24.99,39,435,2025-09-09,
46580981-5b59-4cce-ae21-e58291daf724,error: Access denied to method rand.,Lightweight water filter for outdoor adventures.,books,Transocean Ltd.,29.99,489,436,2025-09-13,
b7c2eb94-61bc-4dfd-8468-7c552d2c087f,error: Access denied to method rand.,Ready-to-bake cookie dough packed with chocolate chips.,Unknown,"Customers Bancorp, Inc",5.49,494,437,2026-04-24,
ba793187-c90b-43c0-8dc4-b5778660b6d8,error: Access denied to method rand.,"A light and tangy dressing with poppy seeds, perfect for salads.",clothing,Strattec Security Corporation,3.49,-5,438,2026-10-03,
11bb76de-89b1-4c3f-b7ea-5de3964f118a,error: Access denied to method rand.,Blender for smoothies with a portable cup.,books,Petroleo Brasileiro S.A.- Petrobras,39.99,319,439,2026-12-03,
4b62ec0e-26ae-4be5-b868-3b5b9e9e1bd9,error: Access denied to method rand.,Automatically cooks eggs to your desired level.,Clothing,Conyers Park Acquisition Corp.,29.99,,440,2025-01-28,
034b9548-4a2e-40e1-ad27-064ada53611b,error: Access denied to method rand.,"Sweet and crisp apples, perfect for snacking.",Home,"Sage Therapeutics, Inc.",1.99,472,441,2026-10-22,
5507a48c-e773-4ef3-8665-c196dda1a331,error: Access denied to method rand.,Tender beef chunks for slow-cooked stews.,electronics,"Fidelity National Financial, Inc.",5.99,228,442,2025-01-09,
5a12ca67-6172-4982-bd79-2bb2988af85c,error: Access denied to method rand.,Soft blanket that provides warmth with adjustable settings.,clothing,Columbia Sportswear Company,49.99,382,443,2026-01-31,
58be1800-913d-44f1-beb2-57e8a6c22203,error: Access denied to method rand.,Fresh eggs from free-range chickens.,electronics,Progress Software Corporation,3.99,,444,2026-01-13,
1c647c1a-6a62-458e-b0a5-ef9c7d5ab409,error: Access denied to method rand.,Soft and breathable pillowcase for body pillows.,BOOKS,"OpGen, Inc.",14.99,86,445,2026-03-16,
e7911a1e-6b8e-40ff-b6ce-24590cc6a131,error: Access denied to method rand.,Spicy and smoky sausage great for grilling.,,Southern California Edison Company,5.49,,446,2025-11-09,
49474883-32bf-485d-8a05-be2939b745a4,error: Access denied to method rand.,Extra layer of comfort for your mattress.,BOOKS,Gabelli NextShares Trust,69.99,,447,2026-08-21,
7b992599-a100-4d2c-88f8-ce5a8b3dbce5,error: Access denied to method rand.,Compact camp stove for outdoor cooking.,books,"ParkerVision, Inc.",49.99,164,448,2025-11-19,
5526add3-070a-4157-a306-932e2e810273,error: Access denied to method rand.,Colorful building blocks for creative play.,Eletrônicos,"VistaGen Therapeutics, Inc.",19.99,-5,449,2026-09-03,
bba7dba5-b1b7-493f-a278-c9010eccc020,error: Access denied to method rand.,"Non-stick griddle for pancakes, burgers, and more.",Electronics,BancFirst Corporation,49.99,-5,450,2026-11-14,2025-06-01
3e246bcc-d024-4a03-8431-827de1899d2a,error: Access denied to method rand.,Bluetooth speakers with excellent sound quality.,Home,Fonar Corporation,69.99,366,451,2025-02-23,
eca968f6-b90c-463a-9191-454519461086,error: Access denied to method rand.,Nutty granola bars for healthy snacking.,clothing,Noah Holdings Ltd.,3.49,213,452,2025-01-21,
1663c551-d992-48d6-a0c6-693133b75341,error: Access denied to method rand.,Assorted nail polish set for vibrant nails.,electronics,"GTx, Inc.",25,500,453,2025-12-28,
6f5b2350-7ecf-49b6-9824-f8d96b8d3f03,error: Access denied to method rand.,A timeless baseball cap that adds a sporty touch to any outfit.,HOME,"SB Financial Group, Inc.",24.99,401,454,2026-05-08,
fafe1d7c-3f7d-4da7-a70c-26c739a8c8ca,error: Access denied to method rand.,Adjustable tripod with remote shutter for smartphones.,books,Kearny Financial,29.99,488,455,2026-07-06,
b2e98e1c-1a42-45cd-94e0-f693cd5c8a94,error: Access denied to method rand.,Durable and spacious backpack for travel and school.,electronics,"NCI Building Systems, Inc.",49.99,454,456,2025-09-25,
c31fbe61-00da-403c-9e06-33e74001386c,error: Access denied to method rand.,Juicy burger patties made with grass-fed beef,BOOKS,"Clovis Oncology, Inc.",9.99,329,457,2025-12-25,
ad6415b5-9292-42e7-b392-8b8ad5069f37,error: Access denied to method rand.,Ergonomic wireless mouse with adjustable DPI.,Home,Timken Company (The),25.99,56,458,2026-08-31,
cc70fa17-d828-4a26-9053-e1c96415ff59,error: Access denied to method rand.,Comprehensive first aid kit for home and travel.,HOME,"Industrias Bachoco, S.A. de C.V.",39.99,14,459,2026-03-08,
ef9f1944-1be7-4eae-8084-64b661611c59,error: Access denied to method rand.,Bold graphic hoodie featuring a comfortable fit and soft fabric.,HOME,"Century Communities, Inc.",49.99,,460,2025-06-21,
2015f145-315a-47b8-87ed-7cb96d6e81ab,error: Access denied to method rand.,"Marinated shrimp in a garlic and lemon sauce, perfect for grilling.",,"Loral Space and Communications, Inc.",8.99,83,461,2026-03-30,2025-02-25
2038f396-5c03-4c74-9061-a518e45ad4aa,error: Access denied to method rand.,A warming blend of ginger and turmeric for lattes.,clothing,CBX (Listing Market NYSE Networks AE,5.29,203,462,2026-01-06,
867eb450-ef24-4357-aa5e-e285cbbe7a28,error: Access denied to method rand.,"Crispy on the outside, tender on the inside, perfect for stir-fries or salads.",Home,"Digital Realty Trust, Inc.",4.99,,463,2026-02-10,
0602762d-8f32-4c6f-b387-9550d8410f3e,error: Access denied to method rand.,Eco-friendly charger that uses solar energy for powering devices.,Electronics,"Insperity, Inc.",29.99,272,464,2025-01-03,
eab9abc4-8157-4b04-a6f5-b3526af3f69f,error: Access denied to method rand.,Water-resistant activity tracker and smartwatch features.,Books,"Insmed, Inc.",79.99,225,465,2025-07-07,
1078a977-6625-4ed0-88b5-b90e75747bf9,error: Access denied to method rand.,Juicy and tender boneless chicken breasts.,,J & J Snack Foods Corp.,9.99,,466,2025-04-21,
ab0c2f2b-c272-48d7-a11b-14f804928203,error: Access denied to method rand.,A delicious chicken dish featuring honey and sesame flavors.,Books,Hilton Grand Vacations Inc.,8.99,,467,2026-05-19,
f9581467-67aa-4337-97c4-3b7ad54ced35,error: Access denied to method rand.,Crunchy corn chips flavored with chili and lime for a zesty kick.,Eletrônicos,Mackinac Financial Corporation,2.79,110,468,2026-07-20,
922729e4-a1a2-4c78-ba48-1e888577177d,error: Access denied to method rand.,A colorful printed maxi skirt for a bohemian look.,Home,Superconductor Technologies Inc.,39.99,,469,2025-09-15,
97bd44c2-b6da-4901-a4a5-6c882faee7ee,error: Access denied to method rand.,Savory quiche loaded with spinach and cheese.,clothing,Hormel Foods Corporation,5.49,,470,2026-12-28,
3400efe4-8ad6-413e-b3fe-13c31b1c163a,error: Access denied to method rand.,"Bright, vibrant sign to add flair to any space.",Unknown,ManpowerGroup,45.99,,471,2026-12-28,
f9b3e474-a6c7-4145-9ac9-bbeec75f78a6,error: Access denied to method rand.,Compact electric pot for hot pot dining at home.,BOOKS,Scudder Strategic Municiple Income Trust,49.99,,472,2025-02-07,
3dab653b-dbde-4d03-ba1e-a3b1ca92a088,error: Access denied to method rand.,"A delicious savory quinoa pudding, great as a side dish.",Electronics,"Agile Therapeutics, Inc.",2.99,,473,2026-08-12,2025-01-25
73baa115-a30a-492f-9f6f-bbbe73a58825,error: Access denied to method rand.,Handy dispenser for quick access to safety pins.,ELETRONICS,Kilroy Realty Corporation,5.99,241,474,2025-12-15,
a311f34c-aa97-4a05-b6b8-e86c1d5840fd,error: Access denied to method rand.,"Soft and comfortable robe, perfect for lounging at home.",clothing,Regency Centers Corporation,59.99,69,475,2026-04-30,
328e766f-aaff-4ea8-9aa7-40d4f189a9b3,error: Access denied to method rand.,Assorted collection of herbal teas for relaxation and wellness.,electronics,"Washington Trust Bancorp, Inc.",29.99,294,476,2025-09-01,2026-10-11
dd8493c8-e11d-4f64-ad90-43982930d89b,error: Access denied to method rand.,Complete kit for crafting your own scented soaps.,,"Bancorp 34, Inc.",34.99,,477,2025-12-18,
98aa32f9-fea9-415a-829c-7b1cf0aba51c,error: Access denied to method rand.,Convenient holder for drinks and phones while driving.,N/A,Francesca's Holdings Corporation,14.99,,478,2026-10-26,
2d72bcc6-7ad4-441e-a58f-a781a59d42be,error: Access denied to method rand.,Mint-flavored chocolate candies for a refreshing treat.,BOOKS,National Research Corporation,2.99,110,479,2025-05-21,
de64e436-97e1-42a0-a9aa-6b5723a51a81,error: Access denied to method rand.,Compact USB fan for personal cooling.,N/A,Hecla Mining Company,14.99,408,480,2026-04-28,
5a0f8ead-8749-4add-b5b1-7d2ebb78469d,error: Access denied to method rand.,Rich and tangy dressing perfect for salads.,ELETRONICS,Westinghouse Air Brake Technologies Corporation,2.69,88,481,2026-12-22,
efa74d73-d56a-467f-8910-6afff275f27c,error: Access denied to method rand.,"Sweet blackberry compote, perfect for topping desserts.",N/A,"Safe Bulkers, Inc",5.29,,482,2025-05-07,
56d2dc70-ef94-458b-b13d-073774d62c97,error: Access denied to method rand.,Mesh drying rack for preserving herbs and flowers.,books,Nuvectra Corporation,22.99,271,483,2025-08-20,
b1b0de2a-2899-4437-b743-a7207387542a,error: Access denied to method rand.,"Deliciously creamy spinach dip, perfect for parties.",electronics,PTC Inc.,5.99,-5,484,2026-06-07,
7480c163-1ddd-4f7f-8493-e5d8494cda58,error: Access denied to method rand.,Strong magnetic holder for smartphones in cars.,books,"PNM Resources, Inc. (Holding Co.)",14.99,147,485,2025-05-02,
1a63048b-838c-4ce7-bcd2-e3bfabe465b7,error: Access denied to method rand.,"Aromatic long-grain basmati rice, perfect for curries.",,Franklin Universal Trust,5.79,202,486,2026-04-11,2026-12-27
7e4313e4-345c-4a8d-aec6-1e21d863201e,error: Access denied to method rand.,"Creamy mashed sweet potatoes, ready to heat and serve.",Eletrônicos,Franklin Covey Company,3.99,,487,2025-08-12,
418133d1-2a13-498e-9527-ecd106249cde,error: Access denied to method rand.,"Creamy risotto made with mushrooms and herbs, perfect as a side dish or main course.",Eletrônicos,New Senior Investment Group Inc.,5.49,268,488,2025-04-14,
e4e848c9-19d5-4115-96a9-eb7396c3977a,error: Access denied to method rand.,"A blend of nuts, seeds, and spices for a healthy snack.",Clothing,Allstate Corporation (The),4.29,,489,2026-02-27,
e537be0a-a6d7-41b6-91e8-aa4546c47320,error: Access denied to method rand.,Creamy mashed sweet potatoes with a hint of cinnamon.,Electronics,Astrotech Corporation,3.99,467,490,2026-10-02,2026-04-24
7bdc15f9-e2cc-4b80-bf8b-4331c5d7012e,error: Access denied to method rand.,Refreshing coconut water packed with electrolytes for hydration.,HOME,Petroleo Brasileiro S.A.- Petrobras,2.79,,491,2025-07-19,
23e1a695-001e-4f64-a7ca-058c2fd5cf3c,error: Access denied to method rand.,Marinated beef strips in teriyaki sauce for easy grilling.,Home,News Corporation,7.49,144,492,2026-04-08,
32cadf99-b201-4e72-99b6-d1342899e1f9,error: Access denied to method rand.,Peel and stick wallpaper for easy home decor changes.,Electronics,Performant Financial Corporation,34.99,97,493,2026-05-31,2025-03-22
dcfc2d6f-7ce3-41e3-a6f5-8a560fe547fa,error: Access denied to method rand.,"Juicy peach slices in light syrup, in convenient cups.",Clothing,"Mattel, Inc.",1.99,412,494,2025-02-25,
b07d46ad-5b94-4c44-a17f-917ed8eaf070,error: Access denied to method rand.,Light and crunchy rice cakes made from organic brown rice.,Home,Public Storage,3.99,,495,2025-04-19,
96bf82cd-14d4-4485-9fd2-6e1b38556245,error: Access denied to method rand.,"Crispy sweet potato bites, delicious as a side or snack.",Unknown,"MercadoLibre, Inc.",4.29,,496,2025-11-28,
6e4a31ca-d13f-4a8e-9076-c531e6208b37,error: Access denied to method rand.,Compact blender for quick smoothies and shakes.,ELETRONICS,"Avangrid, Inc.",39.99,469,497,2026-09-12,
ec563cf2-3a51-4967-91c2-53178a34aa9f,error: Access denied to method rand.,Make delicious ice cream at home with this user-friendly machine.,,"BSB Bancorp, Inc.",59.99,,498,2025-11-30,
f130611b-a1ce-4227-81f5-f58634570781,error: Access denied to method rand.,Classic cereal made with whole grains and honey.,Books,"United Bancshares, Inc.",4.29,285,499,2026-01-02,
9a42633b-56ab-4337-8754-3a5c13d6a44d,error: Access denied to method rand.,Stainless steel travel mug that keeps drinks hot or cold.,books,WSFS Financial Corporation,24.99,369,500,2026-04-30,
4e292fac-6ed7-45eb-acb4-4b5a11631129,error: Access denied to method rand.,Light and crunchy rice cakes made from organic brown rice.,Home,Proshares UltraPro Nasdaq Biotechnology,3.99,163,501,2026-07-10,2026-09-16
f9379385-0ae3-464d-b8f0-5814eab80d3e,error: Access denied to method rand.,Healthy frozen acai bowl with toppings.,electronics,Radian Group Inc.,6.49,-5,502,2026-03-25,
985aa3f0-7298-4fb6-bd3d-dff0863156e8,error: Access denied to method rand.,Compact hair dryer with multiple heat settings.,Home,Kemet Corporation,39.99,,503,2026-09-21,
6153bc68-d99a-40ad-811b-1b9678725e7e,error: Access denied to method rand.,Soft bagels flavored with cinnamon and raisins.,Books,DarioHealth Corp.,4.19,,504,2025-07-21,
4d06f0e8-83ec-4188-bc7e-1d34337ccca3,error: Access denied to method rand.,Delicious plant-based burger made with organic black beans and spices.,Unknown,Mattersight Corporation,4.49,458,505,2026-06-06,
127eea4e-a0d4-42b3-be1d-7b6d5bec7194,error: Access denied to method rand.,A tailored slim fit shirt for a polished look at work.,Electronics,"ConnectOne Bancorp, Inc.",49.99,,506,2025-12-24,
ae01d599-e669-43bf-946b-589c236de368,error: Access denied to method rand.,"Ready-to-eat beet salad with dressing, great side dish.",Home,"ARC Group Worldwide, Inc.",3.99,113,507,2026-04-01,
d1c21a1d-d6d6-4acf-905d-92c18c7d56e1,error: Access denied to method rand.,Energy-efficient window air conditioner for cooling.,HOME,Morgan Stanley,299.99,,508,2026-10-26,
f8269cc3-b0ec-4b7a-b4f5-c413f106754c,error: Access denied to method rand.,Marinated chicken thighs with smoked paprika for a smoky flavor.,BOOKS,Gabelli Dividend,6.99,199,509,2025-08-23,
df70a050-558f-46f1-8b27-a472cdb7bdc7,error: Access denied to method rand.,A timeless wardrobe staple crafted from soft cotton with a perfect fit.,Eletronics,"DHI Group, Inc.",19.99,262,510,2025-11-28,
523d8f18-0e00-4110-b086-4deb1d4cdec1,error: Access denied to method rand.,HEPA air purifier for clean indoor air.,N/A,Yahoo! Inc.,129.99,,511,2025-05-18,2025-01-19
d1f3b901-2a78-44a0-933b-a3d8412869f7,error: Access denied to method rand.,Essential ingredient for baking fluffy cakes and pastries.,ELETRONICS,The Medicines Company,1.79,,512,2026-09-21,2025-12-28
aa1d0184-d8a6-4cee-b835-ecf1fb520390,error: Access denied to method rand.,Practical cargo pants with lots of pockets for functionality.,clothing,Nucor Corporation,54.99,344,513,2026-10-25,
a5194a5b-be06-4b67-bdaf-48361ddb2434,error: Access denied to method rand.,Portable battery pack to charge laptops while on the move.,HOME,United Technologies Corporation,49.99,-5,514,2025-03-06,
d985203b-40a5-409b-876e-e0371df4bae5,error: Access denied to method rand.,Crunchy pretzel sticks made with honey and whole wheat.,Electronics,Boyd Gaming Corporation,3.49,,515,2026-10-06,
48a7c083-ac5c-4df9-958b-0d73631774c9,error: Access denied to method rand.,Classic chino shorts in a versatile color for summer adventures.,Electronics,First Trust RiverFront Dynamic Developed International ETF,34.99,-5,516,2026-03-30,
d9de25f2-311f-404a-a37e-decfd44459ab,error: Access denied to method rand.,Clip-on guitar tuner with LCD display.,Books,"Organovo Holdings, Inc.",19.99,,517,2026-02-07,
25eaa58a-4996-45cf-8ea3-d6518d6d1913,error: Access denied to method rand.,Reusable tote bags for shopping and eco-friendly living.,Home,Perrigo Company,29.99,,518,2026-08-24,
ce104f6c-04c6-457a-9987-430440491672,error: Access denied to method rand.,Multi-functional grater for cheese and vegetables.,electronics,Wipro Limited,14.99,485,519,2026-02-26,
48b65b6a-df51-4978-bfdd-1c401f9a3944,error: Access denied to method rand.,Use this foam roller for effective post-workout recovery.,BOOKS,Delta Technology Holdings Limited,29.99,,520,2026-08-16,
58aa522e-43db-434b-9106-4044c21a3d31,error: Access denied to method rand.,Color-changing 3D night light for kids' rooms.,HOME,"Alteryx, Inc.",19.99,-5,521,2026-06-02,
81cd64f7-3cf5-41a7-be89-896cb92ab5ba,error: Access denied to method rand.,Durable 50-foot garden hose with nozzle.,BOOKS,Atlantic Coast Financial Corporation,32.99,410,522,2026-06-23,
2e1a6b3b-a42f-43e8-93c7-267f876593c7,error: Access denied to method rand.,"Crunchy granola bars made with almond butter, oats, and honey, perfect for on-the-go snacking.",,Pimco California Municipal Income Fund II,4.99,393,523,2025-12-09,
91f05715-6999-4a8c-8ec1-3de878c69abc,error: Access denied to method rand.,Eco-friendly generator for outdoor adventures.,Eletronics,Macro Bank Inc.,399.99,103,524,2025-01-27,2025-03-03
3b5f2a8d-0ff2-47fb-9aa8-a7d78fb88047,error: Access denied to method rand.,Activity workbook for early learning and fun.,HOME,Swift Transportation Company,12.99,,525,2026-10-22,
921164f1-ce8b-4756-b565-d330c8f49db4,error: Access denied to method rand.,Light and crunchy rice cakes with a variety of flavors.,ELETRONICS,"Citizens Financial Group, Inc.",2.49,70,526,2025-10-14,2025-06-26
4d3bbad7-4a6e-4a71-81b6-87c5e6dfc78b,error: Access denied to method rand.,"Savory sausage with a blend of spices, perfect for pasta dishes.",Clothing,Zoetis Inc.,4.99,206,527,2025-07-05,
9bb3b810-03d3-44cd-b84d-867efe687d02,error: Access denied to method rand.,"Canned beans with chili sauce, perfect for chili dishes.",Clothing,Frontline Ltd.,1.69,,528,2025-01-16,
ae23e29c-b426-444a-8865-007fb381bc2c,error: Access denied to method rand.,High-intensity flashlight with adjustable focus and brightness.,Eletronics,PowerShares FTSE RAFI US 1500 Small-Mid Portfolio,19.99,148,529,2025-10-11,
561d48f5-9b17-4612-8adc-f27542d477ad,error: Access denied to method rand.,Passive noise reduction headphones for focus.,HOME,"Howard Bancorp, Inc.",39.99,429,530,2026-09-13,
e56eb7c7-8ddc-46d7-a341-472850c147d3,error: Access denied to method rand.,Creamy ice cream with refreshing mint flavor and chocolate chips.,N/A,"Avnet, Inc.",4.99,45,531,2026-08-03,
cd6f93db-0b1d-4709-8b26-7663b659d579,error: Access denied to method rand.,"Crispy tortilla chips, perfect for dipping.",,Heska Corporation,2.99,127,532,2026-06-09,
eea009f5-d174-4a37-bad4-429bd9e25651,error: Access denied to method rand.,Convenient belt with pockets for easy access to tools while gardening.,clothing,Assured Guaranty Ltd.,22.99,96,533,2026-11-26,
bdc00929-4354-4d3d-96e3-35ee3e458b99,error: Access denied to method rand.,A tangy sauce that combines lemon zest and basil for a refreshing flavor.,electronics,"Spark Therapeutics, Inc.",4.99,481,534,2025-11-17,
1c207034-180e-4d83-97d5-3908983b5ef5,error: Access denied to method rand.,Easy-to-set-up picnic table for outdoor dining.,Electronics,RAIT Financial Trust,69.99,224,535,2025-04-30,
396aa4e1-7a2e-4f4a-ae32-0c3bc9e7d1bf,error: Access denied to method rand.,Connect your phone to the car's audio system via Bluetooth.,Books,Morgan Stanley,24.99,313,536,2026-03-17,
8b8fdf70-bd7f-4fe4-b955-8f769b195bfd,error: Access denied to method rand.,Eco-friendly meal prep containers for healthy eating.,electronics,The Kraft Heinz Company,18.99,,537,2025-08-21,
225b2b44-7f68-4ef7-83cb-fc28cc5cbddb,error: Access denied to method rand.,Sanitary holder that ensures your toothbrush stays clean.,ELETRONICS,Exa Corporation,14.99,245,538,2026-04-16,
09884ebc-ff20-4793-8759-e652475aad3b,error: Access denied to method rand.,A flavorful rice side dish seasoned with herbs and spices.,Clothing,Western Asset/Claymore U.S Treasury Inflation Prot Secs Fd 2,2.99,206,539,2025-08-31,
523b996f-8465-4e38-933c-209c24950ffb,error: Access denied to method rand.,Adjustable tripod with remote shutter for smartphones.,Home,"Ultra Clean Holdings, Inc.",29.99,235,540,2025-01-06,
9dd1d97a-00b1-443c-9d23-0589b52e8df5,error: Access denied to method rand.,Blender designed for smoothies and shakes on the go.,Eletronics,"Inspired Entertainment, Inc.",34.99,228,541,2025-05-06,
14bc6ba1-2152-4112-8e4e-bea523ba24a7,error: Access denied to method rand.,Easy-to-install lights to brighten kitchen cabinets and workspaces.,Clothing,"Ventas, Inc.",29.99,310,542,2025-07-27,
11ce7ae1-d86a-4dc1-a09f-6fc05a71a2d4,error: Access denied to method rand.,Color-changing 3D night light for kids' rooms.,Eletronics,Echelon Corporation,19.99,457,543,2026-09-14,2026-08-31
f5a70e3b-9bb2-47f0-b6a9-16b41e3138a5,error: Access denied to method rand.,Relax and soothe tired feet with this foot spa.,Home,OFG Bancorp,59.99,158,544,2025-11-21,
9ff63440-5dfb-4691-abc4-9d7a9c5101fa,error: Access denied to method rand.,True wireless earbuds with excellent sound quality.,Books,"Entergy Arkansas, Inc.",59.99,,545,2026-12-23,
066d79f6-0e96-4116-ba07-741f38cad82a,error: Access denied to method rand.,High-intensity flashlight with adjustable focus and brightness.,HOME,"Taylor Devices, Inc.",19.99,90,546,2026-10-16,
f5f8c451-5217-4d97-9dcc-a4213a53025f,error: Access denied to method rand.,Quick and easy fried rice mixed with vegetables and soy sauce.,Eletronics,Erie Indemnity Company,4.99,,547,2026-03-01,2026-01-30
b92cadc6-1f61-4e4a-9114-ca5c2fc08676,error: Access denied to method rand.,"Crunchy pretzels coated in rich chocolate, a sweet treat.",Electronics,PolyOne Corporation,3.29,279,548,2025-09-29,
d6b5cb2e-be6c-4702-86c9-34731baf4446,error: Access denied to method rand.,"Bartender kit with shaker, jigger, and strainer.",,Apollo Commercial Real Estate Finance,29.99,,549,2025-12-14,
c9c51721-04b4-49e6-a122-66571a5a7416,error: Access denied to method rand.,Crunchy granola made with organic oats,HOME,Deltic Timber Corporation,5.99,102,550,2025-07-05,
c93f0a08-5dbb-40df-bf3c-9e468529dc10,error: Access denied to method rand.,Lightweight bike helmet with adjustable fit.,ELETRONICS,"Gray Television, Inc.",34.99,222,551,2026-02-01,
aa46e277-576c-4877-b29a-292f51079a04,error: Access denied to method rand.,Hard-shell case for protecting sunglasses.,HOME,Tesoro Corporation,15.99,223,552,2025-05-29,2026-11-09
78719247-d8a3-43e1-bb46-0e269ebeb05f,error: Access denied to method rand.,Fresh greens and veggies for a quick Asian-inspired salad.,books,"National Grid Transco, PLC",3.99,,553,2026-02-26,
30899dcb-14de-4de0-b1de-294917bc663a,error: Access denied to method rand.,A comforting soup filled with chicken and noodles in broth.,Unknown,Calamos Dynamic Convertible & Income Fund,3.49,,554,2026-10-24,2026-09-02
e1146eaf-ccc4-476a-9277-c0959b405f9f,error: Access denied to method rand.,Easy-to-make pancake mix with chocolate chips included.,HOME,Capstead Mortgage Corporation,3.99,79,555,2025-03-14,
922118f7-5b7c-445c-8332-2537d427986a,error: Access denied to method rand.,"Savory sausage with a blend of spices, perfect for pasta dishes.",clothing,"Penns Woods Bancorp, Inc.",4.99,186,556,2026-09-18,
f076c1ca-00df-40d9-829d-4617bcadb7ba,error: Access denied to method rand.,Zesty seasoning great for tacos and grilling.,Clothing,First Internet Bancorp,2.99,,557,2026-06-30,
bfeca9e4-90cb-4f6c-aee0-0c63e8cc7224,error: Access denied to method rand.,Compact wireless printer for home use.,ELETRONICS,"Alon USA Energy, Inc.",99.99,260,558,2026-10-12,
93b2c181-06bc-4ab8-bd8b-bda879b83ecc,error: Access denied to method rand.,Crisp and delicious organic apples.,BOOKS,"Exelixis, Inc.",1.89,387,559,2026-08-17,
0b01d572-6677-4827-b1ec-b66cb5a27996,error: Access denied to method rand.,Dairy-free cheese alternative for your favorite dishes.,,Ciena Corporation,4.99,85,560,2025-04-15,
900d3ead-1ae1-452d-b8fb-fa5349c213b5,error: Access denied to method rand.,Frozen smoothie blend with berries for a quick and healthy breakfast.,Home,"Spirit Aerosystems Holdings, Inc.",3.99,,561,2025-01-23,
8e6ba0f8-3349-4bca-94a4-dd91671e1bcf,error: Access denied to method rand.,"Shredded potatoes, perfect for breakfasts.",Home,MFS Municipal Income Trust,2.99,92,562,2025-06-07,
4677350d-c8ed-483d-9d15-65c0d59d223c,error: Access denied to method rand.,Silicone tray for making ice cubes with a lid to prevent spills.,Electronics,PowerShares KBW Regional Banking Portfolio,10.99,,563,2026-07-07,
02a5e30e-05d4-4430-b666-984a8ef8b1e8,error: Access denied to method rand.,"Versatile canned black beans, ready to add to any dish.",clothing,"Home Depot, Inc. (The)",1.29,,564,2026-03-31,
0e15cb39-cec0-4488-9151-86461ab68319,error: Access denied to method rand.,Unsweetened frozen acai purée for smoothies and bowls.,N/A,Exelon Corporation,6.99,,565,2025-07-14,
60eda16d-ab0e-46bb-878e-98c14cd82cc9,error: Access denied to method rand.,A smoky blend of spices for grilling and roasting.,electronics,SunPower Corporation,2.49,,566,2026-01-29,
c5a80ad3-8a50-41b9-8e8b-6dd1b917e5a2,error: Access denied to method rand.,Eco-friendly charger that uses solar energy for powering devices.,BOOKS,"Connecticut Water Service, Inc.",29.99,,567,2025-07-13,
f1b28633-43d1-4785-8fa9-145bd750a770,error: Access denied to method rand.,Bottle that tracks your water intake and reminds you to drink.,Unknown,Rosetta Genomics Ltd.,39.99,308,568,2026-03-25,
478f7b30-774b-4f25-869c-6efde45d87e0,error: Access denied to method rand.,Complete karaoke system with microphones and speakers.,,Celsion Corporation,129.99,169,569,2026-09-20,
ccd6c184-a816-4b63-a461-dc05159e6c8b,error: Access denied to method rand.,Beginner-friendly acoustic guitar with natural finish.,clothing,Exterran Corporation,199.99,103,570,2025-06-10,
66a02546-912f-4786-a125-be9a3c8be2bc,error: Access denied to method rand.,Delicious waffles infused with pumpkin and spices.,Electronics,Mazor Robotics Ltd.,4.49,470,571,2026-05-09,
86502d5d-17b4-4451-b671-578b72140db9,error: Access denied to method rand.,Bold graphic hoodie featuring a comfortable fit and soft fabric.,Eletronics,Liberty All-Star Equity Fund,49.99,111,572,2026-06-02,
0c7f7c3a-b1b9-4765-bfc1-e69d47c37480,error: Access denied to method rand.,Set of magnetic jars for convenient spice organization.,clothing,"McDermott International, Inc.",24.99,406,573,2026-05-19,
f0573617-644c-4ee1-bee0-ed47169b8513,error: Access denied to method rand.,"Sweet bread with cinnamon and raisins, great for breakfast or snacks.",HOME,Tellurian Inc.,3.79,,574,2025-04-16,
8f7b000b-2396-42c1-8eba-bdbc5d22eff2,error: Access denied to method rand.,Microwaveable heating pad for muscle pain relief and relaxation.,electronics,China TechFaith Wireless Communication Technology Limited,20.99,247,575,2026-01-10,
8be85a15-a75f-4932-b7ae-c13c30830af4,error: Access denied to method rand.,Elevated planter box for growing herbs or small plants easily.,Eletrônicos,Gladstone Land Corporation,49.99,104,576,2025-06-19,
acf6acf5-1464-4fbf-a29c-d5b76db4d4de,error: Access denied to method rand.,Safe and fun trampoline for children.,Eletronics,Frontline Ltd.,139.99,326,577,2025-10-11,
24308cf9-1798-4fea-9e51-81834588abde,error: Access denied to method rand.,"Frozen chicken bites coated in a honey sriracha glaze, spicy and sweet.",Eletronics,Kimco Realty Corporation,7.99,-5,578,2025-01-02,
201e1971-e3e7-4653-a707-df45b330237e,error: Access denied to method rand.,Convertible kneeler and seat for gardening comfort.,books,First Trust Nasdaq Retail ETF,39.99,274,579,2026-11-01,2026-04-24
aab25e6a-b5ac-4732-8eb9-85521ea58e7a,error: Access denied to method rand.,"No-bake energy balls made with oats, chocolate chips, and honey.",Eletrônicos,Janus Henderson Small Cap Growth Alpha ETF,3.99,245,580,2026-03-12,
1cfa81be-26e3-465a-9d43-2dec5f6b1a5a,error: Access denied to method rand.,1080p HD video camera with night vision.,,"Trevena, Inc.",199,172,581,2026-05-10,
65f65f7e-c613-4bf4-a1ea-7dca84594217,error: Access denied to method rand.,"A creamy spread made with chocolate and hazelnuts, perfect for toast.",books,Nuveen North Carolina Quality Municipal Income Fd,5.99,93,582,2026-01-09,
3848bea1-1916-4b9e-ba74-57365dd88e17,error: Access denied to method rand.,"Farm fresh eggs, essential for breakfast.",electronics,"THL Credit, Inc.",2.99,,583,2026-12-05,
25a143af-b720-4732-8374-431f91775bf1,error: Access denied to method rand.,"Chickpeas served with olives, feta, and hummus, a healthy meal.",Eletrônicos,"BlackRock, Inc.",6.49,,584,2026-05-18,
b47c3198-ce1d-4f65-a4df-0cd59650f698,error: Access denied to method rand.,Personal massager for muscle recovery.,ELETRONICS,"NL Industries, Inc.",79.99,125,585,2026-03-25,2026-01-05
098824a6-c1ab-491e-89fc-99022bde77b5,error: Access denied to method rand.,Comfortable harness designed to keep pets safe in the car.,Clothing,Medallion Financial Corp.,24.99,,586,2025-03-29,
298d04be-4e59-45d6-96fc-a97a3d88c29a,error: Access denied to method rand.,"Creamy and rich vanilla ice cream, a classic dessert.",,Career Education Corporation,4.99,223,587,2025-04-15,
35b71b39-3715-4191-b82d-0cc25f355ca5,error: Access denied to method rand.,"Sweet and juicy strawberries, perfect for desserts.",Home,"Welbilt, Inc.",3.99,,588,2025-04-26,
c3859d99-4f5c-43b2-bbae-39b5c26abf61,error: Access denied to method rand.,"Tender and juicy pork chops, perfect on the grill.",Eletrônicos,"Ashford Hospitality Prime, Inc.",9.49,,589,2026-01-25,
42fdcb50-8bd2-478c-81f4-2049e044c455,error: Access denied to method rand.,Stylish ankle strap heels for a classy look at any event.,clothing,Caesarstone Ltd.,69.99,,590,2026-09-23,
1f4a076d-2ae3-4cd7-bfd3-246154d65f76,error: Access denied to method rand.,A blend of spices that brings the taste of fall to your baked goods.,N/A,TPG Pace Energy Holdings Corp.,2.99,,591,2025-09-17,2026-09-10
a92db5a5-40bf-4e61-9ba7-2af1d113f723,error: Access denied to method rand.,"Rich and tangy balsamic vinegar, perfect for dressings.",HOME,"GTY Technology Holdings, Inc.",4.99,,592,2025-01-05,2026-11-03
9430f17d-af18-4130-8bd4-4b8be3266a6e,error: Access denied to method rand.,A creamy and flavorful hummus made with roasted red peppers.,Electronics,"Tenax Therapeutics, Inc.",3.49,362,593,2025-06-20,
5d0a8589-3c48-4d8d-a133-28b3a34e0695,error: Access denied to method rand.,Countertop dishwasher for small kitchens.,Eletrônicos,Wells Fargo & Company,299.99,10,594,2025-08-23,
5bb1bb67-befe-40f3-a411-3a40d8e45fa4,error: Access denied to method rand.,"Versatile holder that can be used on desks, cars, and more.",ELETRONICS,Silver Run Acquisition Corporation II,12.99,198,595,2026-04-16,
d8b54ce7-904f-4cd8-8eb6-60f1c97a1267,error: Access denied to method rand.,Elegant glass decanter for aerating wine.,Eletrônicos,Rayonier Inc.,34.99,301,596,2026-09-04,
3b23e9b3-0604-440a-aa32-342edeecd2fa,error: Access denied to method rand.,"Ready-to-eat avocado slices, perfect for tacos.",Eletronics,BioLineRx Ltd.,2.79,,597,2026-03-16,
9eb37d01-b581-42eb-b974-cffe6a487487,error: Access denied to method rand.,Healthy energy bites made with oats and natural sweeteners.,clothing,"Franklin Electric Co., Inc.",3.99,399,598,2026-12-19,2026-05-28
8ba4b0b9-ad6b-4dcd-baac-9b8e49d2e132,error: Access denied to method rand.,Soft bagels flavored with cinnamon and raisins.,Unknown,"Innophos Holdings, Inc.",4.19,348,599,2026-06-09,
4153effe-804d-4801-87ca-fe74ebcaf4dc,error: Access denied to method rand.,"Delicious turkey bacon, a healthier alternative.",clothing,CSRA Inc.,3.99,,600,2025-11-09,
3cacc7a0-ce75-489f-b9dc-34d5233799b3,error: Access denied to method rand.,"A rich marinade perfect for meats and vegetables, infused with Italian herbs and balsamic vinegar.",Clothing,"Insight Enterprises, Inc.",3.99,292,601,2025-09-08,
e1205fb1-dba1-4323-bf45-c05c4838cba8,error: Access denied to method rand.,Reusable microfiber cloths for environmentally friendly cleaning.,,Terreno Realty Corporation,12.99,,602,2026-12-17,
61cb5163-9662-4401-ac4a-5c9a0d0cce36,error: Access denied to method rand.,Keep bugs out while allowing fresh air in during summer.,Home,New Media Investment Group Inc.,24.99,151,603,2026-12-14,
f0d11b19-b2cb-473d-b89c-b39cc271ae53,error: Access denied to method rand.,Creamy mashed potatoes infused with roasted garlic flavor.,Unknown,"Reinsurance Group of America, Incorporated",3.99,,604,2025-12-02,
4ac5141d-a377-4dfc-aad9-396916039fe0,error: Access denied to method rand.,Rich and creamy chocolate fudge ice cream for dessert.,Unknown,NXT-ID Inc.,5.99,276,605,2025-08-06,
dbe869bc-fec3-4496-b128-79c9ca786dd1,error: Access denied to method rand.,Adjustable lamp with multiple brightness levels and colors.,Eletrônicos,"Appliance Recycling Centers of America, Inc.",39.99,199,606,2026-04-26,
78377c0c-b3f7-49b5-b498-7c109c7cb641,error: Access denied to method rand.,"Creamy chickpea dip, perfect for veggies or pita.",,Silver Standard Resources Inc.,4.29,458,607,2025-09-08,
b6af2461-836c-45ee-9902-abfe262d3080,error: Access denied to method rand.,Comfortable hiking boots for outdoor adventures.,clothing,Franklin Covey Company,79.99,68,608,2025-03-05,
cbd706b1-f7c4-45b3-b319-f7683f3f50e9,error: Access denied to method rand.,A sweet and spicy sauce for dipping or cooking.,Home,"Minerva Neurosciences, Inc",3.29,160,609,2026-08-09,
46b54683-c458-45f7-9f5f-ce30d6dd3653,error: Access denied to method rand.,"Crunchy chips made from blue corn, perfect for dipping.",Unknown,"Flotek Industries, Inc.",3.49,,610,2025-07-26,
af465cf2-28b1-4676-9702-b6cfd1ce5116,error: Access denied to method rand.,Manual pasta maker for creating fresh pasta at home.,Books,Gabelli Utility Trust (The),59.99,94,611,2025-02-14,
05343141-28e6-43bf-b545-a9ca085e3b3a,error: Access denied to method rand.,"A mix of fresh vegetables with a savory stir-fry sauce, ready to cook.",books,Blackrock Municipal 2018 Term Trust,6.99,301,612,2026-05-22,
c86aae77-820e-4ae7-9ee6-e792b10ceee7,error: Access denied to method rand.,Essential ingredient for baking fluffy cakes and pastries.,electronics,"Goldman Sachs Group, Inc. (The)",1.79,10,613,2026-12-13,
e9fab42e-255e-4e33-8a62-cb24850d2729,error: Access denied to method rand.,"Compact towels that expand when wet, ideal for travel.",Electronics,"BofI Holding, Inc.",12.99,,614,2026-04-09,
8184201e-dd59-4423-b723-a98d8196e728,error: Access denied to method rand.,Savory sausage links seasoned with Italian spices.,Home,Realogy Holdings Corp.,5.99,472,615,2026-12-16,
c9e786ba-04c8-46f4-a2da-7bdedf34748b,error: Access denied to method rand.,"Crunchy granola clusters, perfect for snacking or topping yogurt.",Clothing,Harmony Gold Mining Company Limited,4.99,312,616,2025-06-21,
805f00b0-3a4a-489b-a099-c3d1a31d91f3,error: Access denied to method rand.,"Creamy ranch dressing, perfect for salads and dips.",Eletronics,"Viveve Medical, Inc.",2.59,,617,2025-01-01,
e629bab8-eda6-41ca-8ebe-d404ac51f205,error: Access denied to method rand.,Bottle that tracks your water intake and reminds you to drink.,HOME,Fortuna Silver Mines Inc.,39.99,,618,2026-11-25,
e77229a9-dc17-4683-b6bd-f597cb42580b,error: Access denied to method rand.,Delicious mini donuts dusted with cinnamon sugar.,,Garmin Ltd.,4.99,352,619,2025-05-11,
9b503d91-c88f-4ac5-ba13-ec6a036d61b2,error: Access denied to method rand.,Adjustable LED desk light with brightness settings.,,"US Ecology, Inc.",34.99,,620,2025-10-26,2026-12-04
5871676f-a60d-408c-88f6-3cf168700268,error: Access denied to method rand.,Compact coffee grinder for fresh ground coffee beans.,N/A,"U.S. Physical Therapy, Inc.",22.99,,621,2026-06-25,
6cdb488c-3747-4923-b24d-58066841fec1,error: Access denied to method rand.,Vertical shoe rack for saving closet space.,BOOKS,"Flowers Foods, Inc.",39.99,160,622,2026-05-19,
97c984d1-937a-4a66-9aa6-e113bad15a7d,error: Access denied to method rand.,"Crunchy granola bars made with almond butter, oats, and honey, perfect for on-the-go snacking.",N/A,"Reinsurance Group of America, Incorporated",4.99,-5,623,2025-07-28,2025-09-18
454afa9e-b35f-4c8c-ad58-d409b13d3012,error: Access denied to method rand.,Adjustable window blinds for privacy and light control.,N/A,Capitala Finance Corp.,59.99,,624,2026-12-18,
43015493-0506-422f-a805-092a579461e8,error: Access denied to method rand.,Collapsible dish rack for kitchen countertop use.,Electronics,"L Brands, Inc.",24.99,,625,2025-10-31,2025-12-07
2dbb9d03-f61f-4d63-b66f-95e18c1eea00,error: Access denied to method rand.,"Gluten-free almond flour, perfect for baking.",Home,"OncoMed Pharmaceuticals, Inc.",5.99,427,626,2026-04-25,
a4ea9f0d-fe4a-4a86-9729-3b80e7d6a231,error: Access denied to method rand.,Floating bookshelf to display your favorite books.,Eletrônicos,"Taylor Devices, Inc.",39.99,-5,627,2025-12-30,
6d3edf44-54b4-41fd-82f8-f608b0261950,error: Access denied to method rand.,Insulated water bottle for keeping drinks cold.,Home,CPFL Energia S.A.,18.99,-5,628,2025-06-20,
bde47c84-897b-4fe7-b2b2-12ddceab0062,error: Access denied to method rand.,High-quality olive oil infused with fresh lemon zest.,Home,ImmuCell Corporation,8.99,119,629,2026-09-02,
f3063455-a45d-4993-a01b-2f2ed11068e0,error: Access denied to method rand.,"Stylish two-tone windbreaker, perfect for active days.",HOME,VictoryShares US Large Cap High Div Volatility Wtd ETF,59.99,206,630,2026-12-28,
f92cdbd6-5fa0-4d04-bb69-8e5fc8116240,error: Access denied to method rand.,"Crunchy and sweet banana chips, a great on-the-go snack.",ELETRONICS,Nordson Corporation,1.99,-5,631,2026-09-30,
924b1b25-7850-4d25-85da-b1c74225bd6e,error: Access denied to method rand.,Comfortable headset with surround sound for immersive gaming.,,"Cadence Design Systems, Inc.",89.99,368,632,2026-06-20,
795ad2a6-7357-437d-b51b-dbb92683be22,error: Access denied to method rand.,Borosilicate glass water bottle with silicone sleeve.,BOOKS,Royal Dutch Shell PLC,25.99,,633,2025-09-01,
a1704ffe-e9d9-4f19-9dff-94eca5cd1de0,error: Access denied to method rand.,Durable and soft frisbee designed for dogs to play with.,Unknown,"Cartesian, Inc.",10.99,474,634,2025-02-03,
9250d6e1-e82c-4a82-a58b-7c399fb6ff32,error: Access denied to method rand.,Control your lights remotely with a smartphone app.,Home,Cooper Tire & Rubber Company,24.99,,635,2026-09-16,
8a65fdad-df72-4c64-893d-5b01a48dc040,error: Access denied to method rand.,"Fresh thyme, perfect for seasoning dishes.",Unknown,Houghton Mifflin Harcourt Company,2.49,,636,2026-11-13,2026-04-19
eefd9774-f400-4886-b4ae-7eb456c7b00c,error: Access denied to method rand.,Everything you need to make your own scented candles at home.,Eletrônicos,Gabelli Utility Trust (The),34.99,439,637,2026-04-25,
0ebe316a-0d6b-4989-890f-7315d95f690a,error: Access denied to method rand.,Everything you need to bake delicious chocolate chip cookies.,Books,Fabrinet,2.49,,638,2025-10-20,
70748a0a-0afe-4188-89a4-663d162b96d0,error: Access denied to method rand.,Premium potting soil for indoor plants.,N/A,Bioverativ Inc.,15.99,89,639,2026-02-02,
b3785777-c963-4768-bd12-2550be67b19e,error: Access denied to method rand.,"Fresh thyme, perfect for seasoning dishes.",,Bristol-Myers Squibb Company,2.49,38,640,2025-10-30,
1c69504d-fa75-42ef-8bbd-d6408ad1f7bd,error: Access denied to method rand.,Stylish scarves to accessorize any outfit.,,Ellington Financial LLC,24.99,414,641,2025-02-02,
e33be39a-33d0-48a1-b572-da460f9844bd,error: Access denied to method rand.,"Crispy sweet potato fries, a delicious side dish.",BOOKS,Laboratory Corporation of America Holdings,3.99,,642,2025-06-12,
6bf0d4ae-1d7d-46b2-828d-bfd81d2f7d49,error: Access denied to method rand.,Stay hydrated with refreshing flavored water.,Clothing,Eagle Point Credit Company Inc.,18.99,207,643,2026-04-08,
6c1fa05d-82b6-4d62-b29e-58eb39817978,error: Access denied to method rand.,"Multi-function pressure cooker that can sauté, steam, and slow cook.",Home,"CSG Systems International, Inc.",89.99,124,644,2025-01-08,
506573db-1805-4094-a9f7-c21e0be1e411,error: Access denied to method rand.,Compact ice maker for creating ice at home or in offices.,Unknown,BalckRock Taxable Municipal Bond Trust,199.99,112,645,2026-11-13,2025-03-04
5d30ddc4-5de4-448d-a641-1e228ec7742e,error: Access denied to method rand.,Charcoal kettle grill perfect for backyard barbecues.,Clothing,SodaStream International Ltd.,99.99,495,646,2026-07-27,
88730881-6d78-4ebb-bf5d-bcabb01a1b65,error: Access denied to method rand.,Creamy dessert made with rice and cinnamon.,Books,The Charles Schwab Corporation,2.29,343,647,2026-11-04,
a1d27ea4-d44e-4967-8c97-1dd4693d2404,error: Access denied to method rand.,Comfortable over-ear headphones with deep bass.,Eletrônicos,PICO Holdings Inc.,59.99,304,648,2026-06-01,
a5ea4dca-0bc4-46cd-97c7-875b0ecaa39a,error: Access denied to method rand.,Storage organizer for art supplies and tools.,HOME,Kopin Corporation,18.99,,649,2025-08-26,
eb4f1dbd-da6c-4289-8096-0894c6c98d72,error: Access denied to method rand.,"Spicy sauce made with chili peppers and garlic, great for stir-frying.",electronics,ACADIA Pharmaceuticals Inc.,2.49,,650,2025-05-06,
cf0bb09f-0341-4503-b724-6d834286f8b0,error: Access denied to method rand.,A comfortable sweatshirt featuring a bold graphic print.,Eletrônicos,Panhandle Royalty Company,34.99,57,651,2025-09-01,
aa6713f6-0db3-475f-9902-bfa4c85ac8e7,error: Access denied to method rand.,"Chopped and frozen spinach, ideal for cooking and smoothies.",Unknown,"Associated Capital Group, Inc.",1.99,221,652,2026-12-11,
1a6fe98d-5df1-4431-98f8-973e87853903,error: Access denied to method rand.,Add a smoky flavor to your dishes.,electronics,First Trust Mega Cap AlphaDEX Fund,2.99,443,653,2025-12-31,
8488ed20-39fb-4407-bfc8-f90d91550cb4,error: Access denied to method rand.,Instant mix for delicious pumpkin spice lattes at home.,Eletrônicos,"MFA Financial, Inc.",3.29,17,654,2025-12-07,
6e3d5087-e19d-4b88-ab8e-33cc8ebd87c7,error: Access denied to method rand.,Wi-Fi enabled doorbell with HD camera and two-way audio.,N/A,Equity Residential,119.99,,655,2025-08-09,
02ab64dc-1e93-4ef8-af69-0d5227b3c39f,error: Access denied to method rand.,"Fudgy brownie bites, perfect for sharing or snacking.",books,Karyopharm Therapeutics Inc.,4.99,183,656,2026-01-21,
3e844551-2fbf-4cbe-b7b8-6bb3fbe67e58,error: Access denied to method rand.,Insulated pitcher to keep beverages cold or hot.,ELETRONICS,Owens Corning Inc,39.99,,657,2025-06-03,
fd56448c-f5bd-41ca-997c-7d0bb49414fd,error: Access denied to method rand.,"Juicy meatballs made with a blend of beef and pork, seasoned with Italian herbs.",,Banco Bradesco Sa,8.49,21,658,2025-02-26,
5ca509e8-e0e1-4ab5-af90-8c1c8075b4fe,error: Access denied to method rand.,Instant pressure cooker with multiple cooking settings.,Electronics,"Axcelis Technologies, Inc.",89,,659,2025-11-13,
8316844b-2b88-4d4f-8734-564ba544d79a,error: Access denied to method rand.,Countertop compost bin for kitchen waste.,Unknown,InVivo Therapeutics Holdings Corp.,29.99,74,660,2025-11-18,
2ef2013e-4b2f-42be-a59e-e8f0b2d86296,error: Access denied to method rand.,"A delicious savory quinoa pudding, great as a side dish.",Books,"Rockwell Medical, Inc.",2.99,,661,2026-11-16,
0e939a7e-5d88-48a7-b744-570d216457b4,error: Access denied to method rand.,Ergonomic footrest for easier pedicure treatment.,clothing,Tantech Holdings Ltd.,39.99,-5,662,2025-06-19,
bd2af57f-20c6-45d6-aef5-5bddeca887d2,error: Access denied to method rand.,Fun inflatable float for lounging in the pool or beach.,Eletrônicos,"HomeTrust Bancshares, Inc.",29.99,24,663,2026-10-26,
2003daa4-a032-404f-8347-4dd9e84ac816,error: Access denied to method rand.,Durable scoop for perfectly shaped ice cream servings.,Eletronics,Anworth Mortgage Asset  Corporation,12.99,356,664,2025-04-06,
a8410db7-d7a8-4662-a306-82140c7fe2e3,error: Access denied to method rand.,Crunchy croutons with a blend of herbs for salads.,Books,"Caterpillar, Inc.",2.99,117,665,2025-08-07,
c24e5a93-63b2-4f1f-9e5b-294f402dbdaf,error: Access denied to method rand.,Durable and versatile backpack for outdoor and travel use.,electronics,Briggs & Stratton Corporation,59.99,,666,2025-05-10,
e5054944-5f7a-4c4c-a6c4-b5828ee10d14,error: Access denied to method rand.,Set of stylish watch bands to customize your look.,Eletronics,World Fuel Services Corporation,24.99,,667,2025-12-27,
c0c53f23-92db-4f0a-90f9-406715e6c8d5,error: Access denied to method rand.,"Sweet relish made from cucumbers, perfect for sandwiches.",Eletronics,Bitauto Holdings Limited,3.39,327,668,2025-08-13,
f6af5a52-b992-4a1a-99e6-8fcfecdaea17,error: Access denied to method rand.,"Creamy ice cream with a warm cinnamon flavor, perfect for dessert.",,iPath US Treasury 10-year Bull ETN,4.99,-5,669,2026-10-20,
c1d473c2-550b-42f9-85df-332486868885,error: Access denied to method rand.,Adjustable stand for portable speakers and devices.,Books,Houston Wire & Cable Company,39.99,343,670,2026-09-30,
f3025a06-184d-4b09-88fa-51281b8a152e,error: Access denied to method rand.,"A fresh salad made with black beans, corn, and a zesty dressing, great for summer cookouts.",books,"Eastern Virginia Bankshares, Inc.",3.99,56,671,2025-07-19,
e6d27b69-4796-4085-b71c-c2af4b5f6ba0,error: Access denied to method rand.,A zesty seasoning for meats and vegetables,electronics,"Expeditors International of Washington, Inc.",3.29,-5,672,2026-11-26,
5ba0b744-6b70-44b2-94d7-271ed95dc873,error: Access denied to method rand.,Plant-based mix for a rich chocolate cake.,Unknown,"Patterson-UTI Energy, Inc.",4.29,69,673,2026-07-08,
949a5e2e-4d08-414a-9e72-29c461179cdd,error: Access denied to method rand.,"Freshly sliced cucumbers, great for salads or snacking.",HOME,Marlin Business Services Corp.,1.29,7,674,2026-12-18,
abf429db-8067-47c4-a168-56bd7202a4fe,error: Access denied to method rand.,Decadent tart made with rich dark chocolate.,Electronics,Colonial Intermediate High Income Fund,6.29,433,675,2025-02-21,
bc3f1daa-4d98-458b-a7a9-096a3ef0f018,error: Access denied to method rand.,Rich and creamy milk perfect for baking or desserts.,Home,Belmond Ltd.,1.89,,676,2026-06-03,
f68bf4ed-2dd8-4b0b-9579-34664214ab6c,error: Access denied to method rand.,Noise-cancelling Bluetooth headphones for immersive sound.,Eletrônicos,Halcon Resources Corporation,79.99,219,677,2025-11-10,
316269c2-008a-4df9-bc96-be03754bd379,error: Access denied to method rand.,Safe and fun trampoline for children.,HOME,NASDAQ TEST STOCK,139.99,,678,2025-04-10,
0fc44afe-f6d2-45e7-86e8-3b5507a99d65,error: Access denied to method rand.,Control home appliances remotely using your smartphone app.,clothing,First Trust Eurozone AlphaDEX ETF,19.99,,679,2025-07-13,2025-05-06
4f4b09eb-a79f-4090-8704-c78cadf73bc5,error: Access denied to method rand.,Stability ball for Pilates and yoga workouts.,Unknown,Unifirst Corporation,24.99,,680,2025-10-08,2025-09-27
085583ac-b125-49fd-99d2-80fef9dd207a,error: Access denied to method rand.,"Durable, unbreakable wine glasses for outdoor use.",,Federal Agricultural Mortgage Corporation,24.99,186,681,2025-11-22,
fdf5bd6f-c7fc-476b-8275-b8532dc7ae18,error: Access denied to method rand.,"Refreshing and tangy fermented tea, available in various flavors.",Eletronics,"Synthetic Fixed-Income Securities, Inc.",3.49,277,682,2025-08-25,2025-09-27
8801820b-b789-4832-983b-40961df3df57,error: Access denied to method rand.,Abstract canvas print to enhance home decor.,Clothing,"American International Group, Inc.",45,97,683,2026-10-31,
9ef714ff-5bbc-410c-85e7-4e464ffc184d,error: Access denied to method rand.,"Creamy ice cream with a warm cinnamon flavor, perfect for dessert.",Electronics,NewJersey Resources Corporation,4.99,,684,2026-10-19,
b3383d10-3e0d-4d16-89ac-aa0297fb662d,error: Access denied to method rand.,A flavorful rice side dish seasoned with herbs and spices.,HOME,First Trust Energy Infrastructure Fund,2.99,,685,2026-08-20,
235391df-48ef-4f7c-88f2-36fbb9624d5a,error: Access denied to method rand.,Space-saving crates for easy organization at home or while traveling.,ELETRONICS,Urstadt Biddle Properties Inc.,18.99,495,686,2025-06-07,
e5163e09-caca-475b-8c5a-7b5a4553a150,error: Access denied to method rand.,Charcoal kettle grill perfect for backyard barbecues.,,BorgWarner Inc.,99.99,215,687,2025-11-10,2025-02-15
080047a9-112e-44a5-a27c-69000ee7ecd0,error: Access denied to method rand.,Stylish scarves to accessorize any outfit.,HOME,Rosehill Resources Inc.,24.99,,688,2025-04-26,
10e23187-8ec3-417b-b6c1-269e264b3a11,error: Access denied to method rand.,Fresh eggs from free-range chickens.,ELETRONICS,"Sonus Networks, Inc.",3.99,,689,2025-06-05,
7d061736-4f6f-4df8-89d7-9539f284e703,error: Access denied to method rand.,"Classic A-line skirt that flatters every figure, perfect for work or play.",HOME,"PB Bancorp, Inc.",35.99,50,690,2026-07-18,
2c748e39-4183-4b81-99fb-1c713fc867f3,error: Access denied to method rand.,Soft glow night light for children's rooms or bedside.,HOME,Hanesbrands Inc.,15.99,398,691,2025-02-13,
dbf29a42-9f3e-4bfc-b220-e4b08349ea44,error: Access denied to method rand.,Artisan bread with caraway seeds for added flavor.,Clothing,"Washington Federal, Inc.",4.79,351,692,2025-05-07,
14784935-71ca-48d8-8582-40f104e83c5e,error: Access denied to method rand.,A sweet and spicy sauce ideal for spring rolls or chicken nuggets.,Books,Immune Design Corp.,2.99,,693,2025-03-15,
80cb2348-1264-4bb0-a407-bf9560b16672,error: Access denied to method rand.,Nutritious protein bars for on-the-go snacking.,electronics,Prima BioMed Ltd,19.99,428,694,2026-09-20,
b4b3caba-5f58-4004-8f7f-ac920f996650,error: Access denied to method rand.,Bluetooth-enabled key tracker to find lost items easily.,Home,"Ambarella, Inc.",19.99,,695,2026-11-25,
a013b852-6a9d-4236-84e5-db46ed314a29,error: Access denied to method rand.,Indoor putting green for practicing your putting skills.,BOOKS,Eros International PLC,79.99,403,696,2025-01-11,
5a6e57b4-1919-400f-b40d-198d1c6b0b0e,error: Access denied to method rand.,"Customizable RGB LED light strip, perfect for mood lighting.",,Peregrine Pharmaceuticals Inc.,29.99,,697,2026-07-23,
ef1024a2-b808-4030-8735-bfbe36117c00,error: Access denied to method rand.,Specialized attachment for removing pet hair from surfaces.,ELETRONICS,Blue Capital Reinsurance Holdings Ltd.,14.99,,698,2026-06-16,2026-01-08
773ec569-6d40-4638-a6f0-599b356bd5c6,error: Access denied to method rand.,"Frozen shrimp seasoned with chili and lime, perfect for quick dinners.",Home,Tribune Media Company,8.99,,699,2026-09-10,
6a936a98-45a0-457a-88b9-d135a014e91f,error: Access denied to method rand.,Lightweight and portable folding table for camping or picnics.,,"McDermott International, Inc.",39.99,419,700,2026-08-06,
54345184-8e3f-4c41-8e19-c991d950fac1,error: Access denied to method rand.,Ear protection for shooting and industrial use.,Unknown,"Bioanalytical Systems, Inc.",24.99,,701,2025-09-12,
ee3966ca-ea47-4cee-9835-2ab03f42a26d,error: Access denied to method rand.,Burr coffee grinder for fresh ground coffee.,Electronics,"IDEXX Laboratories, Inc.",39.99,,702,2026-08-28,
a3ead842-708d-4999-b48a-efac77269bd0,error: Access denied to method rand.,"Freshly sliced cucumbers, great for salads or snacking.",Eletronics,Arch Capital Group Ltd.,1.29,86,703,2026-12-21,
86d4fd3a-f0ce-4504-975f-832e45b6c0b3,error: Access denied to method rand.,Instant oatmeal cups with blueberries for an easy breakfast.,Unknown,Reading International Inc,3.29,84,704,2026-06-18,
058cc29e-8a1f-4e9e-b743-2a8ec1b8d7e4,error: Access denied to method rand.,"Tangy feta cheese, perfect for salads and sandwiches.",Books,CF Corporation,4.99,176,705,2025-09-24,
4b06aec3-cd14-4107-bb17-969525694fa1,error: Access denied to method rand.,"Canned diced tomatoes, great base for sauces and soups.",,"Fusion Telecommunications International, Inc.",1.49,,706,2026-10-15,
0ef6867c-4097-42d4-9c9b-f113dc2f762c,error: Access denied to method rand.,Reusable silicone lids for covering food in bowls and storage containers.,,Navigator Holdings Ltd.,14.99,469,707,2026-10-17,
39701925-31b5-485b-b1c5-20964ae30a40,error: Access denied to method rand.,Secure phone mount for your vehicle's dashboard.,Unknown,"SuperCom, Ltd.",14.99,33,708,2026-02-16,
37dd8a7b-020d-4ae5-92d2-9999ba205333,error: Access denied to method rand.,A rich pesto made with sun-dried tomatoes and pine nuts.,Eletronics,Gabelli NextShares Trust,4.49,389,709,2025-10-22,
8c6fd015-ad7f-4d18-9d47-9813a58e7819,error: Access denied to method rand.,Fresh pre-cut carrot and celery sticks for easy snacking.,N/A,"Amyris, Inc.",2.99,,710,2025-02-14,
15b9a4b9-7c9f-4b9a-92a7-b5e561b9f5b7,error: Access denied to method rand.,Low-calorie rice cake for snacks.,BOOKS,"USA Truck, Inc.",2.49,492,711,2026-09-14,
d28a1ca5-0c25-4baf-8384-72240bc44fe7,error: Access denied to method rand.,"Creamy cheddar cheese slices, perfect for sandwiches and snacks.",Books,"Nature's Sunshine Products, Inc.",3.49,-5,712,2026-06-20,
8f6925c3-aea5-4312-aef5-9e1c12a437c4,error: Access denied to method rand.,"A blend of nuts, seeds, and dried fruits for snacking.",Eletrônicos,"Energy Focus, Inc.",4.29,,713,2026-04-11,
c3b22b33-a96b-4739-8913-3fd8b2811748,error: Access denied to method rand.,"Marinated shrimp in a garlic and lemon sauce, perfect for grilling.",,"Sound Financial Bancorp, Inc.",8.99,,714,2025-02-01,2026-02-08
12776fed-da81-4cdf-9384-4fc289799585,error: Access denied to method rand.,"Chickpeas mixed with fresh vegetables and herbs, a nutritious snack or salad.",Electronics,"Ashford Hospitality Prime, Inc.",4.29,,715,2025-06-20,
f8417711-085c-4258-8f22-cd8db3431157,error: Access denied to method rand.,Rugged phone case for drop protection.,Eletrônicos,Tekla Healthcare Investors,14.99,139,716,2025-08-17,
51fc8c57-507a-49af-b0fd-ada221453a36,error: Access denied to method rand.,Compact pump ideal for inflating sports equipment or rafts.,ELETRONICS,Concho Resources Inc.,19.99,,717,2026-04-28,
2aa0f2ee-b70c-4b8f-b169-573511383647,error: Access denied to method rand.,Tablet for digital drawing and illustration work.,electronics,eBay Inc.,79.99,,718,2025-01-30,
bc2fe916-9fcf-458e-982b-298e740f3ab8,error: Access denied to method rand.,Essential ingredient for baking and cooking.,N/A,"Weyco Group, Inc.",0.99,386,719,2025-09-04,
c1f6b780-3fd2-4228-a600-d38fdba76bc4,error: Access denied to method rand.,Advanced electric toothbrush for effective cleaning.,N/A,AmerisourceBergen Corporation (Holding Co),49.99,80,720,2025-06-08,
e4c5374d-52a8-4848-997b-1a0b637fdb43,error: Access denied to method rand.,Dimmable LED desk lamp with USB charging port.,books,Federal Agricultural Mortgage Corporation,35,,721,2025-02-24,2026-02-10
74dcc1d6-4304-499a-b0de-914b278e531f,error: Access denied to method rand.,Sweet corn roasted to perfection for a delightful side.,books,Patriot National Bancorp Inc.,1.99,,722,2025-08-30,
308d4c6a-90b6-47fa-8626-fb0092c2ca93,error: Access denied to method rand.,Quick-cooking couscous flavored with herbs and spices.,Electronics,"Ormat Technologies, Inc.",2.49,441,723,2025-03-19,2026-05-24
4e72d160-efaf-491c-9b37-d5e71bc9cb71,error: Access denied to method rand.,Delicious canned pineapple rings for desserts or salads.,Home,Center Coast MLP & Infrastructure Fund,2.49,475,724,2026-08-16,
ead5cddb-cccc-4fab-aed7-cb8edca9f496,error: Access denied to method rand.,Polarized sunglasses with UV protection.,Home,"EnerNOC, Inc.",29.99,366,725,2025-10-12,
d4f7726c-842c-44db-8ba2-174268ab644b,error: Access denied to method rand.,Fun light that creates a disco atmosphere for parties.,Home,Patheon N.V.,19.99,35,726,2026-01-26,
2034332d-9f4e-4349-b6ec-541df6f086b2,error: Access denied to method rand.,Compact fan for personal cooling at work or home.,Eletronics,"Guidewire Software, Inc.",24.99,,727,2026-02-20,
f649b85e-9669-496d-94ff-db6fff6282e8,error: Access denied to method rand.,Lightweight and breathable running shorts for your workouts.,ELETRONICS,Royal Bank Of Canada,34.99,,728,2026-02-23,
6722d01f-fe9f-4a24-9376-b006ea07c5ef,error: Access denied to method rand.,Instant mix for delicious pumpkin spice lattes at home.,HOME,"Argan, Inc.",3.29,-5,729,2025-04-16,
2684e0d1-0ab2-4e1c-9b1e-fc826559f66d,error: Access denied to method rand.,Lightweight and durable hammock for relaxing in nature.,N/A,BlackRock Municipal Income Investment Trust,29.99,,730,2025-11-03,2026-10-10
6fdd1d57-9b59-4b52-8731-b5494afd5099,error: Access denied to method rand.,"Large, durable tote bag for shopping and outdoor activities.",books,"Q2 Holdings, Inc.",34.99,,731,2026-06-18,
1bf2abe1-fac2-4e31-862a-79aecdea1735,error: Access denied to method rand.,Water-resistant Bluetooth speaker for showers.,Home,"Stoneridge, Inc.",24.99,310,732,2026-02-15,
e93dfdad-2bf6-4231-9009-6f2bf16c0d77,error: Access denied to method rand.,"Sweet relish made from cucumbers, perfect for sandwiches.",,"New York Community Bancorp, Inc.",3.39,44,733,2025-03-14,
1d98f405-b7ca-472c-9493-cef29e387284,error: Access denied to method rand.,A fragrant blend of Italian herbs for pasta sauces and marinades.,HOME,"Ballard Power Systems, Inc.",1.99,371,734,2025-01-17,
f67cc9bd-ab3e-4bf5-bd07-35cca5d937de,error: Access denied to method rand.,"Precision pencils for drawing, sketching, and writing.",clothing,Arbor Realty Trust,19.99,236,735,2025-09-25,
713cce20-eefc-4677-b909-43d12481a213,error: Access denied to method rand.,Large inflatable pool for summer fun in your backyard.,Clothing,"Apollo Global Management, LLC",149.99,155,736,2026-01-10,
20755692-a85f-486e-bebe-8bb5820c41c7,error: Access denied to method rand.,A comfortable sweatshirt featuring a bold graphic print.,clothing,INVESCO MORTGAGE CAPITAL INC,34.99,,737,2025-12-28,
9b579a48-bdc7-43e6-bad0-2b0f5cc3a85a,error: Access denied to method rand.,Space-saving crates for easy organization at home or while traveling.,Eletrônicos,Employers Holdings Inc,18.99,,738,2026-06-09,2026-11-10
e74fc33f-afe0-4ba4-af29-6ac930c0bf25,error: Access denied to method rand.,Stylish and modern holder for storing wine bottles on walls.,Unknown,Torchmark Corporation,39.99,-5,739,2026-12-08,
9e45123e-0e36-41e1-a235-0571f3aa2f62,error: Access denied to method rand.,Convenient strap for carrying yoga mats to class.,Home,"Sensus Healthcare, Inc.",14.99,355,740,2025-09-03,
739b456d-7663-4c5c-8887-6a3af7e681e2,error: Access denied to method rand.,A warm knitted scarf to keep you cozy in winter.,Unknown,PartnerRe Ltd.,29.99,133,741,2025-09-25,2026-10-08
0ba6183f-0110-40aa-866f-b610ef9ccbcc,error: Access denied to method rand.,Soft and plush robe for comfort after the shower.,Eletronics,"Zynerba Pharmaceuticals, Inc.",49.99,73,742,2025-10-26,
97067c85-868e-4563-b3ef-a3508a161d21,error: Access denied to method rand.,Ergonomic office chair with lumbar support and adjustable height.,Clothing,Atlantic Alliance Partnership Corp.,199.99,,743,2025-06-28,
f1442638-561d-4f1d-8b55-fa9a91293800,error: Access denied to method rand.,Kitchen tool for tenderizing meat to enhance flavors.,BOOKS,M III Acquisition Corp.,19.99,196,744,2025-07-24,
ed7d162d-b82e-41a7-bc23-cd09bccdb18d,error: Access denied to method rand.,"All-in-one meal kit including pasta, meatballs, and sauce for a quick dinner.",electronics,"ASB Bancorp, Inc.",7.99,,745,2025-02-01,
493e7a21-2f06-4402-8e18-57c78efbfc85,error: Access denied to method rand.,Compact electric pot for hot pot dining at home.,Electronics,"Pinnacle Entertainment, Inc.",49.99,327,746,2026-12-09,
cc09d343-ecd0-477e-b9ef-163f0c99b813,error: Access denied to method rand.,"Frozen green peas, a great addition to meals.",Eletronics,"Shoe Carnival, Inc.",1.89,263,747,2025-08-29,
5c08d7c7-38f3-49b6-bdf0-c4d553043146,error: Access denied to method rand.,Rich and creamy pudding made with ripe avocados and cocoa.,Home,NeoPhotonics Corporation,4.99,,748,2025-05-27,2026-08-03
1c61a7c2-92e8-401f-bc4b-06caee1fa7ae,error: Access denied to method rand.,Everything you need for maintaining a healthy beard.,Clothing,CombiMatrix Corporation,34.99,356,749,2026-07-20,
b632dc10-79b4-4554-b1be-233c928f9ea9,error: Access denied to method rand.,"Bell peppers stuffed with rice, beans, and spices, ready to bake.",Eletronics,M B T Financial Corp,4.99,149,750,2025-10-09,2026-09-20
deb789ae-8344-4beb-ba61-a2c5eb39e88e,error: Access denied to method rand.,"A smoky barbecue sauce, ideal for grilling and dipping.",Home,ContraVir Pharmaceuticals Inc,3.49,,751,2025-08-12,
cc8dbed2-972d-4ce6-85a0-a28b3b45d2bd,error: Access denied to method rand.,Bluetooth-enabled key tracker to find lost items easily.,books,"Donegal Group, Inc.",19.99,29,752,2025-01-06,
df61b40c-2a7e-4cf7-addb-2e66afb1af2d,error: Access denied to method rand.,"Frozen green peas, a great addition to meals.",,DENTSPLY SIRONA Inc.,1.89,,753,2025-07-01,
bbad9722-a3c5-457a-bd07-f8334ddc9b9b,error: Access denied to method rand.,Indoor gardening kit with herbs and pots.,Books,"Banco Santander, S.A.",24.99,,754,2026-03-18,
966e4c0e-1cce-452b-9ab1-8b1fd09d97a3,error: Access denied to method rand.,Compact vacuum designed specifically for cleaning vehicles.,ELETRONICS,First Merchants Corporation,39.99,277,755,2026-02-09,
76e40be4-7ce2-4e2e-8553-16e0ec881bee,error: Access denied to method rand.,Gentle grooming gloves for shedding pets.,ELETRONICS,CA Inc.,9.99,304,756,2026-07-06,
0a5a776d-7dcc-4a7a-8424-ce3a1f1f830e,error: Access denied to method rand.,Challenging 1000-piece jigsaw puzzle for all ages.,Eletronics,"VIVUS, Inc.",27.99,,757,2025-11-18,
215594e5-1cbb-420a-8d41-8dd0f78e5e25,error: Access denied to method rand.,Classic marshmallow treats made with crispy rice.,N/A,"CryoPort, Inc.",3.5,476,758,2025-10-17,
853e5410-016c-409b-a642-392f256a1d43,error: Access denied to method rand.,Easy-to-heat frozen burritos for a quick meal.,electronics,LyondellBasell Industries NV,8.99,262,759,2026-09-30,
2e83cf48-38aa-408b-b151-2d69c7f8306d,error: Access denied to method rand.,Lightweight tennis racket for beginners and advanced players.,,"Oncobiologics, Inc.",89.99,143,760,2026-07-30,
432e9007-0380-4827-9abb-76bdbae85a2e,error: Access denied to method rand.,Creamy yogurt made with coconut milk,Clothing,DBV Technologies S.A.,2.99,235,761,2026-11-19,
2241b04d-0828-4061-9a43-8a576b26d8c3,error: Access denied to method rand.,Complete outdoor kit for camping and hiking.,BOOKS,"Echo Global Logistics, Inc.",89.99,157,762,2025-04-13,
e002a279-327d-4345-a49e-669bc0a98894,error: Access denied to method rand.,A delicious tart filled with fresh raspberry filling.,electronics,KKR Real Estate Finance Trust Inc.,5.49,,763,2025-06-03,
a8ca27e6-7509-4194-ad4a-c4030cb8f619,error: Access denied to method rand.,Creamy almond butter sweetened with maple syrup for a delicious spread.,HOME,Alliant Energy Corporation,5.49,373,764,2026-03-23,
31c72d5d-e883-45a8-a787-04b69cf75d50,error: Access denied to method rand.,Beautifully crafted jewelry box with compartments for storage.,books,"Brocade Communications Systems, Inc.",39.99,185,765,2025-11-16,
bae8803d-e469-4e90-8054-cbb13977219c,error: Access denied to method rand.,Soft throw blanket for cozy home decor.,Home,Virco Manufacturing Corporation,39.99,92,766,2026-09-01,
b26c1487-b0da-4434-b0cc-53eb51abb3a0,error: Access denied to method rand.,Safe and easy-to-use nail clippers for pets.,,B.O.S. Better Online Solutions,12.99,,767,2026-06-18,
0555e0b2-9068-4809-9cdd-6f440f8ab08c,error: Access denied to method rand.,High-quality whole wheat flour for baking and cooking.,N/A,PIMCO New York Municipal Income Fund III,2.99,307,768,2026-08-27,
db26014b-4a92-45f4-a8ad-b7426a27f7fa,error: Access denied to method rand.,A mix of frozen berries for smoothies or desserts,Eletrônicos,"Resources Connection, Inc.",4.99,,769,2026-02-28,
dee8fb66-1411-4cfc-82bb-2c23b41e2d7d,error: Access denied to method rand.,"Sweet and savory carrots glazed in honey, perfect as a side dish.",N/A,"Appliance Recycling Centers of America, Inc.",3.49,280,770,2025-05-22,
a2c83859-9f7f-466c-ac25-4fd3711c00b9,error: Access denied to method rand.,Automatic can opener for easy meal prep.,Books,Wells Fargo & Company,29.99,42,771,2025-09-13,
a801f1ec-192d-4dc8-b200-e76392df0489,error: Access denied to method rand.,A smoky blend of spices for grilling and roasting.,Home,Blackrock Municipal 2018 Term Trust,2.49,,772,2026-03-26,
ec533f93-47a9-4003-8f6c-c4b1f4ae75ce,error: Access denied to method rand.,Compact organizer for cosmetics during travel.,,General Dynamics Corporation,25.99,25,773,2025-10-05,
3a60ae0f-e6b4-4e94-aeef-a8542c81eab0,error: Access denied to method rand.,Elegant glass teapot for brewing loose tea.,Clothing,Camden National Corporation,34.99,467,774,2026-06-18,
8e5f64bb-74dd-4d74-83f0-08892168a880,error: Access denied to method rand.,Handy belt for carrying garden tools while working.,ELETRONICS,Louisiana-Pacific Corporation,22.99,385,775,2025-03-18,
c41ee486-e4bc-4e0b-b6d2-2824609f4175,error: Access denied to method rand.,Tender beef chunks for slow-cooked stews.,ELETRONICS,TESSCO Technologies Incorporated,5.99,,776,2026-12-17,
b1a0f409-b81d-49c8-9b73-6d0812748efc,error: Access denied to method rand.,Spicy and flavorful curry paste for authentic Thai dishes.,HOME,"Nutanix, Inc.",3.99,,777,2026-07-02,
3a9e5a63-3fb6-46b5-a187-2fbf31ed4993,error: Access denied to method rand.,Instant-read thermometer for accurate cooking temperatures.,Books,"Just Energy Group, Inc.",19.99,-5,778,2026-11-05,
89573a92-5178-4015-92ba-45569d637c2b,error: Access denied to method rand.,Compact and portable backpack for day trips and travel.,BOOKS,"Ollie's Bargain Outlet Holdings, Inc.",39.99,,779,2025-06-29,
517b0de6-bdf8-4f51-b42a-e7f27854c85c,error: Access denied to method rand.,"Ready-to-eat salad with kale, lemon, and cheese.",Unknown,"K2M Group Holdings, Inc.",4.99,484,780,2026-08-23,2026-10-12
33e3f23c-8541-48b8-a401-c97f8e11282b,error: Access denied to method rand.,Adjustable tripod for smartphones and cameras.,Eletronics,Cerecor Inc.,29.99,169,781,2026-12-23,2026-05-13
f1179b45-d85a-4aba-937a-748b362e9c42,error: Access denied to method rand.,Reusable microfiber cloths for environmentally friendly cleaning.,Books,Entergy Texas Inc,12.99,453,782,2026-05-11,
5d4dcefd-1274-4c31-bf23-96e3329eaa8d,error: Access denied to method rand.,Float through the day in this beautiful floor-length skirt.,Clothing,Marcus Corporation (The),44.99,,783,2025-01-29,
defaf120-d14e-421b-9651-db618a926dd7,error: Access denied to method rand.,Stabilizing gimbal for smooth video recording.,Books,Delaware Enhanced Global Dividend,89.99,,784,2026-01-14,
f4df66c4-86ed-4153-bac6-7af0527f5965,error: Access denied to method rand.,"Sliced black olives, perfect for salads and pizzas.",Eletrônicos,Phillips 66,1.99,443,785,2025-08-24,
57929350-df94-4d70-82f3-e2edd7ade59b,error: Access denied to method rand.,Double-walled mug to keep your drink hot for longer.,Eletrônicos,"Black Diamond, Inc.",24.99,,786,2025-04-13,2025-12-25
13b9e761-3c11-4a32-b624-bbbf030c1abe,error: Access denied to method rand.,A refreshing blend of peaches and mangoes for a delicious smoothie.,clothing,"T. Rowe Price Group, Inc.",3.49,395,787,2025-06-25,
acbcd964-7a4d-4116-9865-4982d6fbc948,error: Access denied to method rand.,Refreshing sparkling water with cucumber and lime flavor.,,Lions Gate Entertainment Corporation,1.49,10,788,2025-10-15,
0af598f7-c37c-4c3e-b33e-54d35f7678f7,error: Access denied to method rand.,Rechargeable electric toothbrush with smart timer.,Books,"Brinker International, Inc.",49.95,-5,789,2026-06-14,
ce57822f-a0ea-42a1-ba7d-be7cc3092dac,error: Access denied to method rand.,"Sweet and chewy dried mango slices, perfect for snacking.",Eletronics,"China Advanced Construction Materials Group, Inc.",3.49,244,790,2025-09-30,
fe584390-8f96-4c1f-89f4-a5544699f24a,error: Access denied to method rand.,"Creamy yogurt with probiotics, available in various flavors.",Home,"Ritter Pharmaceuticals, Inc.",3.29,11,791,2026-03-22,2025-10-17
8e3a946d-ef38-4541-8527-09486f1d1e1a,error: Access denied to method rand.,Rechargeable LED lantern ideal for camping and outdoor activities.,electronics,Rosetta Stone,34.99,192,792,2026-07-10,
33016f7b-7bb3-4155-8c2f-6841fb6a39c7,error: Access denied to method rand.,"A comfortable crew neck sweater, great for all seasons.",books,WEX Inc.,39.99,209,793,2025-03-27,
a95683cd-6987-45f4-b23b-7880247ea3fd,error: Access denied to method rand.,"A mix of fresh vegetables with a savory stir-fry sauce, ready to cook.",Home,"PCM, Inc.",6.99,349,794,2025-12-07,
7ed06881-319c-458c-a335-ba4a9f21174e,error: Access denied to method rand.,Non-contact thermometer for checking temperatures instantly.,BOOKS,"Western Asset Municipal High Income Fund, Inc.",39.99,422,795,2025-05-05,
5c0bccfe-e02a-48ca-851d-755b2302d30b,error: Access denied to method rand.,Automatic waterer that filters and provides fresh drinking water for pets.,Eletrônicos,Avista Healthcare Public Acquisition Corp.,39.99,48,796,2025-12-23,
1aae7161-9361-4dbc-83b5-cdd86be842ab,error: Access denied to method rand.,Eco-friendly bamboo cutting boards in various sizes.,,"Forest City Realty Trust, Inc.",34.99,339,797,2026-09-26,
f6b6ffa8-9e0b-4965-b745-d08e8cb79c69,error: Access denied to method rand.,Fresh sliced strawberries for toppings or snacking,Eletrônicos,Sundance Energy Australia Limited,4.99,,798,2026-03-12,
7d6b3ca9-9f7f-47d2-a6cb-3cbabaf5c4a0,error: Access denied to method rand.,"A frozen meal featuring quinoa and mixed vegetables, ready to heat and eat.",ELETRONICS,Virtus Global Multi-Sector Income Fund,5.99,305,799,2026-06-03,
696a6aca-3dff-4831-86ba-bc2b6b7b1057,error: Access denied to method rand.,Tool for measuring perfect pasta portions every time.,Home,Western Asset/Claymore U.S. Treasury Inflation Prot Secs Fd,9.99,142,800,2025-07-20,
bff56621-6113-472c-bfa3-dea40ced3905,error: Access denied to method rand.,Marinated chicken thighs with smoked paprika for a smoky flavor.,,Middlesex Water Company,6.99,328,801,2025-11-06,
16e6de0b-e62f-4c38-8777-1e1b7ac84323,error: Access denied to method rand.,"Pre-cooked vegetable fried rice, just heat and serve.",HOME,Camden Property Trust,4.29,360,802,2025-06-09,
4ae2dade-59b7-443f-bbc8-ca6f097dc96e,error: Access denied to method rand.,Stylish fruit basket for kitchen or dining room.,,"AmTrust Financial Services, Inc.",29.99,349,803,2025-01-14,
430a8822-17a1-48a7-8311-7acecbb02c0d,error: Access denied to method rand.,Durable and versatile backpack for outdoor and travel use.,clothing,Vantage Energy Acquisition Corp.,59.99,176,804,2026-05-12,
58d23208-aa51-4938-9c63-fd1f1f87f9da,error: Access denied to method rand.,"Chic suede ankle booties, perfect for dressing up or down.",Eletronics,"Akoustis Technologies, Inc.",79.99,403,805,2025-04-25,
492fe326-5d7c-40b9-be83-5dde4f42170c,error: Access denied to method rand.,Durable jump rope for cardio workouts.,,"Neurotrope, Inc.",15.99,,806,2025-09-15,
c0c6686f-80b9-420d-beb2-f1ccf7fe0289,error: Access denied to method rand.,Mixed fresh vegetables for stir-frying or roasting.,Clothing,Sharps Compliance Corp,2.99,323,807,2025-05-16,
f83ff365-ed4f-4e03-8cf9-43ca6f9896ed,error: Access denied to method rand.,A flowy maxi dress perfect for both casual and semi-formal occasions.,N/A,"Nordstrom, Inc.",49.99,285,808,2026-06-06,
d1206351-536b-430d-833a-423caeaba4c6,error: Access denied to method rand.,Convenient charging stand for smartphones and devices.,Eletrônicos,Putnam Premier Income Trust,24.99,,809,2026-12-20,
f9d83226-9535-4fb4-b216-df362906a0b2,error: Access denied to method rand.,"A mix of wild rice with herbs and spices, ready to serve.",HOME,Dick's Sporting Goods Inc,3.79,,810,2026-09-11,
46456acd-2dba-4389-8874-fb7cc042ea24,error: Access denied to method rand.,"A delightful mix of chocolate, coconut, and almonds in a snack bar.",Unknown,American Homes 4 Rent,1.39,,811,2025-12-03,
0eebec38-4abf-492f-b6d9-95dfc9858432,error: Access denied to method rand.,Crisp and delicious organic apples.,books,"AptarGroup, Inc.",1.89,423,812,2026-04-25,
5aa91505-bd93-4788-be65-50312687c6d7,error: Access denied to method rand.,"Spicy and creamy dip made with shredded chicken, perfect for parties.",N/A,Technical Communications Corporation,5.99,,813,2025-02-17,
101528d2-7119-4c18-ab83-b9b1ab6eab55,error: Access denied to method rand.,Soft corner protectors to keep babies safe at home.,BOOKS,PowerShares KBW Property & Casualty Insurance Portfolio,9.99,,814,2025-03-15,
325b3db9-7634-47fb-b97a-6df2daf9f322,error: Access denied to method rand.,"Fresh Brussels sprouts, great for roasting or steaming.",HOME,MIND C.T.I. Ltd.,3.49,,815,2025-10-17,
f8ef4edd-4f57-4115-9311-e438f2f49bcd,error: Access denied to method rand.,Crispy roasted chickpeas seasoned to perfection,ELETRONICS,"THL Credit, Inc.",2.99,-5,816,2026-04-06,
3c336928-e13f-465b-a330-0870789845cb,error: Access denied to method rand.,A blend of spices that brings the taste of fall to your baked goods.,HOME,Barington/Hilco Acquisition Corp.,2.99,,817,2025-08-20,
e3903aca-ea1e-44ca-83d1-5f8be695adee,error: Access denied to method rand.,Fresh salsa made with pineapple and spices,Eletrônicos,"Dynex Capital, Inc.",4.29,1,818,2025-10-08,
e97191b3-833a-419f-8188-146ebfbbfa6e,error: Access denied to method rand.,Adds extra comfort to your mattress for a better night's sleep.,,Blackrock MuniYield Investment Fund,129.99,296,819,2026-01-09,
22a4b614-5061-4e6f-a8ef-d3d4851678f3,error: Access denied to method rand.,Control home appliances remotely using your smartphone app.,Books,First Trust Multi Cap Value AlphaDEX Fund,19.99,-5,820,2026-03-25,
4579edc6-2e1e-4701-abf2-efc824b2aff3,error: Access denied to method rand.,Tender chicken coated in a sweet and savory honey garlic sauce.,HOME,PTC Inc.,8.49,,821,2026-03-19,
8baac1a7-8c60-4095-8951-57d05fa01ba6,error: Access denied to method rand.,A flavorful barbecue sauce with a sweet and spicy kick.,,"TIER REIT, Inc.",3.99,,822,2025-11-08,
37d8b136-765c-4228-9973-1b9241199d1c,error: Access denied to method rand.,"Healthy, crunchy kale chips, a nutritious snack.",Unknown,"Validus Holdings, Ltd.",3.99,363,823,2025-02-02,
2972cc07-4e08-4a88-92a2-c10b21523527,error: Access denied to method rand.,"Mix for homemade cornbread, just add water and bake for a delicious side.",Books,RAIT Financial Trust,2.49,188,824,2025-11-20,
3ba4774b-fff1-4808-bae5-639e1524d249,error: Access denied to method rand.,Soft foam blocks perfect for building and imaginative play.,Unknown,"SeaWorld Entertainment, Inc.",22.99,95,825,2025-05-16,
1440cd17-d3e7-415c-923b-6d6129855372,error: Access denied to method rand.,8oz water bottle with built-in filter for clean drinking water.,,Aegon NV,29.99,47,826,2025-12-06,
00e41984-e9b7-46f5-92bb-f7656fc69716,error: Access denied to method rand.,Convenient belt with pockets for easy access to tools while gardening.,Home,First Defiance Financial Corp.,22.99,158,827,2026-12-18,
6529c0f5-c9c0-4c0d-ad9f-0ad5bdf9cfbb,error: Access denied to method rand.,Creamy soup full of rich mushroom flavor.,ELETRONICS,"Diamond Hill Investment Group, Inc.",2.49,,828,2025-06-25,
375d9985-c3b6-4c0e-8569-ff70d297e263,error: Access denied to method rand.,"Creamy and smooth peanut butter, perfect for sandwiches.",electronics,TriMas Corporation,3.79,,829,2025-02-16,
675d8dd0-9220-45b7-9380-3bcaac8f528e,error: Access denied to method rand.,A rich pesto made with sun-dried tomatoes and pine nuts.,Books,iShares Commodities Select Strategy ETF,4.49,282,830,2026-10-14,
bf26afb6-5e9a-4dbf-862b-344ac9ebe295,error: Access denied to method rand.,"Fresh fruit salad, ready to eat and refreshing.",clothing,Nuveen Credit Opportunities 2022 Target Term Fund,4.49,170,831,2026-02-13,
3d38da44-6c79-4be6-a05b-9679e47a4661,error: Access denied to method rand.,Automatic churner for making butter at home.,books,Yirendai Ltd.,49.99,216,832,2025-06-04,
74af0867-4d5e-47b5-b37f-253efefabb94,error: Access denied to method rand.,A rich coconut curry sauce perfect for simmering vegetables or meats.,,iFresh Inc.,3.99,,833,2026-07-30,
9d85cfa5-62c1-4cc9-9cc3-04e1c102f129,error: Access denied to method rand.,Healthy pizza crust made from cauliflower,N/A,Navios Maritime Holdings Inc.,5.99,353,834,2026-06-25,
11da077d-44dc-4ab3-967b-6d8ac15348cb,error: Access denied to method rand.,Fresh salsa made with pineapple and spices,clothing,CyberOptics Corporation,4.29,,835,2025-12-26,
f2b7fb13-5e64-477c-8d8d-51338c6bd1b5,error: Access denied to method rand.,"Marinated shrimp in a garlic and lemon sauce, perfect for grilling.",N/A,Tecnoglass Inc.,8.99,,836,2025-06-29,
5452dd06-295c-4fdd-b955-d9653511d286,error: Access denied to method rand.,Durable cover to protect your grill from the elements.,ELETRONICS,First Trust Small Cap Core AlphaDEX Fund,24.99,,837,2026-12-02,
17e3da78-968e-4d57-b0b2-ab814ed4814a,error: Access denied to method rand.,Safety collar with flashing lights for pets during night walks.,,"India Fund, Inc. (The)",14.99,146,838,2025-01-15,
9b90beed-fe4e-459d-987a-2e3a18d57428,error: Access denied to method rand.,"Crunchy granola mixed with maple syrup and cinnamon, perfect for breakfast or snacks.",Clothing,Western Asset High Yield Defined Opportunity Fund Inc.,4.29,486,839,2026-04-26,
82900d9c-39c6-4e9a-aa8e-6c0611682f5a,error: Access denied to method rand.,Stylish tote to keep wine bottles chilled while traveling.,ELETRONICS,"Cavco Industries, Inc.",24.99,291,840,2026-06-29,
462afc05-4531-4b46-a800-fd0238a618eb,error: Access denied to method rand.,Creamy Greek yogurt packed with protein and probiotics.,books,"Medical Transcription Billing, Corp.",1.99,312,841,2026-01-30,
2ac5ecff-ea22-4f7d-a68e-73857eebf447,error: Access denied to method rand.,Convenient strap for carrying yoga mats to class.,Eletrônicos,MSG Networks Inc.,14.99,,842,2025-12-12,
2832a134-31ff-4017-be8a-265b025c3c60,error: Access denied to method rand.,"A mix of fresh vegetables with a savory stir-fry sauce, ready to cook.",,Schlumberger N.V.,6.99,94,843,2025-11-01,
74dca752-a297-458b-9e1f-2d71d6680b4c,error: Access denied to method rand.,Portable folding camping chair with cup holder.,,Tuniu Corporation,29.99,392,844,2026-01-31,
bf23c4c8-f7be-4770-aab0-6bd27f362f88,error: Access denied to method rand.,Compact fan for personal cooling at work or home.,BOOKS,"Heartland Express, Inc.",24.99,169,845,2025-04-21,
00a8d45b-457e-40fa-afd4-8e3a6114aa15,error: Access denied to method rand.,"Deliciously creamy spinach dip, perfect for parties.",books,Encana Corporation,5.99,57,846,2025-09-01,
03dba866-20c5-4202-98f2-44ae30738641,error: Access denied to method rand.,Convenient belt with pockets for easy access to tools while gardening.,N/A,Bright Horizons Family Solutions Inc.,22.99,385,847,2026-07-08,
aa656449-ef92-4627-bd8b-ca5d9b8cafde,error: Access denied to method rand.,"Marinated chicken breast seasoned with herbs, ready for grilling.",,CoBiz Financial Inc.,7.99,45,848,2025-09-06,
4db39fb8-ace0-488b-9fe9-938160ca48a7,error: Access denied to method rand.,Hand-poured candles made of natural soy wax.,clothing,STRATS Trust,19.99,277,849,2026-12-16,
62080714-df22-45b0-bb58-3e69a4179194,error: Access denied to method rand.,Floating bookshelf to display your favorite books.,clothing,Broadcom Limited,39.99,351,850,2025-08-30,
550f5697-0793-4af1-9003-cd72e92ef6c0,error: Access denied to method rand.,Charming frame to showcase your favorite photos.,Clothing,VelocityShares Daily 2x VIX Short-Term ETN,19.99,144,851,2026-07-04,
37f03515-3f87-41f6-89a7-f1482943e552,error: Access denied to method rand.,Waterproof picnic blanket for outdoor fun.,,"Overstock.com, Inc.",29.99,439,852,2026-07-07,2026-02-22
b71d1108-ca8b-47db-8fd0-2b4700d6a17b,error: Access denied to method rand.,"Pre-seasoned beef mix for delicious tacos, just heat and serve.",,"B&G Foods, Inc.",5.49,99,853,2025-12-01,
8cb314dc-c4ec-4564-8e52-5974c60837e0,error: Access denied to method rand.,"Lightly salted frozen edamame, a protein-packed snack.",,General Finance Corporation,3.29,66,854,2025-08-24,
bf968fb3-6f5a-4821-900d-cb5575ffd385,error: Access denied to method rand.,Marinated chicken skewers infused with traditional tandoori spices.,HOME,"Entergy Louisiana, Inc.",7.99,216,855,2026-11-09,
72df802f-b819-4815-a897-fbb2a78941c6,error: Access denied to method rand.,Seat belt attachment to keep dogs safe during car rides.,HOME,"Kura Oncology, Inc.",14.99,188,856,2026-01-26,
e38f247a-0f61-4e2b-9be1-8b5a85ecb800,error: Access denied to method rand.,Spacious 2-person camping tent with waterproof cover.,N/A,"Installed Building Products, Inc.",79.99,129,857,2025-12-27,
87c0217e-c175-4108-8ddb-03f2206128eb,error: Access denied to method rand.,Creamy ice cream with refreshing mint flavor and chocolate chips.,,"TCW Strategic Income Fund, Inc.",4.99,308,858,2025-07-21,
1dfd9dba-e423-47dd-8b7d-ae3133516ed9,error: Access denied to method rand.,Complete crafting kit for kids and adults.,HOME,WisdomTree Interest Rate Hedged High Yield Bond Fund,29.99,,859,2026-09-04,
93c1e54a-8ff8-49f6-a1a0-ed1de4315d52,error: Access denied to method rand.,"Creamy and rich vanilla ice cream, a classic dessert.",books,Wells Fargo & Company,4.99,163,860,2025-12-22,
3e8d7c59-3e00-4914-b36a-b4ffebacb723,error: Access denied to method rand.,"A hearty salad with lentils, veggies, and curry dressing.",,Delphi Automotive plc,4.29,,861,2025-10-24,2026-01-27
9cb80405-cf41-4e69-8efc-9bd94edade2d,error: Access denied to method rand.,"Raw brown sugar, perfect for baking or sweetening drinks.",N/A,"Juniper Pharmaceuticals, Inc.",1.79,318,862,2025-01-07,
94ff6d82-8f89-42f1-8803-044ecfd6bc21,error: Access denied to method rand.,Chewy snack bars with coconut and almonds coated in chocolate.,,Nuveen Core Equity Alpha Fund,2.99,379,863,2025-11-01,
27d39806-c813-451b-9c27-a94624751bbf,error: Access denied to method rand.,Silicone oven mitts for safe handling of hot cookware.,electronics,UroGen Pharma Ltd.,15.99,99,864,2026-04-28,
75e0ee18-1f0d-41ce-89f3-2c1d7c713832,error: Access denied to method rand.,Compact action camera for capturing adventures.,Electronics,American National Insurance Company,199.99,111,865,2025-11-08,
633e50d6-c557-4cc0-ba2b-a66173f4ecc9,error: Access denied to method rand.,Color-changing smart LED bulbs compatible with Alexa.,ELETRONICS,Signature Bank,34.99,184,866,2025-02-13,
f5f46d14-c116-4609-9231-027aa86097d1,error: Access denied to method rand.,"Creamy cheese with a spicy kick, perfect for sandwiches.",BOOKS,Chesapeake Granite Wash Trust,3.49,485,867,2025-07-11,
0511361d-b16e-4893-8aff-34040041b1b4,error: Access denied to method rand.,"A mix of strawberries, blueberries, and raspberries, great for smoothies or desserts.",,"New America High Income Fund, Inc. (The)",5.49,466,868,2025-11-03,
50a13bc7-c2f2-4f01-a04b-e8ae3d9adae5,error: Access denied to method rand.,Compact electric scooter for commuting and short trips.,Clothing,First Trust RiverFront Dynamic Europe ETF,349.99,,869,2025-06-16,
15a0100f-6b79-4b2f-83a4-4db6134ed7e0,error: Access denied to method rand.,Everything you need to build a festive gingerbread house.,Electronics,"National American University Holdings, Inc.",6.99,353,870,2025-08-16,
800ba55e-9a62-46dd-ac77-d180ff616d40,error: Access denied to method rand.,Fresh greens and veggies for a quick Asian-inspired salad.,Unknown,"Tetraphase Pharmaceuticals, Inc.",3.99,485,871,2026-02-22,
6637f66a-3f12-4e95-a2f0-3b9734f1ea7a,error: Access denied to method rand.,"Low-carb pizza crust made from almond flour, gluten-free.",BOOKS,Woori Bank,7.99,279,872,2025-04-19,
4b635d33-987b-48a8-8fb9-853e8e9d73fc,error: Access denied to method rand.,Qi-certified wireless charger for fast charging.,Unknown,"Ocean Bio-Chem, Inc.",24.99,105,873,2025-03-24,
6b46482f-3d17-4320-b93a-51f716f9910a,error: Access denied to method rand.,Relax and soothe tired feet with this foot spa.,electronics,Nuveen Quality Municipal Income Fund,59.99,290,874,2026-05-24,
9249d867-a5c3-4015-8f1f-95b06c5c9896,error: Access denied to method rand.,Handheld sprayer designed for washing pets easily.,electronics,BLDRS Emerging Markets 50 ADR Index Fund,29.99,5,875,2026-01-05,
eddf213c-cb9d-4155-92e9-7b40cf96451d,error: Access denied to method rand.,Foam yoga block for enhancing poses and stability.,BOOKS,Bank of Nova Scotia (The),12.99,,876,2025-02-24,2025-06-06
33d5ac49-4d9f-43af-b9b1-1d3e2da34ab3,error: Access denied to method rand.,"A zesty salad with black beans, corn, and chipotle dressing.",N/A,"FlexShopper, Inc.",3.29,391,877,2026-04-29,
f6af70d0-bde2-45f2-a4a5-17159f5a3668,error: Access denied to method rand.,Inflatable air mattress for convenient sleeping.,Books,L.S. Starrett Company (The),49.99,487,878,2026-08-25,
3d4a050d-d127-4748-bb57-6cdb6bcda787,error: Access denied to method rand.,Individually packaged bars made with dried fruits and nuts.,Unknown,Vanguard Intermediate -Term Government Bond ETF,1.99,10,879,2025-09-22,
9cdec7b0-4e61-41a5-9a10-068b4cfd18b0,error: Access denied to method rand.,Water-resistant blanket for picnics and outdoor events.,clothing,"Global Water Resources, Inc.",34.99,414,880,2025-08-19,
20001abb-bacb-42e1-9f53-70bc0492db3a,error: Access denied to method rand.,Crispy and crunchy snack made from assorted vegetables.,BOOKS,BlueStar TA-BIGITech Israel Technology ETF,3.99,,881,2026-04-19,
3789c14d-0c5c-4b7f-a045-d9ad0bfd2ca8,error: Access denied to method rand.,"Refreshing dressing made with avocado and lime, perfect for salads.",HOME,"IF Bancorp, Inc.",4.29,178,882,2026-09-12,
3937ffe7-31f1-4c82-932a-270b1fce8f5d,error: Access denied to method rand.,A classic white button-up shirt for a polished appearance.,Eletrônicos,KB Home,44.99,382,883,2026-11-30,
bc414cd2-694f-4017-b165-531151b8c59f,error: Access denied to method rand.,"A sweet and tart jam, perfect on toast or in desserts.",Clothing,Xenon Pharmaceuticals Inc.,4.29,316,884,2026-09-09,
b34e9314-4736-4cd3-8c27-6cf2f8841954,error: Access denied to method rand.,Illuminated vanity mirror with adjustable brightness settings.,Eletrônicos,Nuveen NASDAQ 100 Dynamic Overwrite Fund,39.99,262,885,2025-10-13,
c931e2ef-53c5-47c9-87fa-12769303092d,error: Access denied to method rand.,A bright and zesty dressing perfect for salads and tacos.,Eletronics,AGCO Corporation,3.29,218,886,2026-09-17,
232f72c0-98aa-466a-943d-1a25ca6f98b0,error: Access denied to method rand.,Delicious clusters of peanuts and chocolate for a sweet treat.,N/A,"BCE, Inc.",2.99,338,887,2025-10-05,
a8d96d35-4208-4651-b781-96984dabf312,error: Access denied to method rand.,"Pasta tossed with fresh basil pesto, simple and delicious.",Eletronics,Generac Holdlings Inc.,6.49,160,888,2026-06-01,
148174c3-182a-45f4-80fd-575479d6826e,error: Access denied to method rand.,Ready-to-eat chicken bowl with teriyaki sauce and rice.,Eletrônicos,Global Eagle Entertainment Inc.,6.49,221,889,2026-07-20,
6d62624b-a0f0-40ab-ad38-909f5a8154d3,error: Access denied to method rand.,Sharp tailored blazer perfect for office wear and professional events.,Books,"Dime Community Bancshares, Inc.",99.99,,890,2026-09-19,
9c3b457a-e5a3-4173-a637-a638e36686ce,error: Access denied to method rand.,Safety collar with flashing lights for pets during night walks.,Books,"Micronet Enertec Technologies, Inc.",14.99,461,891,2025-06-09,
d5b91b12-7bc6-40dd-ac63-ad8f7a2d1189,error: Access denied to method rand.,A comfortable sweatshirt featuring a bold graphic print.,Books,"ADTRAN, Inc.",34.99,,892,2026-10-17,
b9251ea0-2527-4068-9103-b4b1d2283746,error: Access denied to method rand.,String lights for decorating holiday trees.,N/A,TravelCenters of America LLC,34.99,140,893,2025-06-06,
f230d1f9-d745-4373-9e58-63b475f78d1d,error: Access denied to method rand.,"Tender jackfruit cooked in BBQ sauce, a delicious plant-based alternative.",Eletronics,"National Security Group, Inc.",4.29,47,894,2026-03-17,
9b128bf1-5047-42ba-8f2d-28ce2ae18655,error: Access denied to method rand.,Stainless steel measuring spoons set for cooking.,Home,Western Alliance Bancorporation,12.99,,895,2026-12-14,
245fe6b0-7ed9-4971-a2b8-7bac9876d78d,error: Access denied to method rand.,"Healthy, crunchy kale chips, a nutritious snack.",HOME,"RadNet, Inc.",3.99,,896,2026-06-30,
4fcccf6e-7d16-4085-9823-3d1fe5eb3f14,error: Access denied to method rand.,"Creamy mashed sweet potatoes, ready to heat and serve.",Eletrônicos,Nuveen Tax-Advantaged Total Return Strategy Fund,3.99,345,897,2025-11-26,
35e912e5-bcb8-45c3-b1a8-7020564fa0eb,error: Access denied to method rand.,A light and breezy top ideal for warm days.,clothing,Solar Senior Capital Ltd.,34.99,93,898,2026-05-07,
3ee6ec86-10c3-43e5-b331-22579b4cc691,error: Access denied to method rand.,A flavorful blend of rice with tropical pineapple and coconut flavors.,electronics,Brookfield Renewable Partners L.P.,3.99,393,899,2026-07-22,
4fc132bc-f44c-45f2-9f69-c6829f3c29d0,error: Access denied to method rand.,Durable cable for connecting devices with high-definition video.,N/A,"AMERIPRISE FINANCIAL SERVICES, INC.",12.99,118,900,2025-11-18,
3743e519-1db3-40e6-9ed4-3d0a77d909ff,error: Access denied to method rand.,Extra layer of comfort for your mattress.,Books,"DelMar Pharmaceuticals, Inc.",69.99,,901,2026-05-22,2025-04-15
dcd9d9a5-2ecb-4f14-bb1d-f78ebe2947d2,error: Access denied to method rand.,Tangy and crunchy dill pickles.,N/A,Ashford Hospitality Trust Inc,2.49,130,902,2025-05-09,
6afcf166-ef32-4fcb-b672-e60e1d484b4a,error: Access denied to method rand.,Cute dispenser for bathrooms or kitchens featuring paw prints.,Books,Apollo Investment Corporation,16.99,455,903,2026-01-15,
8578a585-9f30-4236-bf45-eeda18932c84,error: Access denied to method rand.,Organize coffee capsules with this stylish dispenser.,Clothing,Cambrex Corporation,24.99,410,904,2025-09-27,
d63f471f-1a3d-4a9f-9b08-b00e8847fdf0,error: Access denied to method rand.,Stream music from your device to any speaker wirelessly.,Unknown,The Goodyear Tire & Rubber Company,19.99,441,905,2026-04-15,
d6753ddb-127b-4b43-9037-59b6c84fc524,error: Access denied to method rand.,"Fluffy couscous seasoned with a blend of herbs, perfect as a side dish.",Unknown,Harmony Gold Mining Company Limited,2.49,,906,2025-12-11,
c98f4eec-7cb7-47bb-825d-711cbfe4b759,error: Access denied to method rand.,Personalized nameplate for offices or homes.,HOME,"Greene County Bancorp, Inc.",19.99,475,907,2026-11-18,
b992e8b9-628b-4274-9d50-04e3bf274b13,error: Access denied to method rand.,Unsweetened frozen acai purée for smoothies and bowls.,Unknown,"Citizens Community Bancorp, Inc.",6.99,89,908,2025-02-20,
b6984105-1d4f-4828-970e-37d25d84ec9c,error: Access denied to method rand.,"Hearty beef stew with vegetables, ready to heat and serve.",ELETRONICS,"KemPharm, Inc.",7.99,20,909,2026-08-11,
5983b804-1838-4a7b-b9ca-643d0472ce5a,error: Access denied to method rand.,Water bottle that tracks your hydration levels.,Clothing,Royal Caribbean Cruises Ltd.,39.99,,910,2026-08-27,
b2da655e-e602-4102-aab7-e97a6b080df8,error: Access denied to method rand.,Cozy oversized sweater perfect for chilly days with a textured knit design.,electronics,VictoryShares US EQ Income Enhanced Volatility Wtd ETF,59.99,353,911,2026-08-17,
4becc137-8bc4-4491-b684-26410c55afb6,error: Access denied to method rand.,Creamy yogurt made with maple and almond flavors.,HOME,"ClubCorp Holdings, Inc.",1.89,371,912,2025-12-08,
31fe82bc-5af1-4a9e-99ba-e0a5cf02d68d,error: Access denied to method rand.,Eco-friendly sealer for protecting concrete surfaces.,HOME,"Provident Financial Holdings, Inc.",39.99,435,913,2026-01-14,2025-07-15
2fb3587c-43af-4c12-a25b-b47aff8622a0,error: Access denied to method rand.,Roasted chickpeas seasoned for a crunchy snack.,HOME,Ovid Therapeutics Inc.,2.99,-5,914,2026-12-12,
5fbd9af5-af36-4e9d-965f-faa00b3ba2a5,error: Access denied to method rand.,Set of reusable baking cups for muffins and cupcakes.,Unknown,"L3 Technologies, Inc.",10.99,,915,2025-02-01,
8521d608-c50a-4a5a-abcb-f0a20f151d76,error: Access denied to method rand.,Easy-to-make pancake mix with chocolate chips included.,Unknown,Hailiang Education Group Inc.,3.99,241,916,2025-10-09,
9f3b0c32-b651-4038-b017-84149cba491e,error: Access denied to method rand.,A blend of peach and mango for a tropical smoothie.,,OFS Capital Corporation,5.99,270,917,2025-04-24,
e64221f2-95f1-4722-864f-56aab9fea107,error: Access denied to method rand.,A comforting soup filled with chicken and noodles in broth.,books,"Reis, Inc",3.49,,918,2026-07-22,
e387f2cc-6cc7-4eb2-9ccb-5f377299ec2f,error: Access denied to method rand.,Indoor Wi-Fi camera for home security.,N/A,Ryerson Holding Corporation,89.99,357,919,2026-01-08,
50a8250c-9b5d-44cb-a808-3e71bba855b3,error: Access denied to method rand.,Complete set for mixing cocktails at home.,HOME,Putnam High Income Bond Fund,39.99,403,920,2025-11-26,
e10b615f-cf9c-4c3f-a827-e31f4477531a,error: Access denied to method rand.,Comfortable and adjustable harness for dogs.,ELETRONICS,"Popular, Inc.",24.99,296,921,2026-02-07,
2e1a8f79-f72b-4782-9fa5-3ca1afb01a1c,error: Access denied to method rand.,Portable mixer bottle for smoothies and protein shakes.,,"Kayne Anderson Energy Total Return Fund, Inc.",12.99,163,922,2026-05-29,
268a50b2-aa35-47dc-9657-dabd9b3e3d4e,error: Access denied to method rand.,"The perfect seafood snack, ready to eat and delicious.",Eletrônicos,Brookfield Global Listed Infrastructure Income Fund,6.49,158,923,2025-06-20,
f422e9e5-8106-4888-88d8-c37aa79263bf,error: Access denied to method rand.,Just add water for delicious brownies.,Eletrônicos,"Sage Therapeutics, Inc.",2.99,,924,2026-02-04,
730e47fc-4e0a-4412-b89d-ad4fbf34e9b9,error: Access denied to method rand.,"Ready-to-eat chia seed pudding made with coconut milk, perfect for breakfast or dessert.",,"Select Energy Services, Inc.",2.99,153,925,2025-04-25,
f4bf164b-696a-451d-808f-54d45b79d5e5,error: Access denied to method rand.,Reusable microfiber cloths for environmentally friendly cleaning.,,Viacom Inc.,12.99,,926,2026-05-22,
6d5275ae-4575-4acf-aacc-7eed3d76b995,error: Access denied to method rand.,"Chic suede ankle booties, perfect for dressing up or down.",,"Provident Bancorp, Inc.",79.99,-5,927,2025-10-01,
03b0d4b9-da5e-4c5f-bec8-116eec05d128,error: Access denied to method rand.,Variety of bands suitable for all fitness levels.,,Hilltop Holdings Inc.,34.99,,928,2025-04-01,
bb5c0d21-7164-40e7-873b-0bc0869dc561,error: Access denied to method rand.,Automatic waterer that filters and provides fresh drinking water for pets.,,Atento S.A.,39.99,262,929,2026-12-17,
91b2e5a9-ae6c-4eb8-af60-fbd069feb89e,error: Access denied to method rand.,Instant hot water dispenser for tea and cooking.,BOOKS,Cytosorbents Corporation,59.99,77,930,2025-04-24,
b98f38c2-2cd5-45f1-bda5-8ee453025b3c,error: Access denied to method rand.,Frozen smoothie blend with berries for a quick and healthy breakfast.,Eletrônicos,"Gabelli Convertible and Income Securities Fund, Inc. (The)",3.99,162,931,2025-05-08,
3dacdfda-dbf0-48ba-bddf-b4157bfb4693,error: Access denied to method rand.,A fragrant blend of Italian herbs for pasta sauces and marinades.,ELETRONICS,Ally Financial Inc.,1.99,-5,932,2025-08-20,
77a08f26-9213-4932-b067-0141d9fff324,error: Access denied to method rand.,"Sweet dried raisins, perfect for snacks or baking.",clothing,Psychemedics Corporation,3.19,372,933,2025-10-07,
77bba870-ffd6-432b-aa84-b1c972c4a5f0,error: Access denied to method rand.,Beautiful wall calendar for organizing your schedule.,,Anadarko Petroleum Corporation,17.99,,934,2026-09-01,
e81303fc-d2be-487e-8876-c6bc3d74433f,error: Access denied to method rand.,Durable boots designed for outdoor hiking and activities.,Eletrônicos,"Equus Total Return, Inc.",89.99,-5,935,2025-11-24,
4b19d916-259c-44c9-aead-22eeba35f51e,error: Access denied to method rand.,Compact waffle maker for perfect small waffles.,Electronics,Mountain Province Diamonds Inc.,24.99,258,936,2026-12-12,
2f583eaa-8493-4f4c-a3a4-686f1f05ee2d,error: Access denied to method rand.,Essential attachments for pressure washing.,electronics,"DHT Holdings, Inc.",39.99,175,937,2025-04-25,
c866acb3-deaa-4cb0-8761-f6e6ab382b52,error: Access denied to method rand.,Non-stick surface for easy cooking and cleaning.,Books,Ashford Hospitality Trust Inc,59.99,86,938,2025-12-05,
73234840-8979-4008-a67c-99040aa573b8,error: Access denied to method rand.,Insulated water bottle for keeping drinks cold.,Electronics,"Grand Canyon Education, Inc.",18.99,,939,2025-12-13,
264fabc0-f121-46ad-a1b4-54e5f458d1e3,error: Access denied to method rand.,"Frozen falafel balls made from chickpeas and herbs, perfect for quick meals or salads.",books,Eaton Vance Short Diversified Income Fund,5.99,489,940,2026-02-28,
8f7a4e53-df97-4e5f-bca9-70b7fde5440d,error: Access denied to method rand.,Ear protection for shooting and industrial use.,ELETRONICS,Bank of South Carolina Corp.,24.99,133,941,2026-10-14,
dfce4505-fd73-4ffc-a016-810967e0c172,error: Access denied to method rand.,Elegant chiffon blouse perfect for work or outings.,electronics,"Lithia Motors, Inc.",39.99,109,942,2025-04-07,
0972219b-3b95-49dd-8140-7297bc04e970,error: Access denied to method rand.,DIY projector that magnifies your smartphone screen for movie nights.,Unknown,ResMed Inc.,29.99,397,943,2026-06-18,
ed5eb640-6398-4aff-90b9-5edfbce9cda6,error: Access denied to method rand.,"Authentic Italian pasta, perfect for a classic meal.",Clothing,Central Federal Corporation,2.29,235,944,2026-07-08,
43b13ccb-e23d-4746-9856-db47788ddef1,error: Access denied to method rand.,Stylish and modern holder for storing wine bottles on walls.,BOOKS,Finisar Corporation,39.99,351,945,2026-07-23,
0c0293c7-e9de-40a7-9698-399cdeb84b55,error: Access denied to method rand.,Burr coffee grinder for fresh ground coffee.,Eletrônicos,Mack-Cali Realty Corporation,39.99,287,946,2025-08-09,
24e560b1-9aac-466c-9296-a7f09c123b6d,error: Access denied to method rand.,Soft buns perfect for stuffing with your favorite hot dogs.,N/A,Abraxas Petroleum Corporation,2.49,,947,2025-05-01,
bf5b6e84-f06d-4a25-8ad1-e80e4dcca1b1,error: Access denied to method rand.,"Raw brown sugar, perfect for baking or sweetening drinks.",Books,Voya Prime Rate Trust,1.79,,948,2025-11-02,
9f4d5145-b0f2-4811-8457-4eb74a799462,error: Access denied to method rand.,High-quality whole wheat flour for baking and cooking.,books,"Advanced Energy Industries, Inc.",2.99,,949,2026-04-15,2025-08-24
0e9771fd-d337-4dd0-b9f4-f4fa102d51a6,error: Access denied to method rand.,Portable car vacuum cleaner with strong suction.,,Columbia Sportswear Company,49.99,,950,2025-08-28,
22cc00d5-96c7-40e4-bc98-3947e6b8b09c,error: Access denied to method rand.,Rich chocolate protein powder for smoothies and baking.,,"SharpSpring, Inc.",24.99,374,951,2026-12-11,
fa6b0037-855d-467e-b7ff-52013c024d22,error: Access denied to method rand.,Unique handcrafted utensils for cooking and serving.,Home,Torchmark Corporation,24.99,,952,2025-03-06,
9a0621b3-2cae-42b6-801d-094388584f1a,error: Access denied to method rand.,Bottle with infuser for brewing loose-leaf tea on the go.,Eletrônicos,Huntington Bancshares Incorporated,19.99,450,953,2026-02-17,
fbc50238-1a6a-484e-ac16-fa301b687c32,error: Access denied to method rand.,Adjustable lamp with multiple brightness levels and colors.,ELETRONICS,"Recro Pharma, Inc.",39.99,378,954,2026-09-01,
5b6a3532-82c4-41e2-b2f6-8d95106787c1,error: Access denied to method rand.,Compact charcoal grill perfect for tailgating.,Books,Nuveen AMT-Free Municipal Value Fund,89.99,64,955,2026-07-04,
f875fb22-0434-4650-83c7-18d312d51338,error: Access denied to method rand.,Rechargeable LED camping lantern for outdoor use.,Unknown,Balchem Corporation,34.99,,956,2026-07-03,
f67526d3-ac98-4b87-ad73-6f8c0888612e,error: Access denied to method rand.,A nutritious salad with quinoa and black beans,Home,"Global Blood Therapeutics, Inc.",7.49,-5,957,2026-06-05,
752658b6-d5fc-4ed8-b4b7-9796364a2ad0,error: Access denied to method rand.,Stackable steamers for healthy cooking of vegetables and seafood.,N/A,WisdomTree Emerging Markets Corporate Bond Fund,39.99,109,958,2025-04-07,
4c341717-8e9b-4396-b08c-558a10a69944,error: Access denied to method rand.,Sleek wireless charging pad for smartphones.,clothing,"Maiden Holdings, Ltd.",19.99,144,959,2026-11-22,
e2f6184a-fbb9-41e0-a829-6b55a4494d8c,error: Access denied to method rand.,Durable backpack designed for hiking and outdoor excursions.,,"American Assets Trust, Inc.",49.99,466,960,2026-08-30,
489466e8-2402-4aa9-8f2c-1781be452c30,error: Access denied to method rand.,Fresh sushi rolls filled with a variety of vegetables.,Home,Tri Continental Corporation,5.99,146,961,2025-03-24,2026-03-21
e5785db9-73d2-47a8-91ed-ee78f83468d7,error: Access denied to method rand.,Nutritious bars packed with protein for energy,Eletronics,Invesco Pennsylvania Value Municipal Income Trust,2.29,108,962,2025-10-22,
70533f47-91e5-4c2f-ad30-15b991a6491a,error: Access denied to method rand.,Heavy-duty grill pan for indoor grilling.,Clothing,"CBRE Group, Inc.",39.99,,963,2025-05-02,
c33614bc-4251-4976-bd98-b3a209f55e96,error: Access denied to method rand.,Classic chicken noodle soup with tender chicken and vegetables.,Eletronics,Corporate Office Properties Trust,2.99,,964,2026-10-13,
c2c004c9-bb17-49c4-93d2-86a5e4ac476f,error: Access denied to method rand.,Stylish bar stools with adjustable height and swivel features.,,Cimarex Energy Co,149.99,352,965,2026-06-28,
48230361-3160-41e7-bd2c-e166ff9ec639,error: Access denied to method rand.,"A mix of strawberries, blueberries, and raspberries, great for smoothies or desserts.",electronics,Portland General Electric Company,5.49,199,966,2025-07-06,
ac9a846f-4c8c-45bd-95c1-07e737a6ab09,error: Access denied to method rand.,"A rich marinade perfect for meats and vegetables, infused with Italian herbs and balsamic vinegar.",HOME,L.B. Foster Company,3.99,173,967,2025-06-14,
16f135d8-4686-4182-bb02-10fe225f093d,error: Access denied to method rand.,Complete set to brew coffee with different methods.,HOME,Cadence Bancorporation,44.99,56,968,2026-02-20,
af743ff0-eb7b-4eaa-983f-528d99eb9a53,error: Access denied to method rand.,"Assorted herbal teas, perfect for a warm and relaxing drink.",electronics,"Expeditors International of Washington, Inc.",4.99,346,969,2025-08-21,
8d0d58e4-5ffc-426a-add0-719de94a878c,error: Access denied to method rand.,"A sweet and spicy sauce, great for dipping or cooking.",N/A,Anworth Mortgage Asset  Corporation,2.99,,970,2025-08-09,
1ecb0748-771a-4dcf-b624-75ca2842b5a0,error: Access denied to method rand.,Energy-efficient lights that charge during the day and illuminate at night.,Electronics,ClearBridge Energy MLP Total Return Fund Inc.,39.99,12,971,2026-05-17,
d13c8c70-16ac-4f20-8d52-b1f03eb5fa08,error: Access denied to method rand.,Fresh eggs from free-range chickens.,ELETRONICS,Accenture plc,3.99,258,972,2025-07-07,
2c8ada99-2f2e-4071-a78a-8f8a4972025e,error: Access denied to method rand.,Classic chino shorts in a versatile color for summer adventures.,Eletronics,"Liberty Expedia Holdings, Inc.",34.99,382,973,2025-08-30,
18520621-2425-4165-b0b2-a5edd053f626,error: Access denied to method rand.,Digital scale for precise cooking measurements.,clothing,MFS Special Value Trust,19.99,469,974,2025-05-05,
14defd80-5fb6-4e11-9cd1-1a264345a70c,error: Access denied to method rand.,Plant-based protein powder for post-workout recovery.,Eletronics,SAP SE,34.99,,975,2026-02-23,2025-12-13
c8e80a47-0881-433a-a82f-b6cc13292099,error: Access denied to method rand.,"A frozen cheesy bake made with cauliflower, great as a side dish or a vegetarian meal.",books,LCI Industries ,5.49,,976,2026-09-28,
f5dcd508-1af2-4c48-8213-20490102fe6b,error: Access denied to method rand.,"Soft and delicious garlic-infused flatbread, perfect for dipping.",,BRT Apartments Corp.,3.99,59,977,2025-11-28,
2856c7d7-bb40-403a-b978-7369e44486fb,error: Access denied to method rand.,Flour tortilla filled with cheese and a medley of vegetables.,Unknown,"Evolent Health, Inc",6.99,263,978,2026-07-09,
47c42b6c-07fc-4515-b655-8727aa4855f8,error: Access denied to method rand.,Heavy-duty scissors for crafting and office use.,Home,Range Resources Corporation,8.99,232,979,2026-07-31,
18d80e04-3532-4ff1-9a12-f5d1fb07133f,error: Access denied to method rand.,A sweet and spicy sauce ideal for spring rolls or chicken nuggets.,ELETRONICS,International Speedway Corporation,2.99,,980,2026-01-10,
c336f063-21d1-4892-bab1-bd0a152b6443,error: Access denied to method rand.,A spice blend for making flavorful chili con carne.,clothing,"Golden Entertainment, Inc.",2.99,,981,2026-12-20,
61e5a51b-5dc8-4fcf-994f-2d96318f708e,error: Access denied to method rand.,"Skillet that can fry, grill, and sauté with ease.",Clothing,TransUnion,59.99,,982,2026-11-28,
475d4960-c484-4d16-b40a-0ede17467239,error: Access denied to method rand.,"Crunchy and sweet banana chips, a great on-the-go snack.",Books,U.S. Bancorp,1.99,152,983,2025-10-31,
d54e7a0a-0d2e-4e7c-b685-8606c58e2886,error: Access denied to method rand.,"A selection of different flavored hummus, great for snacking.",books,Performance Food Group Company,5.99,,984,2025-09-14,
8d43d624-0081-4cec-8572-299cbdc9da9d,error: Access denied to method rand.,"Canned diced tomatoes, great base for sauces and soups.",Clothing,CHS Inc,1.49,243,985,2026-03-31,
5d1cfd57-b46a-428a-a304-0945d271ec5e,error: Access denied to method rand.,Corn on the cob seasoned with chili and lime for a spicy kick.,Electronics,"AxoGen, Inc.",1.99,,986,2025-05-25,
14e3449b-bc39-423b-821d-3f28a67015f0,error: Access denied to method rand.,"Juicy chicken breast stuffed with spinach and feta cheese, seasoned to perfection.",Books,Gramercy Property Trust,8.99,386,987,2025-03-09,
e623cb4a-cc1c-477a-b6cb-9b2cb314f9df,error: Access denied to method rand.,Natural elderberry syrup to boost immunity.,Electronics,Wright Medical Group N.V.,11.99,34,988,2025-11-04,
bb217df7-9740-4fa2-ae10-83e893fd1c18,error: Access denied to method rand.,A comfortable sweatshirt featuring a bold graphic print.,Electronics,Arbor Realty Trust,34.99,388,989,2026-03-12,
9ca9ff5b-0c98-43ba-8854-56e3822d6cfb,error: Access denied to method rand.,"Fresh salsa made with tomatoes, onions, and cilantro.",HOME,Open Text Corporation,3.79,359,990,2026-01-26,
a2804839-9016-4c9c-b08c-76bd01c393d0,error: Access denied to method rand.,Stainless steel travel mug with spill-proof lid.,books,Nuveen Select Tax Free Income Portfolio III,18.99,228,991,2025-11-04,
bb1027ac-34b5-46b8-bb1b-9749237067c7,error: Access denied to method rand.,Creamy vegan mac and cheese made with cashew cheese.,,"Halyard Health, Inc.",8.99,403,992,2026-07-31,
1abd6706-e083-40c4-abd3-1cf01211ff1e,error: Access denied to method rand.,Secure digital wireless security camera system.,,"Extended Stay America, Inc.",199.99,,993,2025-12-19,2026-09-12
e3892a20-6163-4f21-a9f1-120f6cdfb0f2,error: Access denied to method rand.,Wi-Fi-enabled digital frame for displaying photos.,Home,"Tootsie Roll Industries, Inc.",79.99,26,994,2026-03-28,
bd1f7cd1-160f-4d1b-a008-48c89ac211e0,error: Access denied to method rand.,Programmable pet feeder for scheduled meals.,,Plexus Corp.,69.99,22,995,2025-01-18,
346eb4cf-d0c3-4f89-b055-002aa718a21b,error: Access denied to method rand.,"The perfect seafood snack, ready to eat and delicious.",ELETRONICS,"PFSweb, Inc.",6.49,,996,2025-10-12,
d7795c1e-aec3-4e90-b1c0-637ef0776ade,error: Access denied to method rand.,Spicy blue cheese with a hint of buffalo flavor.,Home,ImmuCell Corporation,8.99,,997,2025-04-30,
bacda0aa-247f-4df2-92c4-839efc5b5f77,error: Access denied to method rand.,"Soft pita bread, perfect for sandwiches or dips.",N/A,"ParkerVision, Inc.",2.99,494,998,2025-06-14,2026-06-21
2288465c-af0b-4094-8e5c-08a72c8548be,error: Access denied to method rand.,Versatile multi-tool with 15 different functions.,ELETRONICS,"CoreCivic, Inc.",39.99,,999,2025-03-23,
ed968bf6-98a8-4d8e-8372-93773c7792fb,error: Access denied to method rand.,Rich and creamy Caesar dressing for salads and wraps.,BOOKS,Las Vegas Sands Corp.,3.49,14,1000,2026-01-09,
